Player,Rk,Season,Pos,Age,Tm,G,GS,MP,FG,FGA,FG%,3P,3PA,3P%,2P,2PA,2P%,eFG%,FT,FTA,FT%,ORB,DRB,TRB,AST,STL,BLK,TOV,PF,PTS,salary
Al Horford,207.0,15-16,C,28.0,ATL,62.333333333333336,62.333333333333336,31.866666666666664,7.166666666666667,13.333333333333334,0.5366666666666666,0.4333333333333334,1.3333333333333333,0.3379999999999999,6.733333333333334,12.0,0.5586666666666668,0.5540000000000002,1.5666666666666667,2.1333333333333333,0.7463333333333333,1.9333333333333333,5.666666666666667,7.633333333333333,3.0,0.8666666666666667,1.4333333333333333,1.6000000000000003,1.8333333333333333,16.333333333333332,27734406.0
Al Jefferson,222.0,15-16,C,30.0,CHO,61.666666666666664,50.666666666666664,29.633333333333336,7.433333333333333,15.0,0.4916666666666667,0.0,0.10000000000000002,0.30000000000000004,7.366666666666667,14.933333333333332,0.49300000000000005,0.4923333333333333,1.9333333333333336,2.9,0.6646666666666666,1.6000000000000003,6.933333333333334,8.533333333333333,1.7666666666666668,0.7333333333333333,1.1,1.1333333333333333,2.3333333333333335,16.8,10000000.0
Al-Farouq Aminu,11.0,15-16,SF,24.0,POR,78.66666666666667,50.0,24.2,2.8333333333333335,6.6000000000000005,0.434,0.7333333333333334,2.1999999999999997,0.302,2.1333333333333333,4.3999999999999995,0.48300000000000004,0.48299999999999993,1.2,1.7333333333333334,0.7043333333333334,1.4333333333333336,4.2,5.633333333333333,1.3,0.9333333333333332,0.6333333333333333,1.1,1.9333333333333333,7.666666666666667,7319035.0
Alec Burks,70.0,15-16,SG,23.0,UTA,45.333333333333336,14.0,29.03333333333333,4.6000000000000005,10.866666666666665,0.42333333333333334,0.8666666666666667,2.2666666666666666,0.379,3.7000000000000006,8.533333333333333,0.43366666666666664,0.46399999999999997,3.6333333333333333,4.7,0.774,0.6666666666666666,3.0,3.6666666666666665,2.566666666666667,0.7000000000000001,0.16666666666666666,1.8,2.3666666666666667,13.733333333333334,10845506.0
Alex Len,262.0,15-16,C,21.0,PHO,63.0,31.0,17.966666666666665,2.2666666666666666,5.0,0.451,0.0,0.03333333333333333,0.23800000000000002,2.2666666666666666,4.966666666666667,0.4526666666666667,0.45166666666666666,1.2666666666666668,1.7666666666666666,0.6916666666666668,1.7666666666666668,3.733333333333334,5.533333333333332,0.6,0.3666666666666667,0.8999999999999999,1.2,2.533333333333333,5.766666666666667,4187599.0
Allen Crabbe,99.0,15-16,SG,22.0,POR,49.0,5.666666666666667,15.366666666666667,1.9333333333333333,4.533333333333334,0.4116666666666666,0.7999999999999999,2.0333333333333337,0.39166666666666666,1.1666666666666667,2.5,0.43566666666666665,0.5020000000000001,0.5333333333333333,0.6666666666666666,0.789,0.16666666666666666,1.3666666666666665,1.5666666666666664,0.7999999999999999,0.4333333333333334,0.19999999999999998,0.43333333333333335,1.5333333333333332,5.266666666666667,18500000.0
Alonzo Gee,152.0,15-16,SF,27.0,NOP,64.0,21.333333333333332,16.8,1.6333333333333335,3.5,0.467,0.2333333333333333,0.7666666666666666,0.3273333333333333,1.4000000000000001,2.733333333333333,0.508,0.5033333333333333,0.7666666666666666,1.0666666666666667,0.691,0.6666666666666666,1.8,2.4666666666666663,0.7333333333333334,0.7000000000000001,0.16666666666666666,0.6999999999999998,1.6333333333333335,4.333333333333333,57672.0
Andre Iguodala,214.0,15-16,SF,31.0,GSW,68.33333333333333,21.333333333333332,28.633333333333336,3.0666666666666664,6.466666666666668,0.4746666666666666,0.9333333333333332,2.6666666666666665,0.3513333333333333,2.1333333333333333,3.8333333333333335,0.5603333333333332,0.5466666666666667,1.0333333333333334,1.6333333333333335,0.6206666666666667,0.7333333333333334,3.266666666666667,4.0,3.5333333333333337,1.2666666666666666,0.3,1.3,1.5,8.033333333333333,14814815.0
Andre Roberson,373.0,15-16,SG,23.0,OKC,59.0,50.333333333333336,17.133333333333333,1.3666666666666665,2.8666666666666667,0.4796666666666667,0.3,1.0333333333333332,0.23733333333333337,1.1333333333333335,1.8333333333333333,0.5946666666666666,0.5216666666666666,0.3333333333333333,0.6,0.5966666666666666,0.9666666666666667,2.3000000000000003,3.266666666666667,0.7000000000000001,0.7000000000000001,0.43333333333333335,0.5666666666666667,1.9666666666666668,3.3666666666666667,9259260.0
Andrew Nicholson,327.0,15-16,PF,25.0,ORL,57.333333333333336,2.6666666666666665,14.133333333333333,2.3666666666666667,5.266666666666667,0.4456666666666667,0.4666666666666666,1.4000000000000001,0.33066666666666666,1.9000000000000001,3.866666666666667,0.48833333333333334,0.49,0.6333333333333333,0.8666666666666666,0.7366666666666667,0.5666666666666667,2.433333333333333,3.033333333333333,0.43333333333333335,0.20000000000000004,0.3333333333333333,0.6666666666666666,1.5,5.833333333333333,6362998.0
Anthony Bennett,45.0,15-16,PF,21.0,TOR,42.666666666666664,1.0,10.966666666666669,1.3666666666666665,3.633333333333333,0.35766666666666674,0.20000000000000004,0.7000000000000001,0.25433333333333336,1.2333333333333334,2.9333333333333336,0.40199999999999997,0.38966666666666666,0.6666666666666666,0.9666666666666668,0.7263333333333333,0.7000000000000001,1.9333333333333333,2.6666666666666665,0.3666666666666667,0.4000000000000001,0.16666666666666666,0.5666666666666668,1.2333333333333334,3.6333333333333333,1015696.0
Anthony Davis,107.0,15-16,C,21.0,NOP,65.33333333333333,65.0,35.6,8.8,17.066666666666666,0.5156666666666667,0.19999999999999998,0.7000000000000001,0.20966666666666667,8.6,16.433333333333334,0.5243333333333334,0.5213333333333333,5.333333333333333,6.8,0.7846666666666667,2.5666666666666664,7.6000000000000005,10.166666666666666,1.8999999999999997,1.3666666666666665,2.566666666666667,1.6666666666666667,2.5,23.166666666666668,23775506.0
Anthony Tolliver,428.0,15-16,PF,29.0,DET,70.66666666666667,8.333333333333334,19.233333333333334,1.9666666666666668,4.866666666666667,0.4053333333333333,1.4666666666666668,3.8333333333333335,0.37966666666666665,0.5,1.0333333333333334,0.49466666666666664,0.5546666666666665,0.5333333333333333,0.7333333333333334,0.735,0.5666666666666667,2.3666666666666667,2.966666666666667,0.7333333333333334,0.3333333333333333,0.20000000000000004,0.5,1.4333333333333333,5.8999999999999995,3290000.0
Archie Goodwin,158.0,15-16,PG,20.0,PHO,50.0,5.0,14.266666666666666,2.1666666666666665,5.166666666666667,0.4216666666666667,0.26666666666666666,1.1333333333333335,0.22133333333333335,1.9000000000000004,4.033333333333333,0.47833333333333333,0.44566666666666666,1.5,2.1666666666666665,0.694,0.5666666666666667,1.4333333333333333,2.0,1.2,0.43333333333333335,0.20000000000000004,1.2666666666666666,1.2333333333333332,6.066666666666666,1577230.0
Austin Rivers,372.0,15-16,SG,22.0,LAC,70.66666666666667,5.333333333333333,20.633333333333333,2.9666666666666663,7.033333333333334,0.41733333333333333,0.6333333333333333,1.9666666666666668,0.3323333333333333,2.3,5.033333333333333,0.4533333333333333,0.4633333333333334,1.3,1.9666666666666668,0.664,0.3666666666666667,1.5666666666666667,1.9333333333333333,1.9333333333333333,0.6666666666666666,0.13333333333333333,0.9666666666666668,1.9333333333333333,7.866666666666667,12650000.0
Avery Bradley,59.0,15-16,SG,24.0,BOS,71.0,69.0,31.933333333333337,5.866666666666667,13.433333333333332,0.438,1.5999999999999999,4.433333333333334,0.36933333333333335,4.266666666666667,9.033333333333333,0.47533333333333333,0.49833333333333335,1.2666666666666666,1.6000000000000003,0.7913333333333333,0.6666666666666666,2.6,3.266666666666667,1.7666666666666668,1.2333333333333334,0.2333333333333333,1.4666666666666668,2.3000000000000003,14.666666666666666,8808989.0
Ben McLemore,294.0,15-16,SG,21.0,SAC,77.33333333333333,63.333333333333336,26.833333333333332,3.466666666666667,8.366666666666667,0.414,1.3,3.6999999999999997,0.3466666666666667,2.1999999999999997,4.7,0.4666666666666666,0.4896666666666667,1.3666666666666665,1.7333333333333334,0.7783333333333333,0.5,2.1666666666666665,2.6666666666666665,1.3,0.7333333333333334,0.16666666666666666,1.4666666666666668,2.4333333333333336,9.566666666666666,5200000.0
Bismack Biyombo,47.0,15-16,C,22.0,TOR,74.33333333333333,17.333333333333332,18.433333333333334,1.5333333333333332,2.766666666666667,0.5653333333333334,0.0,0.0,0.0,1.5333333333333332,2.766666666666667,0.566,0.5653333333333334,1.3,2.2333333333333334,0.576,2.033333333333333,4.366666666666666,6.3999999999999995,0.26666666666666666,0.19999999999999998,1.4000000000000001,0.7333333333333334,2.1666666666666665,4.4,17000000.0
Blake Griffin,171.0,15-16,PF,25.0,LAC,60.666666666666664,60.666666666666664,34.8,8.733333333333333,17.099999999999998,0.5096666666666666,0.16666666666666666,0.5,0.3353333333333334,8.533333333333333,16.599999999999998,0.515,0.5143333333333333,4.866666666666666,6.766666666666667,0.7233333333333333,1.9333333333333333,6.566666666666667,8.5,4.7,0.9666666666666668,0.5333333333333333,2.4999999999999996,2.9666666666666663,22.46666666666667,32088932.0
Boris Diaw,116.0,15-16,PF,32.0,SAS,78.66666666666667,14.333333333333334,22.566666666666666,3.366666666666667,6.7,0.5026666666666667,0.5333333333333333,1.4666666666666668,0.36133333333333334,2.8333333333333335,5.233333333333333,0.5416666666666666,0.5406666666666667,0.8333333333333334,1.0999999999999999,0.75,0.9,2.9333333333333336,3.8333333333333335,2.6666666666666665,0.4333333333333333,0.3333333333333333,1.4666666666666668,1.6333333333333335,8.066666666666666,7500000.0
Bradley Beal,42.0,15-16,SG,21.0,WAS,63.666666666666664,55.666666666666664,33.06666666666667,6.3,14.566666666666668,0.4316666666666667,1.8333333333333333,4.566666666666666,0.3993333333333333,4.466666666666666,10.0,0.447,0.49433333333333335,2.1999999999999997,2.8000000000000003,0.7793333333333332,0.7666666666666666,2.8666666666666667,3.633333333333333,3.1,1.0666666666666667,0.2333333333333333,1.9333333333333333,2.1333333333333333,16.6,25434263.0
Brandan Wright,468.0,15-16,PF,27.0,MEM,48.333333333333336,3.0,18.533333333333335,3.3000000000000003,4.933333333333334,0.664,0.0,0.0,0.0,3.3000000000000003,4.933333333333334,0.6656666666666666,0.664,1.1333333333333335,1.7666666666666666,0.6546666666666666,1.5666666666666667,2.466666666666667,4.033333333333334,0.5,0.5666666666666668,1.1666666666666667,0.6333333333333333,1.6000000000000003,7.766666666666666,490461.0
Brandon Jennings,226.0,15-16,PG,25.0,TOT,56.333333333333336,42.333333333333336,26.933333333333337,4.3,11.233333333333334,0.38066666666666665,1.6333333333333335,4.666666666666667,0.342,2.733333333333333,6.566666666666666,0.41133333333333333,0.4546666666666667,2.3666666666666667,3.033333333333333,0.7736666666666666,0.5,2.0,2.533333333333333,5.8999999999999995,1.0,0.10000000000000002,2.0333333333333337,1.5999999999999999,12.6,2222803.0
Brandon Knight,251.0,15-16,SG,23.0,PHO,62.333333333333336,60.0,33.86666666666667,6.5,15.5,0.41966666666666663,1.9333333333333333,5.533333333333332,0.35200000000000004,4.566666666666667,10.0,0.456,0.48266666666666663,3.233333333333333,3.8333333333333335,0.8426666666666667,0.5666666666666668,3.1666666666666665,3.766666666666667,5.066666666666667,1.2,0.26666666666666666,3.0,2.066666666666667,18.166666666666668,13618750.0
Brook Lopez,270.0,15-16,C,26.0,BRK,54.0,44.666666666666664,31.433333333333337,7.566666666666666,14.333333333333334,0.529,0.0,0.13333333333333333,0.081,7.566666666666666,14.233333333333333,0.5326666666666667,0.5293333333333333,4.3,5.366666666666667,0.806,2.6999999999999997,4.433333333333334,7.066666666666666,1.2,0.6333333333333333,1.7666666666666666,1.8,2.966666666666667,19.5,22642650.0
C.J. Watson,448.0,15-16,PG,30.0,ORL,51.0,9.333333333333334,21.23333333333333,2.3,5.6000000000000005,0.40466666666666673,0.8000000000000002,2.3,0.35266666666666663,1.4666666666666668,3.3000000000000003,0.4406666666666667,0.476,1.5,1.8333333333333333,0.8273333333333334,0.3,1.8333333333333333,2.1666666666666665,2.6666666666666665,0.8666666666666667,0.16666666666666666,1.2,1.4666666666666668,6.966666666666666,5000000.0
CJ McCollum,287.0,15-16,SG,23.0,POR,60.0,27.666666666666668,21.0,4.166666666666667,9.499999999999998,0.43333333333333335,1.4000000000000001,3.4000000000000004,0.39599999999999996,2.8333333333333335,6.066666666666666,0.45733333333333337,0.5093333333333333,1.2333333333333332,1.6333333333333335,0.734,0.3333333333333333,1.6666666666666667,2.0,2.0,0.7666666666666666,0.16666666666666666,1.4000000000000001,1.6666666666666667,10.966666666666667,23962573.0
Carl Landry,255.0,15-16,PF,31.0,PHI,41.333333333333336,9.333333333333334,15.233333333333333,2.766666666666666,5.166666666666667,0.5293333333333333,0.06666666666666667,0.13333333333333333,0.462,2.6999999999999997,5.066666666666666,0.531,0.5333333333333333,1.5,1.8333333333333333,0.7933333333333333,1.2,2.4666666666666663,3.6999999999999997,0.5333333333333333,0.2333333333333333,0.19999999999999998,0.6333333333333333,1.8999999999999997,7.066666666666666,6500000.0
Carmelo Anthony,21.0,15-16,SF,30.0,NYK,63.0,63.0,36.50000000000001,8.833333333333334,19.900000000000002,0.44333333333333336,1.7333333333333334,4.733333333333333,0.3606666666666667,7.1000000000000005,15.133333333333333,0.46866666666666673,0.48633333333333334,5.1000000000000005,6.166666666666667,0.8246666666666668,1.7,5.8,7.466666666666666,3.466666666666667,1.0333333333333332,0.5333333333333333,2.4,2.533333333333333,24.46666666666667,26243760.0
Caron Butler,71.0,15-16,SF,34.0,SAC,50.333333333333336,11.666666666666666,18.833333333333332,2.466666666666667,6.066666666666666,0.4083333333333334,1.0333333333333334,2.766666666666667,0.31333333333333335,1.4666666666666668,3.2999999999999994,0.45766666666666667,0.48166666666666663,0.7999999999999999,0.9333333333333332,0.8583333333333333,0.3333333333333333,2.3000000000000003,2.6333333333333333,1.0333333333333334,0.6333333333333334,0.16666666666666666,0.6333333333333334,1.5666666666666667,6.7,1551659.0
Chandler Parsons,345.0,15-16,SF,26.0,DAL,67.0,63.666666666666664,33.4,5.766666666666667,12.199999999999998,0.4753333333333334,1.8333333333333333,4.699999999999999,0.38800000000000007,3.9333333333333336,7.5,0.5296666666666666,0.5503333333333332,1.9333333333333336,2.6999999999999997,0.7153333333333333,0.7999999999999999,4.233333333333333,5.033333333333334,3.0666666666666664,1.0,0.3333333333333333,1.6666666666666667,2.1,15.333333333333334,23112004.0
Channing Frye,145.0,15-16,PF-C,31.0,TOT,75.66666666666667,55.0,23.400000000000002,2.9333333333333336,7.0,0.42066666666666674,1.7,4.433333333333334,0.3833333333333333,1.2333333333333334,2.566666666666667,0.48133333333333334,0.5453333333333333,0.6,0.7333333333333334,0.8546666666666667,0.6,3.5,4.1,1.1666666666666667,0.5666666666666667,0.5666666666666668,0.9,2.433333333333333,8.166666666666666,7420912.0
Chris Johnson,229.0,15-16,SF,24.0,UTA,46.333333333333336,1.3333333333333333,16.666666666666668,1.7333333333333334,4.5,0.39033333333333337,0.8333333333333334,2.6333333333333333,0.30233333333333334,0.9666666666666667,1.8666666666666665,0.511,0.4776666666666667,0.6333333333333333,0.7666666666666666,0.8483333333333333,0.5,1.5999999999999999,2.0666666666666664,0.6333333333333334,0.6999999999999998,0.19999999999999998,0.5666666666666668,1.5,4.966666666666666,1050961.0
Chris Paul,348.0,15-16,PG,29.0,LAC,72.66666666666667,72.66666666666667,34.166666666666664,6.8,14.466666666666667,0.4713333333333334,1.5333333333333332,4.033333333333333,0.379,5.266666666666667,10.4,0.5073333333333333,0.5243333333333333,4.1000000000000005,4.633333333333334,0.8836666666666666,0.5666666666666668,3.8000000000000003,4.366666666666667,10.299999999999999,2.1666666666666665,0.16666666666666666,2.4,2.5,19.233333333333334,24599495.0
Cody Zeller,475.0,15-16,C,22.0,CHO,72.33333333333333,36.0,21.866666666666664,2.6999999999999997,5.633333333333333,0.472,0.0,0.03333333333333333,0.3666666666666667,2.6999999999999997,5.566666666666667,0.4753333333333334,0.4726666666666666,2.066666666666667,2.733333333333334,0.7526666666666667,1.6333333333333335,3.8333333333333335,5.433333333333334,1.2333333333333334,0.6,0.7333333333333334,1.0,2.466666666666667,7.433333333333333,13528090.0
Corey Brewer,61.0,15-16,SF,28.0,HOU,81.0,36.666666666666664,26.233333333333334,3.9,8.933333333333334,0.4303333333333333,0.7333333333333334,2.733333333333333,0.2733333333333334,3.133333333333333,6.166666666666667,0.501,0.4736666666666667,1.8,2.433333333333333,0.737,0.7666666666666666,2.1333333333333333,2.9,1.7333333333333334,1.4333333333333333,0.26666666666666666,1.3,2.266666666666667,10.333333333333334,7579366.0
Cory Joseph,242.0,15-16,SG,23.0,TOR,75.66666666666667,12.333333333333334,19.233333333333334,2.566666666666667,5.466666666666666,0.47266666666666673,0.26666666666666666,0.8666666666666667,0.3176666666666667,2.3,4.6000000000000005,0.5,0.49533333333333335,1.4000000000000001,1.8,0.7736666666666667,0.5333333333333333,1.7,2.1999999999999997,2.4,0.6333333333333333,0.2333333333333333,0.9,1.366666666666667,6.766666666666667,7945000.0
Courtney Lee,260.0,15-16,SG,29.0,TOT,78.33333333333333,62.0,28.366666666666664,3.7000000000000006,8.1,0.4606666666666667,1.0333333333333334,2.6999999999999997,0.38366666666666666,2.6666666666666665,5.333333333333333,0.49899999999999994,0.525,1.3333333333333333,1.5333333333333332,0.8610000000000001,0.3666666666666667,2.066666666666667,2.4333333333333336,1.7333333333333334,0.9666666666666668,0.3333333333333333,0.9333333333333332,1.6666666666666667,9.766666666666666,12253780.0
D.J. Augustin,27.0,15-16,PG,27.0,TOT,71.66666666666667,7.666666666666667,23.433333333333334,3.233333333333333,7.866666666666667,0.4123333333333334,1.3333333333333333,3.466666666666667,0.381,1.9000000000000001,4.4,0.4343333333333334,0.49700000000000005,2.2333333333333334,2.6,0.8526666666666666,0.16666666666666666,1.5666666666666664,1.7666666666666666,3.966666666666667,0.6333333333333333,0.03333333333333333,1.6666666666666667,1.5333333333333332,10.033333333333333,7250000.0
Damian Lillard,266.0,15-16,PG,24.0,POR,79.66666666666667,79.66666666666667,35.733333333333334,7.366666666666666,17.4,0.42566666666666664,2.733333333333333,7.3,0.3706666666666667,4.7,10.066666666666668,0.4656666666666667,0.5036666666666667,4.733333333333333,5.433333333333334,0.8756666666666667,0.5333333333333333,3.5,4.033333333333333,6.2,0.9666666666666668,0.3333333333333333,2.766666666666667,2.1999999999999997,22.266666666666666,26153057.0
Danny Green,165.0,15-16,SG,27.0,SAS,76.0,72.66666666666667,26.3,3.3000000000000003,7.866666666666667,0.41466666666666674,1.9333333333333333,4.8999999999999995,0.38833333333333336,1.3666666666666665,3.0,0.458,0.536,0.8333333333333334,1.0333333333333334,0.8023333333333333,0.5666666666666665,3.266666666666667,3.8000000000000003,1.7666666666666666,1.0666666666666667,0.9333333333333335,1.0333333333333334,1.8,9.333333333333334,10000000.0
Darrell Arthur,25.0,15-16,PF,26.0,DEN,65.33333333333333,7.0,18.6,2.766666666666667,6.533333333333334,0.41700000000000004,0.4666666666666666,1.5,0.332,2.2333333333333334,5.033333333333333,0.44766666666666666,0.4533333333333333,0.7333333333333334,0.9,0.7966666666666667,0.9666666666666668,2.433333333333333,3.4,1.0999999999999999,0.7333333333333334,0.6,0.8666666666666667,2.6,6.666666666666667,7464912.0
DeAndre Jordan,241.0,15-16,C,26.0,LAC,80.33333333333333,80.33333333333333,34.36666666666667,4.466666666666666,6.466666666666666,0.6963333333333331,0.0,0.0,0.125,4.466666666666666,6.466666666666666,0.6976666666666667,0.6966666666666667,2.6,6.099999999999999,0.4183333333333333,4.1000000000000005,9.966666666666667,14.133333333333333,0.9333333333333332,0.9,2.3333333333333335,1.4000000000000001,2.966666666666667,11.533333333333333,22642350.0
DeMarcus Cousins,97.0,15-16,C,24.0,SAC,65.0,65.0,33.699999999999996,8.633333333333335,18.46666666666667,0.4713333333333334,0.3666666666666667,1.1333333333333335,0.19433333333333333,8.3,17.3,0.4803333333333333,0.48033333333333333,6.866666666666667,9.266666666666666,0.742,2.8666666666666667,9.066666666666668,11.966666666666667,3.266666666666667,1.5333333333333332,1.4666666666666666,3.8666666666666667,3.8333333333333335,24.566666666666666,18063850.0
DeMarre Carroll,79.0,15-16,SF,28.0,TOR,56.333333333333336,54.666666666666664,31.2,4.2,9.500000000000002,0.4486666666666667,1.5999999999999999,4.166666666666667,0.38233333333333336,2.6333333333333333,5.3,0.501,0.533,1.5,2.1333333333333333,0.6916666666666668,1.3666666666666665,3.8333333333333335,5.166666666666667,1.5,1.5,0.2333333333333333,1.1,2.4,11.566666666666668,15400000.0
Derrick Favors,138.0,15-16,PF,23.0,UTA,69.66666666666667,68.66666666666667,31.0,6.166666666666667,11.9,0.5206666666666667,0.0,0.06666666666666667,0.05566666666666666,6.166666666666667,11.833333333333334,0.5226666666666667,0.521,2.8333333333333335,4.166666666666667,0.6823333333333333,2.6666666666666665,5.666666666666667,8.333333333333332,1.4000000000000001,1.0,1.5666666666666667,1.7,2.7999999999999994,15.233333333333334,12000000.0
Derrick Rose,379.0,15-16,PG,26.0,CHI,42.333333333333336,42.333333333333336,30.96666666666667,6.3999999999999995,16.23333333333333,0.3953333333333333,1.2666666666666668,4.1000000000000005,0.30433333333333334,5.133333333333333,12.133333333333333,0.4243333333333334,0.43333333333333335,2.6333333333333333,3.2000000000000006,0.8166666666666668,0.7666666666666666,2.5,3.266666666666667,4.633333333333334,0.6333333333333333,0.19999999999999998,3.1,1.3333333333333333,16.666666666666664,290951.0
Devin Harris,181.0,15-16,PG,31.0,DAL,60.0,1.0,20.900000000000002,2.6333333333333333,6.366666666666667,0.4143333333333333,0.9666666666666668,2.8333333333333335,0.331,1.6666666666666667,3.533333333333333,0.47933333333333333,0.488,1.8666666666666665,2.4000000000000004,0.7786666666666667,0.2333333333333333,1.8,2.033333333333333,3.1333333333333333,0.8666666666666666,0.16666666666666666,1.2,1.8666666666666665,8.1,4402546.0
Dewayne Dedmon,110.0,15-16,C,25.0,ORL,49.333333333333336,13.666666666666666,13.033333333333333,1.4666666666666668,2.8333333333333335,0.5263333333333333,0.0,0.0,0.0,1.4666666666666668,2.8333333333333335,0.5273333333333333,0.5263333333333333,0.7666666666666666,1.1333333333333335,0.6456666666666667,1.4666666666666668,2.9,4.333333333333333,0.20000000000000004,0.3,0.7666666666666666,0.7000000000000001,2.1333333333333333,3.733333333333334,7200000.0
Dion Waiters,444.0,15-16,SG,23.0,OKC,76.0,20.666666666666668,28.26666666666667,4.8,11.699999999999998,0.4093333333333333,1.0999999999999999,3.266666666666667,0.341,3.6999999999999997,8.466666666666667,0.43566666666666665,0.458,1.7333333333333332,2.533333333333333,0.6926666666666668,0.5,2.1,2.6,2.3333333333333335,1.0,0.2333333333333333,1.7,1.9666666666666668,12.5,11550000.0
Draymond Green,166.0,15-16,PF,24.0,GSW,80.66666666666667,57.333333333333336,29.366666666666664,3.866666666666667,8.466666666666667,0.4466666666666667,1.0999999999999999,3.1333333333333333,0.3526666666666667,2.733333333333333,5.333333333333333,0.503,0.5113333333333334,1.8333333333333333,2.6999999999999997,0.6743333333333332,1.3666666666666665,6.133333333333333,7.566666666666666,4.333333333333334,1.4333333333333333,1.2,2.0,3.0,10.633333333333333,17469565.0
Drew Gooden,157.0,15-16,PF,33.0,WAS,34.333333333333336,2.3333333333333335,15.033333333333331,2.266666666666667,5.1000000000000005,0.4166666666666667,0.3333333333333333,1.133333333333333,0.32433333333333336,1.9000000000000001,4.033333333333334,0.45599999999999996,0.45,0.7000000000000001,0.8666666666666666,0.7683333333333332,1.3333333333333333,2.8000000000000003,4.133333333333334,0.6999999999999998,0.39999999999999997,0.30000000000000004,0.5666666666666668,1.8333333333333333,5.466666666666668,3547000.0
Dwight Howard,208.0,15-16,C,29.0,HOU,61.0,61.0,31.86666666666667,6.0,10.033333333333333,0.6013333333333334,0.0,0.06666666666666667,0.262,5.966666666666666,9.966666666666667,0.6046666666666667,0.6026666666666666,3.9,7.433333333333334,0.5213333333333333,3.133333333333333,8.366666666666667,11.5,1.4666666666666666,0.8333333333333334,1.5666666666666667,2.766666666666667,3.266666666666667,15.933333333333332,23819725.0
E'Twaun Moore,311.0,15-16,SG,25.0,CHI,64.66666666666667,8.333333333333334,16.5,2.266666666666667,4.966666666666666,0.45166666666666666,0.5666666666666667,1.5,0.3826666666666667,1.6666666666666667,3.4333333333333336,0.48133333333333334,0.508,0.43333333333333335,0.6333333333333333,0.6646666666666667,0.3,1.3,1.5999999999999999,1.2333333333333332,0.6,0.20000000000000004,0.6333333333333333,1.2666666666666666,5.5,8445024.0
Enes Kanter,245.0,15-16,C,22.0,OKC,79.0,37.333333333333336,25.400000000000002,5.533333333333334,10.633333333333335,0.5286666666666667,0.10000000000000002,0.3,0.2773333333333334,5.433333333333334,10.333333333333334,0.533,0.5339999999999999,2.233333333333333,2.9333333333333336,0.7696666666666667,3.1666666666666665,5.033333333333332,8.166666666666666,0.6666666666666666,0.4000000000000001,0.43333333333333335,1.7,2.466666666666667,13.5,18622514.0
Eric Gordon,160.0,15-16,SG,26.0,NOP,56.666666666666664,56.0,32.699999999999996,5.133333333333334,12.166666666666666,0.42166666666666663,2.1333333333333333,5.233333333333333,0.4076666666666667,3.0,6.866666666666667,0.431,0.5103333333333333,2.3333333333333335,2.8333333333333335,0.8260000000000001,0.39999999999999997,2.0666666666666664,2.466666666666667,3.266666666666667,1.0,0.2333333333333333,1.9000000000000001,2.1333333333333333,14.666666666666666,12943020.0
Evan Turner,432.0,15-16,SG,26.0,BOS,81.33333333333333,41.666666666666664,28.633333333333336,4.5,10.333333333333334,0.4366666666666667,0.4000000000000001,1.4666666666666668,0.2796666666666667,4.066666666666666,8.866666666666667,0.4613333333333333,0.4566666666666666,1.9000000000000001,2.3666666666666667,0.7973333333333334,0.6333333333333334,4.3999999999999995,5.0,4.366666666666667,0.9333333333333332,0.19999999999999998,2.2666666666666666,2.1,11.333333333333334,17131148.0
Garrett Temple,419.0,15-16,SF,28.0,WAS,69.0,20.333333333333332,15.666666666666666,1.5,3.8333333333333335,0.3866666666666667,0.6000000000000001,1.7666666666666668,0.309,0.8999999999999999,2.066666666666667,0.42733333333333334,0.45533333333333337,0.7333333333333334,1.0333333333333334,0.7183333333333334,0.43333333333333335,1.3666666666666665,1.7666666666666668,1.3,0.7333333333333334,0.16666666666666666,0.7000000000000001,1.6333333333333335,4.333333333333333,8000000.0
George Hill,196.0,15-16,PG,28.0,IND,64.33333333333333,61.666666666666664,31.866666666666664,4.633333333333334,10.166666666666666,0.4533333333333333,1.5333333333333332,4.033333333333333,0.377,3.1,6.133333333333333,0.5023333333333334,0.5293333333333333,2.0,2.533333333333333,0.7856666666666667,0.6999999999999998,3.266666666666667,3.9666666666666663,4.033333333333333,1.0333333333333334,0.26666666666666666,1.4000000000000001,2.233333333333333,12.833333333333334,19000000.0
Gerald Henderson,190.0,15-16,SG,27.0,POR,76.33333333333333,49.666666666666664,26.933333333333334,4.333333333333333,10.0,0.4363333333333334,0.6,1.7,0.34400000000000003,3.7999999999999994,8.333333333333334,0.4566666666666667,0.4673333333333334,2.3333333333333335,2.9,0.7919999999999999,0.43333333333333335,3.033333333333333,3.4333333333333336,2.066666666666667,0.6,0.3333333333333333,1.2666666666666666,1.6666666666666667,11.6,9000000.0
Giannis Antetokounmpo,19.0,15-16,PG,20.0,MIL,79.33333333333333,57.666666666666664,30.433333333333326,4.433333333333334,9.233333333333333,0.4703333333333333,0.3333333333333333,1.1333333333333333,0.25433333333333336,4.133333333333333,8.1,0.496,0.49300000000000005,2.9000000000000004,3.9999999999999996,0.7160000000000001,1.2,5.033333333333333,6.266666666666667,2.9333333333333336,0.9666666666666668,1.0666666666666667,2.1,2.8333333333333335,12.133333333333333,24157303.0
Gordon Hayward,189.0,15-16,SF,24.0,UTA,77.66666666666667,77.66666666666667,35.666666666666664,6.133333333333333,14.233333333333334,0.4303333333333333,1.5,4.333333333333333,0.33899999999999997,4.633333333333334,9.9,0.4703333333333333,0.48233333333333334,4.6000000000000005,5.666666666666667,0.8173333333333334,0.7666666666666666,4.233333333333333,5.0,4.333333333333333,1.3333333333333333,0.39999999999999997,2.6666666666666665,2.0,18.400000000000002,29727900.0
Gorgui Dieng,117.0,15-16,C,25.0,MIN,71.66666666666667,34.333333333333336,23.566666666666666,3.0666666666666664,5.966666666666666,0.512,0.03333333333333333,0.10000000000000002,0.48900000000000005,3.033333333333333,5.833333333333333,0.5153333333333333,0.5146666666666667,2.033333333333333,2.6333333333333333,0.7479999999999999,2.2333333333333334,4.6000000000000005,6.8,1.4666666666666668,0.8666666666666667,1.2333333333333334,1.4333333333333333,2.3666666666666667,8.2,14112360.0
Henry Sims,396.0,15-16,C,24.0,BRK,44.333333333333336,20.333333333333332,19.0,2.8333333333333335,6.133333333333333,0.459,0.03333333333333333,0.09999999999999999,0.091,2.7999999999999994,6.0,0.4643333333333333,0.4603333333333333,1.7666666666666666,2.1999999999999997,0.7836666666666666,1.8333333333333333,3.266666666666667,5.066666666666666,0.9333333333333335,0.5666666666666668,0.6,1.0666666666666667,2.3000000000000003,7.366666666666667,980431.0
Ian Mahinmi,276.0,15-16,C,28.0,IND,69.66666666666667,26.0,20.200000000000003,2.2666666666666666,4.1000000000000005,0.5406666666666666,0.0,0.0,0.0,2.2666666666666666,4.066666666666667,0.5416666666666666,0.5406666666666666,1.2,2.266666666666667,0.504,1.6666666666666667,3.733333333333334,5.3999999999999995,0.7666666666666666,0.6333333333333333,0.9333333333333335,1.0666666666666667,2.866666666666667,5.7,15944154.0
Iman Shumpert,394.0,15-16,SG,24.0,CLE,63.333333333333336,29.333333333333332,25.266666666666666,2.566666666666667,6.566666666666666,0.3873333333333333,0.9666666666666668,3.0,0.3233333333333333,1.5666666666666664,3.6,0.441,0.4606666666666667,0.6999999999999998,0.9666666666666667,0.734,0.8666666666666667,3.0,3.866666666666667,1.866666666666667,1.1666666666666667,0.3,1.2333333333333334,2.4,6.833333333333333,10337079.0
Isaiah Canaan,77.0,15-16,SG,23.0,PHI,48.666666666666664,20.0,19.0,2.6333333333333333,7.133333333333333,0.36733333333333335,1.6666666666666663,4.666666666666667,0.35333333333333333,0.9666666666666667,2.466666666666667,0.39233333333333337,0.48300000000000004,1.3,1.633333333333333,0.7913333333333333,0.3333333333333333,1.4333333333333333,1.7666666666666664,1.6333333333333335,0.5666666666666665,0.16666666666666666,1.1666666666666667,1.5333333333333332,8.266666666666666,997547.0
Isaiah Thomas,421.0,15-16,PG,25.0,BOS,73.66666666666667,44.666666666666664,30.900000000000002,6.366666666666667,14.666666666666666,0.43366666666666664,1.9000000000000001,5.333333333333333,0.36033333333333334,4.466666666666667,9.366666666666665,0.47433333333333333,0.4996666666666667,5.033333333333334,5.833333333333333,0.863,0.6,2.1666666666666665,2.733333333333333,5.566666666666666,1.0999999999999999,0.10000000000000002,2.6,2.266666666666667,19.63333333333333,6261395.0
Ish Smith,401.0,15-16,PG,26.0,TOT,67.33333333333333,22.666666666666668,19.533333333333335,3.1666666666666665,7.766666666666667,0.408,0.3333333333333333,1.2,0.224,2.8000000000000003,6.566666666666666,0.4306666666666667,0.4263333333333333,0.8333333333333334,1.3,0.6176666666666666,0.4333333333333333,2.1,2.533333333333333,4.133333333333334,0.8333333333333334,0.20000000000000004,1.5333333333333332,1.1666666666666667,7.466666666666666,6000000.0
J.J. Barea,32.0,15-16,PG,30.0,DAL,76.66666666666667,9.0,19.6,3.4666666666666663,8.3,0.4176666666666667,0.9999999999999999,2.8666666666666667,0.3413333333333333,2.4666666666666663,5.433333333333333,0.4566666666666666,0.47633333333333333,1.0,1.2666666666666666,0.79,0.3,1.5999999999999999,1.8999999999999997,3.766666666666667,0.3666666666666667,0.0,1.3333333333333333,1.5,8.933333333333332,3903900.0
Jae Crowder,101.0,15-16,SF,24.0,BOS,77.66666666666667,32.666666666666664,22.600000000000005,3.1333333333333333,7.166666666666667,0.434,1.0,3.1333333333333333,0.32,2.1,4.066666666666667,0.5266666666666667,0.506,1.5333333333333332,1.9333333333333333,0.7823333333333333,0.8333333333333334,2.9333333333333336,3.733333333333333,1.2333333333333334,1.1333333333333335,0.3666666666666667,0.7333333333333334,1.9000000000000001,8.833333333333334,6796117.0
Jamal Crawford,100.0,15-16,SG,34.0,LAC,70.66666666666667,11.0,27.933333333333334,5.366666666666667,13.233333333333334,0.4053333333333333,1.8999999999999997,5.533333333333334,0.3426666666666667,3.4666666666666663,7.7,0.44933333333333336,0.47633333333333333,3.533333333333333,4.0,0.8903333333333334,0.3666666666666667,1.7,2.0,2.6666666666666665,0.8333333333333334,0.20000000000000004,1.5999999999999999,1.6333333333333335,16.2,4328000.0
Jared Dudley,122.0,15-16,PF,29.0,WAS,75.66666666666667,35.333333333333336,24.366666666666664,2.766666666666666,5.966666666666666,0.4613333333333333,1.1,2.8666666666666667,0.38833333333333336,1.6333333333333335,3.1,0.5296666666666667,0.5553333333333333,0.7000000000000001,0.9666666666666668,0.702,0.6,2.3333333333333335,2.9333333333333336,1.7666666666666668,0.8333333333333334,0.16666666666666666,0.9,1.9666666666666668,7.333333333333333,10000000.0
Jared Sullinger,415.0,15-16,PF,22.0,BOS,71.0,55.333333333333336,26.066666666666666,4.966666666666666,11.433333333333332,0.4336666666666667,0.7000000000000001,2.433333333333333,0.27799999999999997,4.3,9.0,0.4756666666666667,0.4623333333333333,1.7,2.3000000000000003,0.7206666666666667,2.733333333333333,5.3,8.0,2.0666666666666664,0.7333333333333334,0.6666666666666666,1.4000000000000001,2.8666666666666667,12.300000000000002,5628000.0
Jason Smith,403.0,15-16,C,28.0,ORL,63.0,20.0,21.366666666666664,3.5,7.633333333333333,0.4613333333333334,0.10000000000000002,0.2333333333333333,0.3035,3.466666666666667,7.400000000000001,0.466,0.467,1.1666666666666667,1.4666666666666668,0.8053333333333333,1.1666666666666667,3.0666666666666664,4.233333333333333,1.1333333333333333,0.4000000000000001,0.7666666666666666,1.0,2.6,8.299999999999999,5450000.0
Jeff Teague,417.0,15-16,PG,26.0,ATL,77.0,76.33333333333333,30.400000000000002,5.633333333333333,12.633333333333333,0.44566666666666666,1.0999999999999999,3.033333333333333,0.35733333333333334,4.5,9.533333333333333,0.47300000000000003,0.48966666666666664,3.6999999999999997,4.366666666666667,0.8483333333333333,0.4000000000000001,2.2,2.6,6.533333333333334,1.3333333333333333,0.3,2.8333333333333335,2.0,16.033333333333335,19000000.0
Jeremy Evans,133.0,15-16,SF,27.0,DAL,44.666666666666664,2.0,11.233333333333334,1.4666666666666668,2.6999999999999997,0.5403333333333333,0.06666666666666667,0.19999999999999998,0.21666666666666667,1.4000000000000001,2.5,0.5946666666666667,0.5596666666666666,0.6333333333333334,0.8666666666666667,0.7406666666666667,0.9666666666666668,1.8333333333333333,2.8000000000000003,0.3666666666666667,0.3666666666666667,0.4333333333333333,0.3,1.1666666666666667,3.633333333333333,1471382.0
Jeremy Lamb,254.0,15-16,SG,22.0,CHO,63.666666666666664,2.6666666666666665,17.266666666666666,3.033333333333333,6.933333333333334,0.43300000000000005,0.9,2.766666666666667,0.3356666666666667,2.066666666666667,4.2,0.4956666666666667,0.5006666666666667,0.9,1.0999999999999999,0.805,0.39999999999999997,2.466666666666667,2.8333333333333335,1.2,0.5666666666666667,0.3,0.7333333333333334,1.5,7.866666666666667,7488372.0
Jeremy Lin,267.0,15-16,SG,26.0,CHO,74.33333333333333,25.333333333333332,27.0,3.9,9.133333333333335,0.42733333333333334,1.0333333333333332,2.8333333333333335,0.3543333333333334,2.9333333333333336,6.333333333333333,0.4606666666666667,0.4816666666666667,3.033333333333333,3.6666666666666665,0.8109999999999999,0.4666666666666666,2.4,2.8000000000000003,3.9,0.9333333333333332,0.43333333333333335,2.1999999999999997,2.3333333333333335,11.799999999999999,12516746.0
Jerryd Bayless,39.0,15-16,SG,26.0,MIL,67.0,13.666666666666666,24.866666666666664,3.3000000000000003,7.900000000000001,0.417,1.1666666666666667,2.966666666666667,0.36766666666666675,2.1333333333333333,4.8999999999999995,0.43166666666666664,0.48833333333333334,1.4000000000000001,1.7,0.8193333333333334,0.3333333333333333,2.1666666666666665,2.466666666666667,2.9333333333333336,0.8333333333333334,0.16666666666666666,1.3999999999999997,2.1333333333333333,9.166666666666666,8575916.0
Jimmy Butler,72.0,15-16,SG,25.0,CHI,66.33333333333333,66.33333333333333,38.1,5.866666666666667,13.233333333333334,0.4376666666666667,1.0333333333333334,3.233333333333333,0.3243333333333333,4.866666666666666,10.1,0.4766666666666666,0.4776666666666667,5.233333333333333,6.3999999999999995,0.8116666666666666,1.4333333333333333,3.966666666666667,5.333333333333333,3.5666666666666664,1.7666666666666668,0.5666666666666667,1.6333333333333335,1.7333333333333332,18.0,19301070.0
Joakim Noah,328.0,15-16,C,29.0,CHI,58.666666666666664,49.666666666666664,29.266666666666666,3.133333333333333,7.0,0.4343333333333333,0.0,0.0,0.0,3.133333333333333,6.966666666666666,0.4363333333333333,0.4343333333333333,1.8333333333333333,2.8000000000000003,0.6096666666666667,3.266666666666667,6.633333333333333,9.9,4.633333333333334,0.8333333333333334,1.2,2.0,2.9333333333333336,8.033333333333333,18530000.0
Jodie Meeks,297.0,15-16,SG,27.0,DET,46.666666666666664,23.333333333333332,23.96666666666667,3.8000000000000003,9.066666666666668,0.4096666666666667,1.5333333333333332,3.9,0.39799999999999996,2.2666666666666666,5.133333333333334,0.4156666666666667,0.4963333333333333,2.1999999999999997,2.466666666666667,0.9209999999999999,0.3,1.6333333333333335,1.9666666666666668,1.3666666666666665,0.7999999999999999,0.06666666666666667,0.9,1.1666666666666667,11.366666666666665,3454500.0
Joe Johnson,231.0,15-16,SF,33.0,TOT,80.0,80.0,33.63333333333333,5.366666666666667,12.1,0.4426666666666667,1.7,4.3999999999999995,0.381,3.6999999999999997,7.7,0.47733333333333333,0.512,1.7666666666666666,2.1666666666666665,0.8156666666666667,0.6333333333333333,3.2999999999999994,3.9333333333333336,3.4333333333333336,0.7000000000000001,0.10000000000000002,1.7333333333333334,1.6333333333333335,14.133333333333335,473835.0
John Henson,191.0,15-16,C,24.0,MIL,64.66666666666667,11.666666666666666,20.533333333333335,3.5666666666666664,6.466666666666666,0.5559999999999999,0.0,0.0,0.0,3.5666666666666664,6.466666666666666,0.557,0.5559999999999999,1.2333333333333334,2.1999999999999997,0.5576666666666666,1.9333333333333333,3.2999999999999994,5.233333333333333,1.1333333333333335,0.4333333333333333,1.8666666666666665,1.3333333333333333,2.4,8.366666666666667,11327466.0
John Jenkins,225.0,15-16,SG,23.0,TOT,26.666666666666668,2.0,11.933333333333332,1.6333333333333335,3.6666666666666665,0.44,0.5333333333333333,1.6000000000000003,0.3133333333333333,1.1333333333333333,2.1,0.5336666666666666,0.508,0.5,0.5666666666666667,0.8916666666666666,0.16666666666666666,1.3666666666666665,1.5333333333333334,0.7000000000000001,0.23333333333333336,0.03333333333333333,0.5666666666666667,0.6333333333333334,4.266666666666667,1050961.0
John Wall,446.0,15-16,PG,24.0,WAS,79.33333333333333,79.33333333333333,36.13333333333333,7.033333333333334,16.2,0.434,1.2,3.6,0.334,5.766666666666667,12.6,0.4613333333333333,0.4709999999999999,3.6666666666666665,4.633333333333333,0.7936666666666667,0.5,4.066666666666667,4.533333333333333,9.666666666666666,1.7999999999999998,0.6333333333333333,3.8333333333333335,2.3666666666666667,18.933333333333334,19169800.0
Jon Leuer,265.0,15-16,PF,25.0,PHO,59.666666666666664,11.0,14.966666666666667,2.5666666666666664,5.433333333333334,0.472,0.39999999999999997,1.0333333333333334,0.36400000000000005,2.1666666666666665,4.3999999999999995,0.4916666666666667,0.507,0.8333333333333334,1.1333333333333333,0.7253333333333334,0.9,3.1333333333333333,4.033333333333332,0.7333333333333334,0.4333333333333333,0.26666666666666666,0.7666666666666667,1.5333333333333332,6.3999999999999995,10002681.0
Jordan Farmar,137.0,15-16,PG,28.0,MEM,29.666666666666668,5.0,20.400000000000002,2.966666666666667,7.2,0.40700000000000003,1.3333333333333333,3.466666666666667,0.385,1.6333333333333335,3.766666666666667,0.432,0.5026666666666667,0.7333333333333334,0.8333333333333334,0.8850000000000001,0.3333333333333333,1.5666666666666667,1.9333333333333333,3.3000000000000003,0.9333333333333332,0.16666666666666666,1.5666666666666664,1.6000000000000003,7.966666666666666,980431.0
Jrue Holiday,201.0,15-16,PG,24.0,NOP,46.333333333333336,31.333333333333332,31.46666666666667,6.1000000000000005,13.733333333333334,0.444,1.1666666666666667,3.233333333333333,0.36800000000000005,4.933333333333333,10.5,0.4686666666666666,0.486,1.9666666666666668,2.3666666666666667,0.836,0.6666666666666666,2.8666666666666667,3.5333333333333337,6.933333333333334,1.5333333333333332,0.4333333333333333,2.6666666666666665,2.6,15.300000000000002,25686667.0
Kawhi Leonard,263.0,15-16,SF,23.0,SAS,67.33333333333333,67.0,31.333333333333332,6.333333333333333,12.566666666666668,0.5023333333333334,1.2666666666666666,3.266666666666667,0.39033333333333337,5.033333333333333,9.299999999999999,0.542,0.5536666666666666,2.9333333333333336,3.466666666666667,0.8260000000000001,1.2666666666666666,5.5,6.733333333333333,2.3666666666666667,1.9333333333333333,0.8666666666666667,1.4000000000000001,1.8999999999999997,16.833333333333332,18868626.0
Kelly Olynyk,339.0,15-16,C,23.0,BOS,67.66666666666667,10.0,20.8,3.633333333333333,7.866666666666666,0.4653333333333333,0.9333333333333335,2.4333333333333336,0.36833333333333335,2.733333333333333,5.333333333333333,0.508,0.5233333333333333,1.4333333333333333,1.9000000000000001,0.7483333333333334,1.4666666666666668,3.1666666666666665,4.666666666666667,1.6000000000000003,0.7666666666666666,0.5,1.3666666666666665,2.9666666666666663,9.666666666666666,12537527.0
Kemba Walker,445.0,15-16,PG,24.0,CHO,72.0,70.66666666666667,35.2,6.433333333333334,15.966666666666669,0.40166666666666667,1.7,5.0,0.336,4.733333333333333,10.966666666666669,0.43133333333333335,0.455,4.1,4.866666666666666,0.8370000000000001,0.6,3.466666666666667,4.033333333333334,5.466666666666666,1.4000000000000001,0.4666666666666666,2.0,1.5666666666666667,18.633333333333336,12000000.0
Kendall Marshall,279.0,15-16,PG,23.0,PHI,37.333333333333336,18.0,19.066666666666666,2.033333333333333,5.1000000000000005,0.4083333333333334,0.8000000000000002,2.1666666666666665,0.37233333333333335,1.2333333333333334,2.9333333333333336,0.437,0.48900000000000005,0.3333333333333333,0.4666666666666666,0.703,0.16666666666666666,1.4666666666666668,1.5999999999999999,4.766666666666667,0.7333333333333334,0.06666666666666667,1.8333333333333333,1.0999999999999999,5.3,2048257.0
Kenneth Faried,136.0,15-16,PF,25.0,DEN,74.0,70.66666666666667,26.766666666666666,5.266666666666667,9.8,0.5366666666666666,0.0,0.03333333333333333,0.20833333333333334,5.266666666666667,9.733333333333333,0.5386666666666667,0.5366666666666666,2.4,3.6666666666666665,0.6513333333333332,3.233333333333333,5.5,8.733333333333334,1.2,0.7333333333333334,0.8666666666666667,1.5666666666666667,2.5666666666666664,12.933333333333332,12921348.0
Kent Bazemore,41.0,15-16,SF,25.0,ATL,72.33333333333333,31.0,19.7,2.7999999999999994,6.3999999999999995,0.432,0.9,2.5999999999999996,0.3523333333333334,1.8666666666666665,3.8333333333333335,0.48433333333333334,0.5020000000000001,1.1333333333333335,1.6333333333333335,0.6736666666666666,0.26666666666666666,3.0,3.266666666666666,1.5666666666666664,0.8666666666666667,0.3666666666666667,1.3333333333333333,1.8333333333333333,7.6000000000000005,18089887.0
Kentavious Caldwell-Pope,76.0,15-16,SG,21.0,DET,79.33333333333333,66.33333333333333,29.333333333333332,4.133333333333333,10.1,0.4056666666666667,1.3666666666666665,4.2,0.3243333333333333,2.733333333333333,5.866666666666666,0.46166666666666667,0.47300000000000003,1.4333333333333333,1.9000000000000001,0.759,0.6666666666666666,2.2666666666666666,2.9333333333333336,1.2666666666666666,1.1333333333333333,0.20000000000000004,0.9666666666666667,2.0,11.033333333333333,17745894.0
Kevin Love,272.0,15-16,PF,26.0,CLE,76.33333333333333,76.33333333333333,33.86666666666667,6.400000000000001,14.633333333333333,0.4366666666666667,2.1666666666666665,5.833333333333333,0.36766666666666675,4.3,8.799999999999999,0.48300000000000004,0.5106666666666667,4.533333333333333,5.533333333333332,0.8156666666666667,2.233333333333333,8.5,10.700000000000001,3.0,0.7666666666666666,0.5,1.9666666666666668,1.9333333333333333,19.5,24119025.0
Khris Middleton,300.0,15-16,SG,23.0,MIL,80.0,67.0,32.06666666666667,5.366666666666667,11.966666666666667,0.4503333333333333,1.5666666666666667,3.8333333333333335,0.4056666666666666,3.8333333333333326,8.133333333333333,0.4713333333333333,0.516,2.1999999999999997,2.5333333333333337,0.8693333333333334,0.6333333333333333,3.3666666666666667,4.0,2.8666666666666667,1.4000000000000001,0.16666666666666666,1.7333333333333332,2.6333333333333333,14.566666666666668,1300000.0
Klay Thompson,425.0,15-16,SG,24.0,GSW,79.33333333333333,79.33333333333333,33.53333333333333,7.599999999999999,16.566666666666666,0.459,3.133333333333333,7.266666666666666,0.427,4.5,9.299999999999999,0.48500000000000004,0.5523333333333333,2.3666666666666667,2.7999999999999994,0.8490000000000001,0.43333333333333335,2.966666666666667,3.3666666666666667,2.4,0.9333333333333335,0.6333333333333333,1.7666666666666666,2.1333333333333333,20.73333333333333,17826150.0
Kyle Korver,252.0,15-16,SG,33.0,ATL,75.33333333333333,75.33333333333333,32.03333333333333,3.7999999999999994,8.1,0.4656666666666666,2.5,5.5,0.454,1.2666666666666666,2.6,0.4836666666666667,0.62,1.0666666666666667,1.2,0.8856666666666667,0.2333333333333333,3.5666666666666664,3.7999999999999994,2.533333333333333,0.8333333333333334,0.43333333333333335,1.3333333333333333,2.0,11.1,7560000.0
Kyle Singler,397.0,15-16,SF,26.0,OKC,76.66666666666667,32.0,21.566666666666666,2.2666666666666666,5.3999999999999995,0.4073333333333333,0.9,2.466666666666667,0.363,1.3,2.9,0.4383333333333333,0.4916666666666667,0.9333333333333332,1.1666666666666667,0.7513333333333333,0.8333333333333334,1.8666666666666665,2.733333333333333,0.7999999999999999,0.5666666666666667,0.3,0.7333333333333334,2.1,6.333333333333333,4666500.0
Kyrie Irving,218.0,15-16,PG,22.0,CLE,66.33333333333333,66.33333333333333,34.36666666666667,7.533333333333334,16.833333333333332,0.4486666666666667,1.8,4.8999999999999995,0.36466666666666664,5.733333333333333,11.866666666666667,0.4836666666666667,0.5026666666666667,3.8333333333333335,4.433333333333334,0.8696666666666667,0.7333333333333334,2.466666666666667,3.266666666666667,5.333333333333333,1.3666666666666665,0.3,2.5,2.0666666666666664,20.7,18868626.0
LaMarcus Aldridge,7.0,15-16,PF,29.0,SAS,71.33333333333333,71.33333333333333,34.06666666666667,8.633333333333333,18.2,0.47900000000000004,0.16666666666666666,0.6333333333333333,0.18400000000000002,8.466666666666667,17.599999999999998,0.4856666666666667,0.4836666666666667,4.033333333333333,4.8,0.8416666666666667,2.4333333333333336,7.533333333333334,9.933333333333332,1.9333333333333336,0.7000000000000001,1.0333333333333334,1.5999999999999999,1.9666666666666668,21.53333333333333,21461010.0
Lance Thomas,422.0,15-16,PF,26.0,NYK,42.0,14.0,18.23333333333333,2.066666666666667,5.133333333333334,0.3586666666666667,0.26666666666666666,0.7333333333333334,0.361,1.7666666666666668,4.3999999999999995,0.36566666666666664,0.38066666666666665,1.0999999999999999,1.4666666666666668,0.6946666666666667,0.6666666666666666,1.5666666666666667,2.233333333333334,0.8666666666666667,0.3333333333333333,0.06666666666666667,0.8666666666666667,1.4000000000000001,5.5,7119650.0
Leandro Barbosa,31.0,15-16,SG,32.0,GSW,51.333333333333336,0.3333333333333333,16.400000000000002,2.6999999999999997,5.933333333333333,0.4543333333333333,0.5666666666666665,1.5333333333333332,0.33966666666666673,2.1666666666666665,4.433333333333334,0.4936666666666667,0.49966666666666665,1.1,1.3333333333333333,0.806,0.3333333333333333,1.3,1.6666666666666667,1.4333333333333336,0.5333333333333333,0.13333333333333333,0.8333333333333334,1.4666666666666668,7.0,4000000.0
Lou Williams,461.0,15-16,SG,28.0,LAL,69.0,14.0,25.933333333333337,4.066666666666666,10.033333333333333,0.4040000000000001,1.5999999999999999,4.766666666666667,0.342,2.466666666666667,5.333333333333333,0.45933333333333337,0.48466666666666663,4.033333333333333,4.733333333333333,0.8466666666666667,0.3333333333333333,1.8666666666666665,2.1666666666666665,2.6999999999999997,0.9333333333333332,0.16666666666666666,1.4666666666666668,1.3333333333333333,13.733333333333334,7000000.0
Luis Scola,389.0,15-16,PF,34.0,TOR,79.66666666666667,31.333333333333332,19.7,3.466666666666667,7.533333333333334,0.4623333333333333,0.3333333333333333,0.8000000000000002,0.26566666666666666,3.1666666666666665,6.733333333333333,0.4716666666666667,0.482,1.3333333333333333,1.8666666666666665,0.7176666666666667,1.2666666666666666,4.033333333333334,5.333333333333333,1.0666666666666667,0.5,0.26666666666666666,1.1333333333333335,2.233333333333333,8.566666666666668,5500000.0
Luol Deng,114.0,15-16,PF,29.0,MIA,69.66666666666667,69.33333333333333,33.699999999999996,5.2,11.566666666666668,0.45166666666666666,1.0666666666666667,3.1999999999999997,0.3336666666666666,4.133333333333334,8.4,0.498,0.49900000000000005,2.6999999999999997,3.4666666666666663,0.769,1.5,4.166666666666667,5.633333333333333,2.233333333333333,0.9666666666666667,0.26666666666666666,1.4666666666666668,1.6333333333333335,14.1,17190000.0
Marc Gasol,149.0,15-16,C,30.0,MEM,64.0,64.0,33.666666666666664,6.166666666666667,12.966666666666667,0.47700000000000004,0.0,0.16666666666666666,0.34166666666666673,6.166666666666667,12.799999999999999,0.48,0.47833333333333333,3.766666666666666,4.733333333333333,0.7973333333333334,1.3,6.0,7.333333333333333,3.733333333333333,0.9666666666666667,1.4000000000000001,2.1333333333333333,2.6,16.2,22642350.0
Marcin Gortat,161.0,15-16,C,30.0,WAS,79.33333333333333,78.66666666666667,30.933333333333334,5.599999999999999,10.033333333333333,0.5583333333333333,0.0,0.0,0.3333333333333333,5.599999999999999,10.0,0.559,0.5583333333333333,1.7666666666666666,2.566666666666667,0.698,2.566666666666667,6.8,9.366666666666667,1.4333333333333333,0.5666666666666667,1.3666666666666665,1.4666666666666668,2.466666666666667,12.966666666666667,12782609.0
Marcus Morris,313.0,15-16,SF,25.0,DET,81.0,38.666666666666664,27.633333333333336,4.233333333333333,9.700000000000001,0.4366666666666667,1.3333333333333333,3.6,0.367,2.9333333333333336,6.166666666666667,0.4789999999999999,0.5053333333333333,1.6333333333333335,2.233333333333333,0.7126666666666667,1.0,3.5666666666666664,4.6,1.7333333333333332,0.8333333333333334,0.2333333333333333,1.3,2.1,11.4,5000000.0
Markieff Morris,314.0,15-16,PF,25.0,TOT,75.66666666666667,42.333333333333336,27.866666666666664,5.366666666666667,11.666666666666666,0.4586666666666666,0.6,1.9666666666666666,0.312,4.733333333333333,9.700000000000001,0.488,0.48533333333333334,2.3666666666666667,3.033333333333333,0.7633333333333333,1.366666666666667,4.5,5.8999999999999995,1.9999999999999998,0.9666666666666668,0.5333333333333333,2.0,2.9333333333333336,13.700000000000001,8600000.0
Marvin Williams,462.0,15-16,PF,28.0,CHO,75.0,56.0,26.8,3.466666666666667,7.833333333333333,0.4383333333333333,1.4666666666666666,3.8666666666666667,0.373,2.0,3.966666666666667,0.5023333333333334,0.531,1.0666666666666667,1.3333333333333333,0.7756666666666666,1.1666666666666667,4.300000000000001,5.466666666666666,1.3,0.8000000000000002,0.6666666666666666,0.8000000000000002,1.9333333333333333,9.4,14087500.0
Mason Plumlee,356.0,15-16,C,24.0,POR,78.0,49.666666666666664,21.633333333333336,3.1666666666666665,5.533333333333334,0.5826666666666667,0.0,0.0,0.0,3.1666666666666665,5.5,0.5873333333333334,0.5826666666666667,2.066666666666667,3.6,0.5876666666666667,2.0,4.1000000000000005,6.1000000000000005,1.5333333333333332,0.7666666666666666,0.8666666666666667,1.4333333333333336,2.6666666666666665,8.399999999999999,14041096.0
Matthew Dellavedova,113.0,15-16,PG,24.0,CLE,71.66666666666667,10.333333333333334,20.96666666666667,2.0333333333333337,5.133333333333334,0.393,1.0333333333333332,2.6,0.395,0.9666666666666667,2.566666666666667,0.38966666666666666,0.49366666666666664,0.5666666666666668,0.7333333333333334,0.8063333333333335,0.4666666666666666,1.4333333333333333,1.9000000000000001,3.3333333333333335,0.5,0.06666666666666667,1.0666666666666667,2.1,5.666666666666667,9607500.0
Maurice Harkless,178.0,15-16,SF,21.0,POR,67.66666666666667,19.666666666666668,19.366666666666667,2.233333333333333,4.933333333333334,0.44566666666666666,0.4666666666666666,1.6333333333333335,0.2803333333333333,1.7666666666666668,3.2999999999999994,0.5326666666666667,0.4923333333333333,0.8333333333333334,1.3666666666666665,0.5843333333333334,1.0,2.0666666666666664,3.1,0.8333333333333334,0.8333333333333334,0.4000000000000001,0.8333333333333334,1.6333333333333335,5.766666666666667,10162922.0
Meyers Leonard,264.0,15-16,PF,22.0,POR,52.0,5.666666666666667,15.399999999999999,2.1666666666666665,4.633333333333333,0.4696666666666667,0.7666666666666666,1.9666666666666668,0.26566666666666666,1.4000000000000001,2.6333333333333333,0.5316666666666666,0.5346666666666667,0.5,0.6333333333333333,0.8203333333333332,0.7666666666666666,3.3666666666666667,4.133333333333333,0.8666666666666667,0.16666666666666666,0.2333333333333333,0.7999999999999999,2.3333333333333335,5.6000000000000005,9904495.0
Michael Kidd-Gilchrist,249.0,15-16,SF,21.0,CHO,41.333333333333336,40.333333333333336,27.46666666666667,3.8333333333333335,7.733333333333333,0.49300000000000005,0.13333333333333333,0.3666666666666667,0.27,3.6999999999999993,7.333333333333333,0.5013333333333333,0.5020000000000001,2.4666666666666663,3.6666666666666665,0.6683333333333333,1.8333333333333333,4.6000000000000005,6.3999999999999995,1.1666666666666667,0.5333333333333333,0.5666666666666668,1.0666666666666667,1.9000000000000001,10.266666666666667,13000000.0
Mike Conley,93.0,15-16,PG,27.0,MEM,66.33333333333333,66.33333333333333,32.233333333333334,5.733333333333333,13.033333333333333,0.43933333333333335,1.4333333333333333,3.9333333333333336,0.36999999999999994,4.3,9.1,0.4686666666666666,0.49466666666666664,3.1999999999999997,3.8333333333333335,0.836,0.5,2.5,2.9333333333333336,5.833333333333333,1.3333333333333333,0.2333333333333333,1.9333333333333336,1.8999999999999997,16.099999999999998,28530608.0
Mike Dunleavy,125.0,15-16,SF,34.0,CHI,58.666666666666664,51.333333333333336,27.8,3.2999999999999994,7.7,0.425,1.5,3.8000000000000003,0.39366666666666666,1.8,3.966666666666667,0.454,0.523,1.2333333333333334,1.5333333333333332,0.8143333333333334,0.4333333333333333,3.1666666666666665,3.6,1.8,0.6333333333333334,0.39999999999999997,1.0333333333333334,2.033333333333333,9.3,4837500.0
Mike Miller,303.0,15-16,SF,34.0,DEN,60.333333333333336,7.0,14.066666666666668,1.2666666666666666,2.966666666666667,0.387,0.7666666666666666,1.9333333333333333,0.38366666666666666,0.5,1.0333333333333334,0.37266666666666665,0.525,0.2333333333333333,0.26666666666666666,0.7855,0.20000000000000004,1.6333333333333335,1.8,1.1333333333333335,0.3,0.10000000000000002,0.5666666666666668,1.2333333333333334,3.5,3500000.0
Mike Muscala,321.0,15-16,C,23.0,ATL,40.0,2.6666666666666665,10.933333333333332,1.6666666666666667,3.3333333333333335,0.4916666666666667,0.13333333333333333,0.49999999999999994,0.239,1.5333333333333332,2.8666666666666667,0.5276666666666667,0.5143333333333333,0.6,0.6666666666666666,0.8916666666666666,0.9333333333333332,1.5999999999999999,2.533333333333333,0.5333333333333333,0.26666666666666666,0.5,0.5333333333333333,1.3333333333333333,4.0,5000000.0
Mo Williams,463.0,15-16,PG,32.0,CLE,61.0,15.666666666666666,24.03333333333333,4.0,9.700000000000001,0.41700000000000004,1.2666666666666668,3.533333333333333,0.3546666666666667,2.766666666666667,6.133333333333333,0.45166666666666666,0.48033333333333333,1.4666666666666668,1.6666666666666667,0.8843333333333333,0.3333333333333333,1.7666666666666668,2.1666666666666665,4.3,0.5666666666666667,0.13333333333333333,1.9666666666666668,2.1999999999999997,10.699999999999998,2194500.0
Monta Ellis,130.0,15-16,SG,29.0,IND,81.0,81.0,34.800000000000004,6.633333333333333,15.033333333333333,0.44100000000000006,0.9666666666666668,3.1999999999999997,0.308,5.666666666666667,11.833333333333334,0.47766666666666663,0.47433333333333333,3.0,3.8333333333333335,0.7753333333333332,0.4666666666666666,2.6333333333333333,3.0999999999999996,4.833333333333333,1.8333333333333333,0.3666666666666667,2.733333333333333,2.3333333333333335,17.233333333333334,11227000.0
Nick Young,473.0,15-16,SG,29.0,LAL,53.333333333333336,3.6666666666666665,23.733333333333334,4.133333333333333,10.700000000000001,0.38000000000000006,1.8333333333333333,5.1000000000000005,0.36000000000000004,2.3333333333333335,5.633333333333333,0.39799999999999996,0.46866666666666673,2.6666666666666665,3.1333333333333333,0.8486666666666668,0.39999999999999997,1.8333333333333333,2.233333333333333,1.0333333333333334,0.5333333333333333,0.20000000000000004,1.0333333333333334,1.7666666666666666,12.866666666666665,5192000.0
Nicolas Batum,38.0,15-16,SF,26.0,CHO,74.33333333333333,74.33333333333333,34.833333333333336,4.433333333333333,10.333333333333334,0.4303333333333334,1.7333333333333334,5.000000000000001,0.3443333333333333,2.733333333333333,5.333333333333333,0.513,0.5143333333333333,1.8333333333333333,2.1999999999999997,0.8363333333333333,1.0333333333333334,5.433333333333334,6.5,5.233333333333333,0.9666666666666667,0.6333333333333333,2.433333333333333,1.6666666666666667,12.433333333333332,24000000.0
Omri Casspi,82.0,15-16,PF,26.0,SAC,69.0,14.0,22.133333333333336,3.266666666666667,7.066666666666666,0.46399999999999997,1.0,2.6,0.38599999999999995,2.3000000000000003,4.466666666666666,0.5093333333333333,0.5323333333333333,1.5999999999999999,2.3,0.6869999999999999,0.8000000000000002,3.6999999999999997,4.5,1.3666666666666665,0.6333333333333333,0.16666666666666666,1.2333333333333334,1.7333333333333334,9.200000000000001,1471382.0
Patrick Beverley,46.0,15-16,PG,26.0,HOU,61.0,57.666666666666664,30.266666666666666,3.6,8.833333333333334,0.41033333333333327,1.8,4.933333333333333,0.37233333333333335,1.8,3.9,0.457,0.5133333333333333,1.0333333333333334,1.3666666666666665,0.7486666666666667,1.1666666666666667,2.566666666666667,3.733333333333333,3.1666666666666665,1.2666666666666668,0.4000000000000001,1.3333333333333333,3.233333333333333,10.066666666666666,5513514.0
Patrick Patterson,347.0,15-16,PF,25.0,TOR,75.0,5.666666666666667,25.26666666666667,3.033333333333333,6.766666666666667,0.441,1.1333333333333335,3.1666666666666665,0.36566666666666664,1.8333333333333333,3.6,0.5096666666666666,0.528,0.6666666666666666,0.8333333333333334,0.7816666666666667,1.4666666666666668,3.5666666666666664,4.966666666666666,1.4333333333333333,0.7333333333333334,0.5,0.8333333333333334,1.9333333333333336,7.8,5192000.0
Patty Mills,304.0,15-16,PG,26.0,SAS,71.0,1.6666666666666667,18.366666666666667,3.1666666666666665,7.466666666666666,0.42333333333333334,1.4666666666666668,3.8333333333333335,0.38333333333333336,1.7,3.633333333333333,0.46599999999999997,0.521,0.7000000000000001,0.8333333333333334,0.8416666666666667,0.3666666666666667,1.4666666666666668,1.8666666666666665,2.1,0.6666666666666666,0.06666666666666667,0.8000000000000002,1.2666666666666668,8.533333333333333,10714286.0
Pau Gasol,150.0,15-16,C,34.0,CHI,70.0,70.0,32.53333333333333,6.966666666666666,14.466666666666669,0.48100000000000004,0.19999999999999998,0.5,0.36533333333333334,6.8,13.933333333333332,0.48533333333333334,0.4876666666666667,3.3666666666666667,4.3,0.777,2.3666666666666667,8.5,10.833333333333334,3.4,0.4666666666666666,1.8,2.233333333333333,2.033333333333333,17.466666666666665,16000000.0
Paul George,153.0,15-16,SF,24.0,IND,55.666666666666664,53.666666666666664,28.733333333333334,5.8999999999999995,14.366666666666665,0.403,2.1333333333333333,5.666666666666667,0.38133333333333336,3.766666666666667,8.733333333333334,0.4126666666666667,0.4796666666666667,3.9666666666666663,4.7,0.8170000000000001,0.8333333333333334,5.0,5.833333333333333,2.8666666666666667,1.5333333333333332,0.30000000000000004,2.6999999999999997,2.3666666666666667,17.866666666666667,19508958.0
Paul Millsap,306.0,15-16,PF,29.0,ATL,76.0,75.66666666666667,32.96666666666667,6.266666666666667,13.333333333333334,0.46900000000000003,1.0,2.9333333333333336,0.3443333333333333,5.266666666666667,10.466666666666667,0.504,0.507,3.733333333333333,4.966666666666666,0.7483333333333334,2.1333333333333333,6.3,8.433333333333334,3.1666666666666665,1.7666666666666666,1.2333333333333334,2.4,2.8333333333333335,17.23333333333333,31269231.0
Paul Pierce,354.0,15-16,SF,37.0,LAC,72.0,59.666666666666664,24.099999999999998,3.4666666666666663,8.1,0.4203333333333334,1.4000000000000001,3.9333333333333336,0.35733333333333334,2.0666666666666664,4.2,0.48266666666666663,0.5076666666666667,2.1333333333333333,2.6666666666666665,0.8083333333333332,0.3666666666666667,3.4333333333333336,3.766666666666667,1.8,0.7333333333333334,0.3333333333333333,1.4000000000000001,2.1999999999999997,10.5,3527920.0
Rajon Rondo,378.0,15-16,PG,28.0,SAC,56.666666666666664,56.666666666666664,32.733333333333334,4.533333333333334,10.699999999999998,0.42766666666666664,0.7333333333333334,2.2333333333333334,0.32266666666666666,3.8333333333333335,8.466666666666667,0.455,0.4603333333333333,1.0333333333333332,1.8,0.5346666666666667,0.9666666666666668,4.7,5.666666666666667,9.8,1.5333333333333332,0.10000000000000002,3.4333333333333336,2.3,10.833333333333334,3300000.0
Ray McCallum,286.0,15-16,PG,23.0,TOT,51.333333333333336,15.333333333333334,17.533333333333335,2.2666666666666666,5.733333333333333,0.3973333333333333,0.4666666666666666,1.3,0.3453333333333333,1.8333333333333333,4.3999999999999995,0.414,0.4383333333333333,0.6,0.8666666666666667,0.7410000000000001,0.4666666666666666,1.4333333333333333,1.8333333333333333,2.3333333333333335,0.5,0.20000000000000004,0.9333333333333332,1.2,5.633333333333333,121112.0
Reggie Bullock,68.0,15-16,SF,23.0,DET,38.666666666666664,0.6666666666666666,10.066666666666666,0.9666666666666667,2.433333333333333,0.379,0.5,1.4666666666666668,0.3473333333333333,0.4666666666666666,1.0,0.4266666666666667,0.48233333333333334,0.26666666666666666,0.3,0.7926666666666667,0.2333333333333333,1.3,1.5,0.39999999999999997,0.26666666666666666,0.06666666666666667,0.2333333333333333,0.6333333333333333,2.6333333333333333,2500000.0
Reggie Jackson,220.0,15-16,PG,24.0,DET,78.66666666666667,51.666666666666664,29.566666666666666,5.8,13.366666666666667,0.436,1.1333333333333333,3.466666666666667,0.3303333333333333,4.666666666666667,9.9,0.47266666666666673,0.4789999999999999,2.6999999999999997,3.1,0.8623333333333333,0.6333333333333333,3.1333333333333333,3.766666666666667,5.433333333333333,0.8666666666666667,0.10000000000000002,2.433333333333333,2.1333333333333333,15.466666666666667,17043478.0
Ricky Rubio,382.0,15-16,PG,24.0,MIN,60.0,60.0,31.433333333333337,3.1666666666666665,8.633333333333333,0.37033333333333335,0.6333333333333333,2.1333333333333333,0.304,2.5666666666666664,6.433333333333334,0.39200000000000007,0.40866666666666673,2.9666666666666663,3.6,0.8173333333333334,0.6999999999999998,4.0,4.733333333333333,8.700000000000001,2.033333333333333,0.06666666666666667,2.7000000000000006,2.6666666666666665,9.966666666666667,14275000.0
Robin Lopez,271.0,15-16,C,26.0,NYK,74.33333333333333,74.33333333333333,28.86666666666667,4.233333333333333,7.8,0.5416666666666666,0.0,0.0,0.0,4.233333333333333,7.766666666666667,0.543,0.5416666666666666,1.8999999999999997,2.4,0.795,3.5,4.066666666666666,7.5,1.0666666666666667,0.26666666666666666,1.5666666666666667,1.2666666666666666,2.233333333333334,10.333333333333334,14357750.0
Rudy Gay,151.0,15-16,SF,28.0,SAC,70.33333333333333,70.0,34.7,7.2,15.666666666666666,0.45766666666666667,1.0666666666666667,3.0,0.3443333333333333,6.133333333333333,12.666666666666666,0.48500000000000004,0.49133333333333334,4.066666666666666,4.8999999999999995,0.82,1.4666666666666668,4.6000000000000005,6.133333333333333,2.766666666666667,1.2333333333333334,0.6999999999999998,2.6,2.4,19.433333333333334,8406000.0
Rudy Gobert,156.0,15-16,C,22.0,UTA,62.666666666666664,32.333333333333336,22.53333333333333,2.3666666666666667,4.2,0.5496666666666666,0.0,0.0,0.0,2.3666666666666667,4.2,0.5506666666666666,0.5496666666666666,1.8,3.0999999999999996,0.5613333333333334,2.5666666666666664,5.333333333333333,7.966666666666666,1.0,0.5666666666666667,1.8,1.3333333333333333,2.0333333333333337,6.6000000000000005,21924719.0
Ryan Anderson,18.0,15-16,PF,26.0,NOP,49.666666666666664,8.666666666666666,31.333333333333332,5.933333333333334,14.066666666666668,0.42133333333333334,2.3333333333333335,6.266666666666667,0.37166666666666665,3.6,7.8,0.462,0.5043333333333333,2.6,2.9333333333333336,0.8930000000000001,2.2666666666666666,3.533333333333333,5.766666666666667,0.9333333333333332,0.5333333333333333,0.3333333333333333,1.0999999999999999,1.8999999999999997,16.833333333333332,19578455.0
Ryan Kelly,248.0,15-16,PF,23.0,LAL,49.0,19.666666666666668,19.666666666666668,2.066666666666667,5.433333333333334,0.37633333333333335,0.6,2.0,0.26966666666666667,1.4333333333333333,3.466666666666667,0.41966666666666663,0.42766666666666664,1.4666666666666668,1.8666666666666665,0.7773333333333333,0.5333333333333333,2.8000000000000003,3.2999999999999994,1.3333333333333333,0.5,0.5333333333333333,0.6666666666666666,1.9666666666666668,6.2,1577230.0
Serge Ibaka,213.0,15-16,PF,25.0,OKC,74.33333333333333,74.33333333333333,32.699999999999996,5.866666666666667,11.833333333333334,0.49700000000000005,0.7666666666666666,2.1,0.36166666666666664,5.133333333333333,9.733333333333333,0.5256666666666667,0.5286666666666666,1.5,1.9333333333333333,0.7906666666666666,2.2333333333333334,5.566666666666666,7.8,0.9,0.5,2.3333333333333335,1.4666666666666668,2.8666666666666667,14.0,21666667.0
Seth Curry,104.0,15-16,PG,24.0,SAC,16.0,3.0,8.733333333333333,0.9333333333333332,2.6999999999999997,0.26266666666666666,0.5333333333333333,1.1666666666666667,0.48333333333333334,0.39999999999999997,1.5333333333333332,0.15333333333333335,0.35566666666666674,0.3333333333333333,0.39999999999999997,0.833,0.06666666666666667,0.9,0.9666666666666667,0.6666666666666666,0.5,0.03333333333333333,0.26666666666666666,0.6333333333333333,2.766666666666667,3028410.0
Shaun Livingston,268.0,15-16,PG,29.0,GSW,77.33333333333333,19.666666666666668,21.433333333333334,2.733333333333333,5.466666666666666,0.5063333333333334,0.0,0.10000000000000002,0.11133333333333333,2.733333333333333,5.366666666666667,0.5123333333333333,0.5073333333333333,1.3,1.6333333333333335,0.8003333333333335,0.6666666666666666,1.9333333333333336,2.566666666666667,3.1666666666666665,0.8333333333333334,0.3333333333333333,1.2333333333333332,1.8333333333333333,6.833333333333333,7692308.0
Shelvin Mack,275.0,15-16,PG,24.0,TOT,60.0,12.666666666666666,18.599999999999998,2.8333333333333335,6.733333333333334,0.41900000000000004,0.7666666666666666,2.4,0.3213333333333333,2.0666666666666664,4.3,0.4746666666666666,0.478,0.7666666666666666,0.9333333333333332,0.8029999999999999,0.2333333333333333,1.8,2.033333333333333,3.366666666666667,0.6333333333333333,0.03333333333333333,1.3,1.1333333333333333,7.166666666666667,6000000.0
Solomon Hill,198.0,15-16,SF,23.0,IND,56.333333333333336,27.0,17.26666666666667,1.7666666666666666,4.2,0.4226666666666667,0.5000000000000001,1.5333333333333332,0.31833333333333336,1.2666666666666668,2.6999999999999997,0.511,0.48933333333333334,0.9,1.133333333333333,0.8460000000000001,0.6333333333333334,2.1,2.6999999999999997,1.2,0.5333333333333333,0.16666666666666666,0.8333333333333334,1.366666666666667,4.933333333333334,12236535.0
Spencer Hawes,187.0,15-16,PF,26.0,CHO,70.0,33.0,22.2,3.1333333333333333,7.366666666666667,0.418,1.0333333333333334,2.6999999999999997,0.3673333333333333,2.1333333333333333,4.7,0.4506666666666666,0.48500000000000004,1.0,1.3,0.7536666666666667,0.9666666666666668,4.366666666666666,5.366666666666667,2.033333333333333,0.4333333333333333,0.7999999999999999,1.3333333333333333,2.433333333333333,8.333333333333334,6061175.0
Stephen Curry,105.0,15-16,PG,26.0,GSW,79.0,79.0,34.46666666666667,8.933333333333332,18.233333333333334,0.48733333333333334,4.0,9.066666666666665,0.4403333333333333,4.8999999999999995,9.166666666666666,0.5343333333333334,0.5966666666666667,4.133333333333334,4.6000000000000005,0.9023333333333333,0.7333333333333334,3.9666666666666663,4.666666666666667,7.633333333333333,1.8999999999999997,0.20000000000000004,3.4,2.1666666666666665,25.96666666666667,37457154.0
Steven Adams,3.0,15-16,C,21.0,OKC,77.0,55.666666666666664,21.766666666666666,2.5,4.433333333333334,0.5533333333333333,0.0,0.0,0.0,2.5,4.433333333333334,0.5543333333333335,0.5533333333333333,1.3,2.3666666666666667,0.555,2.433333333333333,3.6,6.099999999999999,0.7333333333333334,0.5,1.0,1.1333333333333333,2.8333333333333335,6.333333333333333,22471910.0
Taj Gibson,154.0,15-16,PF,29.0,CHI,72.33333333333333,26.666666666666668,27.5,4.3,8.633333333333333,0.5023333333333334,0.0,0.03333333333333333,0.0,4.3,8.6,0.5046666666666667,0.5023333333333334,2.033333333333333,2.8000000000000003,0.7200000000000001,2.6,4.1000000000000005,6.7,1.2333333333333334,0.5666666666666667,1.2333333333333332,1.3666666666666665,2.533333333333333,10.633333333333333,14000000.0
Terrence Ross,380.0,15-16,SF,23.0,TOR,78.66666666666667,43.333333333333336,25.366666666666664,3.8000000000000003,9.033333333333333,0.42133333333333334,1.8666666666666665,4.8,0.38433333333333336,1.9333333333333333,4.166666666666667,0.4646666666666666,0.5246666666666667,0.7333333333333334,0.9,0.8043333333333335,0.39999999999999997,2.4,2.8000000000000003,0.9333333333333332,0.6999999999999998,0.3,0.8333333333333334,1.8666666666666665,10.200000000000001,10500000.0
Thabo Sefolosha,391.0,15-16,SF,30.0,ATL,62.666666666666664,26.333333333333332,22.733333333333334,2.2666666666666666,5.133333333333334,0.446,0.6333333333333334,1.9000000000000001,0.3253333333333333,1.6333333333333335,3.233333333333333,0.5153333333333333,0.505,0.8666666666666667,1.1666666666666667,0.7233333333333333,0.8333333333333334,3.2999999999999994,4.133333333333334,1.4333333333333333,1.1333333333333335,0.39999999999999997,0.8333333333333334,1.4333333333333333,6.0,5500000.0
Thaddeus Young,474.0,15-16,PF,26.0,BRK,76.0,73.0,33.13333333333333,6.7,14.033333333333331,0.478,0.5666666666666668,1.8666666666666665,0.29033333333333333,6.1000000000000005,12.166666666666666,0.501,0.49766666666666665,1.7333333333333332,2.566666666666667,0.6703333333333333,2.0666666666666664,4.733333333333333,6.8,2.1333333333333333,1.7333333333333334,0.43333333333333335,1.8333333333333333,2.5,15.699999999999998,13964045.0
Tim Hardaway Jr.,176.0,15-16,SG,22.0,ATL,67.33333333333333,10.666666666666666,21.333333333333332,3.266666666666667,7.966666666666666,0.41566666666666663,1.4000000000000001,4.1000000000000005,0.34766666666666673,1.8666666666666665,3.9,0.49,0.506,1.3666666666666665,1.6333333333333335,0.8406666666666666,0.16666666666666666,1.6333333333333335,1.8,1.2,0.39999999999999997,0.13333333333333333,0.7666666666666666,1.4666666666666668,9.366666666666665,17325000.0
Tobias Harris,184.0,15-16,PF,22.0,TOT,68.33333333333333,57.666666666666664,32.733333333333334,5.8,12.466666666666667,0.4663333333333333,0.9666666666666668,2.9,0.3176666666666667,4.833333333333334,9.566666666666666,0.5086666666666667,0.504,2.9,3.6,0.8086666666666665,1.2666666666666668,5.3999999999999995,6.666666666666667,1.7666666666666666,0.8666666666666666,0.4666666666666666,1.4666666666666666,2.1,15.466666666666667,16000000.0
Toney Douglas,119.0,15-16,PG,28.0,NOP,41.333333333333336,11.666666666666666,16.233333333333334,2.0,5.1000000000000005,0.38933333333333336,0.7666666666666667,2.2666666666666666,0.327,1.2333333333333334,2.8333333333333335,0.4406666666666667,0.4633333333333333,0.8666666666666666,1.1333333333333335,0.7326666666666667,0.3333333333333333,1.6666666666666667,1.9333333333333333,1.9666666666666666,0.7999999999999999,0.16666666666666666,0.8333333333333334,1.8,5.666666666666667,379159.0
Tony Parker,344.0,15-16,PG,32.0,SAS,69.33333333333333,69.33333333333333,28.53333333333333,5.833333333333333,11.833333333333334,0.49266666666666664,0.4666666666666666,1.0666666666666667,0.405,5.3999999999999995,10.799999999999999,0.501,0.511,2.1999999999999997,2.8000000000000003,0.7846666666666667,0.2333333333333333,1.9666666666666668,2.1999999999999997,5.3,0.6333333333333333,0.10000000000000002,2.0333333333333337,1.5,14.333333333333334,15453126.0
Tony Snell,406.0,15-16,SF,23.0,CHI,71.0,22.333333333333332,18.633333333333336,1.9666666666666668,4.966666666666667,0.395,0.8666666666666666,2.4666666666666663,0.3506666666666667,1.0666666666666667,2.466666666666667,0.44333333333333336,0.4833333333333334,0.5,0.6,0.8216666666666667,0.3,2.0666666666666664,2.3666666666666667,0.9333333333333332,0.3666666666666667,0.2333333333333333,0.7000000000000001,1.3,5.266666666666667,10607143.0
Tony Wroten,470.0,15-16,PG,21.0,PHI,36.666666666666664,11.333333333333334,24.099999999999998,4.466666666666666,11.266666666666666,0.38933333333333336,0.7333333333333334,3.1333333333333333,0.21666666666666667,3.733333333333333,8.1,0.4536666666666667,0.42,3.1333333333333333,5.033333333333333,0.6163333333333334,0.6666666666666666,2.2333333333333334,2.9,3.5666666666666664,1.0333333333333334,0.16666666666666666,3.4,1.9666666666666668,12.766666666666666,1050961.0
Trevor Ariza,24.0,15-16,SF,29.0,HOU,80.0,80.0,35.46666666666667,4.666666666666667,10.933333333333332,0.4246666666666667,2.333333333333333,6.233333333333333,0.37599999999999995,2.3000000000000003,4.666666666666667,0.49066666666666664,0.5313333333333333,1.6666666666666667,2.066666666666667,0.8026666666666666,1.0,4.433333333333334,5.433333333333334,2.433333333333333,1.8333333333333333,0.26666666666666666,1.5999999999999999,2.2666666666666666,13.299999999999999,7420912.0
Tristan Thompson,426.0,15-16,PF,23.0,CLE,82.0,43.666666666666664,28.7,3.5666666666666664,6.8,0.5373333333333333,0.0,0.0,0.0,3.5666666666666664,6.8,0.5376666666666666,0.5373333333333333,2.1999999999999997,3.3666666666666667,0.6499999999999999,3.2999999999999994,5.433333333333334,8.733333333333333,0.7333333333333334,0.4666666666666666,0.5666666666666665,1.0,2.3666666666666667,9.333333333333334,17469565.0
Troy Daniels,106.0,15-16,SG,23.0,CHO,31.666666666666668,0.3333333333333333,11.5,2.1333333333333333,4.666666666666667,0.44333333333333336,1.5666666666666664,3.4333333333333336,0.4426666666666666,0.5666666666666668,1.2333333333333334,0.4483333333333333,0.6036666666666667,0.10000000000000002,0.16666666666666666,0.7010000000000001,0.13333333333333333,0.8333333333333334,0.9333333333333332,0.6666666666666666,0.13333333333333333,0.03333333333333333,0.5333333333333333,1.0,5.900000000000001,3408520.0
Tyler Zeller,476.0,15-16,C,25.0,BOS,70.66666666666667,23.666666666666668,15.966666666666669,2.8666666666666667,5.466666666666666,0.5209999999999999,0.0,0.0,0.0,2.8666666666666667,5.466666666666666,0.5216666666666666,0.5209999999999999,1.5333333333333332,1.9333333333333333,0.7856666666666667,1.4333333333333333,2.8000000000000003,4.233333333333333,0.7999999999999999,0.2333333333333333,0.5,0.8666666666666667,2.033333333333333,7.333333333333332,1933941.0
Tyreke Evans,134.0,15-16,SG,25.0,NOP,58.666666666666664,41.0,30.96666666666667,5.8,13.266666666666666,0.4386666666666667,0.8333333333333334,2.533333333333333,0.3043333333333333,4.966666666666667,10.733333333333334,0.4643333333333333,0.4703333333333333,2.9666666666666663,3.9,0.7536666666666667,0.9666666666666668,4.1000000000000005,5.066666666666666,6.066666666666666,1.2666666666666666,0.3666666666666667,2.8000000000000003,2.433333333333333,15.433333333333332,3290000.0
Tyson Chandler,85.0,15-16,C,32.0,PHO,65.33333333333333,63.333333333333336,28.400000000000002,3.4,5.533333333333334,0.614,0.0,0.0,0.0,3.4,5.466666666666668,0.6153333333333333,0.614,1.9666666666666666,2.9333333333333336,0.6573333333333333,3.1666666666666665,6.8,9.933333333333332,1.0666666666666667,0.6,1.0,1.3666666666666665,2.3666666666666667,8.733333333333333,13000000.0
Victor Oladipo,338.0,15-16,SG,22.0,ORL,74.66666666666667,55.666666666666664,33.26666666666667,5.8,13.433333333333332,0.431,1.1666666666666665,3.3666666666666667,0.338,4.633333333333334,10.033333333333333,0.4623333333333333,0.4736666666666667,3.1666666666666665,3.9333333333333336,0.8096666666666668,0.6333333333333333,3.733333333333333,4.366666666666666,4.033333333333333,1.6333333333333335,0.5333333333333333,2.7000000000000006,2.533333333333333,15.9,21000000.0
Vince Carter,80.0,15-16,SG,38.0,MEM,69.0,1.3333333333333333,19.23333333333333,2.766666666666667,7.3,0.37600000000000006,1.2666666666666666,3.633333333333333,0.3466666666666667,1.5,3.6333333333333333,0.4073333333333333,0.4626666666666667,1.3,1.5666666666666664,0.8143333333333332,0.5666666666666668,2.066666666666667,2.6333333333333333,1.5666666666666667,0.6999999999999998,0.3,0.8666666666666666,1.9333333333333336,8.1,8000000.0
Wesley Johnson,235.0,15-16,SF,27.0,LAC,78.33333333333333,43.333333333333336,26.23333333333333,3.3000000000000003,7.8999999999999995,0.4143333333333334,1.2666666666666666,3.5666666666666664,0.351,2.0333333333333337,4.366666666666667,0.4756666666666667,0.49533333333333335,0.8000000000000002,1.0333333333333334,0.7493333333333334,0.7666666666666666,3.1333333333333333,3.9000000000000004,1.2666666666666668,1.0,0.7666666666666666,0.9666666666666668,2.3000000000000003,8.633333333333333,5882260.0
Wesley Matthews,282.0,15-16,SF,28.0,DAL,73.33333333333333,73.33333333333333,33.833333333333336,5.066666666666667,11.9,0.4256666666666667,2.6,6.766666666666667,0.38066666666666665,2.5,5.133333333333334,0.4853333333333334,0.5339999999999999,2.1666666666666665,2.6666666666666665,0.8173333333333334,0.5,2.9000000000000004,3.4333333333333336,2.1999999999999997,1.0666666666666667,0.20000000000000004,1.2333333333333334,2.1999999999999997,14.933333333333332,17884176.0
Will Barton,36.0,15-16,SG,24.0,DEN,60.333333333333336,0.3333333333333333,18.333333333333332,3.1333333333333333,7.300000000000001,0.4246666666666667,0.6666666666666666,2.1,0.30633333333333335,2.433333333333333,5.2,0.4656666666666667,0.4653333333333334,1.5,1.9000000000000001,0.8019999999999999,0.5,2.933333333333333,3.466666666666667,1.5666666666666667,0.6333333333333334,0.3333333333333333,1.0666666666666667,1.2666666666666666,8.4,3533333.0
Zach Randolph,368.0,15-16,PF,33.0,MEM,72.66666666666667,67.66666666666667,32.1,6.599999999999999,13.866666666666665,0.47633333333333333,0.06666666666666667,0.3333333333333333,0.22699999999999998,6.566666666666666,13.566666666666668,0.482,0.47933333333333333,2.966666666666667,3.9,0.7676666666666666,3.066666666666667,6.3999999999999995,9.466666666666667,2.266666666666667,0.7666666666666666,0.2333333333333333,2.0,2.433333333333333,16.266666666666666,12307692.0
