Player,Rk,Season,Pos,Age,Tm,G,GS,MP,FG,FGA,FG%,3P,3PA,3P%,2P,2PA,2P%,eFG%,FT,FTA,FT%,ORB,DRB,TRB,AST,STL,BLK,TOV,PF,PTS,2019-20
Aaron Gordon,178.0,19-20,PF,22.0,ORL,71.2,61.2,30.359999999999996,5.26,11.78,0.44939999999999997,1.26,3.84,0.3154,4.04,7.92,0.5098,0.4998,2.2399999999999998,3.1800000000000006,0.6980000000000001,1.6800000000000002,5.220000000000001,6.92,2.6399999999999997,0.82,0.6599999999999999,1.48,2.06,13.98,19863636
Al Horford,228.0,19-20,C,31.0,PHI,71.4,70.2,31.040000000000003,5.54,11.26,0.4904,1.2600000000000002,3.4,0.36760000000000004,4.279999999999999,7.840000000000001,0.543,0.5466,1.24,1.58,0.7929999999999999,1.5799999999999998,5.42,7.0,4.22,0.78,1.2200000000000002,1.5,1.98,13.52,28000000
Al-Farouq Aminu,9.0,19-20,PF,27.0,ORL,62.2,51.4,27.4,2.8999999999999995,7.380000000000001,0.3856,1.22,3.6399999999999997,0.3306,1.6800000000000002,3.78,0.4358000000000001,0.4662,1.3800000000000001,1.8,0.7405999999999999,1.3199999999999998,5.359999999999999,6.68,1.4000000000000001,0.9600000000000002,0.5399999999999999,1.1800000000000002,1.8199999999999998,8.379999999999999,9258000
Alec Burks,80.0,19-20,SG,26.0,TOT,53.4,9.4,21.16,3.4800000000000004,8.440000000000001,0.4086,1.02,2.7399999999999998,0.3626,2.4400000000000004,5.699999999999999,0.43220000000000003,0.4673999999999999,2.38,2.9,0.8188000000000001,0.48,2.98,3.4799999999999995,1.7200000000000002,0.62,0.18,1.14,1.6,10.3,2320044
Alex Len,293.0,19-20,C,24.0,TOT,71.2,27.2,20.3,3.38,6.74,0.507,0.26,0.8,0.272,3.1,5.94,0.534,0.5244,1.8799999999999997,2.76,0.6858000000000001,2.1399999999999997,4.48,6.6,1.0,0.44000000000000006,0.96,1.3199999999999998,2.64,8.92,4160000
Allen Crabbe,115.0,19-20,SG,25.0,TOT,63.0,20.8,25.54,3.4,8.22,0.4114,1.8199999999999998,4.72,0.3792,1.6,3.5,0.453,0.5197999999999999,1.06,1.3,0.8024000000000001,0.32,2.7399999999999998,3.0800000000000005,1.2,0.6,0.27999999999999997,0.8400000000000001,2.1000000000000005,9.679999999999998,17818456
Andre Drummond,140.0,19-20,C,24.0,TOT,75.2,75.0,32.56,6.639999999999999,12.540000000000003,0.5292,0.04,0.2800000000000001,0.17880000000000001,6.58,12.26,0.5378000000000001,0.5307999999999999,2.6999999999999997,5.42,0.5022,4.82,10.26,15.079999999999998,1.8,1.6199999999999999,1.48,2.4400000000000004,3.2,15.959999999999999,27093019
Andre Iguodala,237.0,19-20,SG,34.0,MIA,58.8,4.2,24.259999999999998,2.38,4.96,0.48019999999999996,0.7,2.16,0.32520000000000004,1.6600000000000001,2.78,0.605,0.5521999999999999,0.7,1.14,0.5868,0.76,3.1,3.84,3.1399999999999997,0.9,0.6399999999999999,1.0,1.5,6.18,17185185
Andrew Wiggins,510.0,19-20,SF-SG,22.0,TOT,74.4,74.4,35.559999999999995,7.539999999999999,17.14,0.44159999999999994,1.42,4.180000000000001,0.3316,6.159999999999999,12.920000000000002,0.47620000000000007,0.4822,3.8200000000000003,5.3,0.7144,1.16,3.22,4.38,2.5,0.9800000000000001,0.6599999999999999,2.1,2.1399999999999997,20.380000000000003,27504630
Anthony Davis,123.0,19-20,PF,24.0,LAL,65.8,65.8,35.08,9.66,18.880000000000003,0.5104,0.78,2.3800000000000003,0.32480000000000003,8.860000000000001,16.540000000000003,0.5372,0.5307999999999999,6.419999999999999,7.959999999999999,0.8056000000000001,2.46,8.42,10.9,2.6799999999999997,1.44,2.3,2.2199999999999998,2.32,26.48,27093019
Anthony Tolliver,474.0,19-20,PF,32.0,TOT,67.2,8.2,19.2,1.9400000000000002,4.660000000000001,0.4062,1.3800000000000001,3.56,0.3804,0.5599999999999999,1.0999999999999999,0.4878,0.5532,0.74,1.02,0.7330000000000001,0.54,2.52,3.0799999999999996,0.9,0.38,0.26,0.6399999999999999,1.48,5.98,2419852
Aron Baynes,32.0,19-20,C,31.0,PHO,66.0,23.2,17.46,2.68,5.4799999999999995,0.488,0.36,1.1,0.20950000000000002,2.3,4.38,0.5218,0.5136000000000001,1.14,1.46,0.7924,1.64,3.3600000000000003,4.96,0.96,0.24,0.58,0.9,2.5000000000000004,6.859999999999999,5453280
Austin Rivers,421.0,19-20,SG,25.0,HOU,69.2,22.8,26.7,3.9200000000000004,9.14,0.4262,1.48,4.200000000000001,0.3516,2.42,4.92,0.4934,0.5076,1.3,1.9599999999999997,0.6486,0.34,1.8800000000000001,2.24,2.44,0.76,0.18,1.1800000000000002,2.32,10.58,2174318
Avery Bradley,59.0,19-20,SG,27.0,LAL,57.8,56.0,30.48,5.1,11.72,0.43520000000000003,1.6400000000000001,4.44,0.36700000000000005,3.5,7.3,0.48019999999999996,0.5064,1.0,1.28,0.7944000000000001,0.6799999999999999,2.66,3.3199999999999994,2.0,1.08,0.22000000000000003,1.52,2.34,12.86,4767000
Ben McLemore,331.0,19-20,SG,24.0,HOU,55.0,23.8,18.220000000000002,2.68,6.28,0.42299999999999993,1.3,3.3800000000000003,0.38100000000000006,1.3800000000000001,2.88,0.48339999999999994,0.5274000000000001,0.8400000000000001,1.1199999999999999,0.7424000000000001,0.38,1.6,1.9799999999999998,0.78,0.5799999999999998,0.18,0.9199999999999999,1.9600000000000002,7.4799999999999995,2028594
Bismack Biyombo,45.0,19-20,C,25.0,CHO,70.4,27.0,19.24,2.14,4.02,0.5408,0.0,0.0,0.0,2.14,4.02,0.5414,0.5408,1.44,2.4200000000000004,0.6104,1.94,4.3,6.22,0.72,0.24,1.1199999999999999,0.9200000000000002,2.2399999999999998,5.8,17000000
Blake Griffin,190.0,19-20,PF,28.0,DET,49.4,49.4,32.96,7.44,16.42,0.44880000000000003,1.34,4.239999999999999,0.3238,6.06,12.2,0.4928,0.4896,4.68,6.159999999999999,0.7602,1.3599999999999999,5.840000000000001,7.220000000000001,4.859999999999999,0.7,0.4,2.62,2.38,20.880000000000003,34234964
Boban Marjanović,312.0,19-20,C,29.0,DAL,46.0,4.4,9.54,2.32,4.0200000000000005,0.5740000000000001,0.04,0.12000000000000002,0.3175,2.2800000000000002,3.9,0.5818,0.5776,1.52,1.98,0.7738,1.3800000000000001,2.6399999999999997,4.0200000000000005,0.5399999999999999,0.24,0.34,0.6799999999999999,1.1800000000000002,6.18,3500000
Bobby Portis,410.0,19-20,C,22.0,NYK,63.0,10.8,20.599999999999998,4.14,9.1,0.45600000000000007,0.8799999999999999,2.4,0.35019999999999996,3.2600000000000002,6.7,0.49160000000000004,0.5014000000000001,1.1199999999999999,1.48,0.7428,1.7600000000000002,4.279999999999999,6.0,1.18,0.5199999999999999,0.32,1.1,1.9,10.26,15000000
Bojan Bogdanović,49.0,19-20,SF,28.0,UTA,76.8,63.4,29.640000000000004,5.360000000000001,11.68,0.45920000000000005,2.06,5.2,0.398,3.3,6.4799999999999995,0.5074,0.5474,2.6599999999999997,3.0999999999999996,0.8608,0.48,3.2,3.6399999999999997,1.6600000000000001,0.5799999999999998,0.08,1.72,1.6600000000000001,15.48,17000000
Bradley Beal,35.0,19-20,SG,24.0,WAS,70.6,66.6,35.04,8.56,18.46,0.46419999999999995,2.54,6.859999999999999,0.374,6.0200000000000005,11.6,0.5177999999999999,0.5336000000000001,4.2,5.119999999999999,0.8066000000000001,0.8200000000000001,3.2,4.02,4.5,1.2,0.4,2.54,2.26,23.840000000000003,27093019
Brook Lopez,300.0,19-20,C,29.0,MIL,74.2,73.6,28.420000000000005,5.840000000000001,12.34,0.46740000000000004,1.42,4.18,0.30260000000000004,4.42,8.2,0.5524,0.5322,2.6,3.2600000000000002,0.7956,1.3399999999999999,4.0200000000000005,5.34,1.7399999999999998,0.6,1.8599999999999999,1.64,2.5599999999999996,15.719999999999999,12093024
Bruno Caboclo,83.0,19-20,C,22.0,TOT,18.2,4.0,10.42,1.16,3.2,0.3204,0.4600000000000001,1.6400000000000001,0.2406,0.6799999999999999,1.56,0.38100000000000006,0.3792,0.38,0.45999999999999996,0.8540000000000001,0.68,1.3399999999999999,1.9600000000000002,0.5599999999999999,0.33999999999999997,0.44000000000000006,0.54,0.96,3.12,1845301
C.J. Miles,338.0,19-20,SG,30.0,WAS,54.6,11.4,19.54,2.98,7.76,0.38079999999999997,1.8200000000000003,5.040000000000001,0.357,1.16,2.7,0.4258,0.497,1.2399999999999998,1.52,0.8131999999999999,0.34,1.8199999999999996,2.1799999999999997,0.8600000000000001,0.68,0.36,0.64,1.8,9.059999999999999,8730158
CJ McCollum,323.0,19-20,SG,26.0,POR,76.2,76.2,35.260000000000005,8.36,18.340000000000003,0.45619999999999994,2.46,6.2,0.39780000000000004,5.92,12.14,0.4868,0.5232,2.5200000000000005,2.9800000000000004,0.8320000000000001,0.74,3.12,3.8,3.7399999999999998,0.9400000000000001,0.43999999999999995,1.9799999999999998,2.4,21.68,27556959
Cameron Payne,397.0,19-20,PG,23.0,PHO,32.2,5.6,18.220000000000002,2.82,6.76,0.41240000000000004,1.0799999999999998,2.8000000000000003,0.36760000000000004,1.7599999999999998,3.9599999999999995,0.441,0.4892,0.52,0.6399999999999999,0.7657999999999999,0.36,1.9400000000000002,2.3,2.7800000000000002,0.76,0.22000000000000003,1.1199999999999999,1.8,7.24,196288
Carmelo Anthony,16.0,19-20,PF,33.0,POR,58.4,56.8,32.739999999999995,6.56,15.520000000000001,0.42119999999999996,1.86,5.279999999999999,0.3536,4.7,10.220000000000002,0.46099999999999997,0.483,2.88,3.6,0.7912,1.0399999999999998,5.2,6.22,2.0799999999999996,0.7000000000000001,0.5599999999999999,1.6600000000000001,2.7600000000000002,17.84,2159029
Chandler Parsons,391.0,19-20,SF,29.0,ATL,32.2,19.2,19.839999999999996,2.8200000000000003,6.919999999999999,0.3888,1.16,3.3599999999999994,0.3398,1.6800000000000002,3.5599999999999996,0.425,0.4756,0.78,1.06,0.752,0.3,2.4799999999999995,2.78,1.7199999999999995,0.7,0.21999999999999997,1.0399999999999998,1.4600000000000002,7.62,25102511
Chris Paul,396.0,19-20,PG,32.0,OKC,64.2,64.2,31.9,6.159999999999999,13.38,0.4612,1.98,5.26,0.377,4.159999999999999,8.06,0.5168,0.5364,3.5799999999999996,4.0,0.8952,0.5599999999999999,4.26,4.84,8.4,1.8800000000000001,0.2,2.42,2.42,17.880000000000003,38506482
Christian Wood,521.0,19-20,PF,22.2,DET,25.2,2.8,10.979999999999999,2.12,4.12,0.501,0.33999999999999997,0.9799999999999999,0.33919999999999995,1.8,3.12,0.5506,0.5389999999999999,1.46,2.04,0.6990000000000001,0.9400000000000001,2.3199999999999994,3.2399999999999998,0.39999999999999997,0.26,0.45999999999999996,0.6000000000000001,0.8,6.08,1645357
Clint Capela,87.0,19-20,C,23.0,HOU,64.4,54.8,27.380000000000003,5.6,8.76,0.6308,0.0,0.0,0.0,5.6,8.739999999999998,0.6312000000000001,0.6308,1.64,3.1,0.527,3.44,6.919999999999999,10.36,1.02,0.72,1.52,1.3,2.5799999999999996,12.8,16456522
Cody Zeller,526.0,19-20,C,25.0,CHO,55.0,40.8,23.919999999999998,3.6199999999999997,6.62,0.544,0.1,0.38000000000000006,0.25600000000000006,3.5200000000000005,6.22,0.56,0.5508000000000001,2.14,3.0,0.7240000000000001,2.2199999999999998,4.180000000000001,6.3999999999999995,1.42,0.74,0.72,1.1,2.8,9.459999999999999,14471910
Corey Brewer,63.0,19-20,SG,31.0,SAC,54.4,8.8,15.059999999999999,1.7,4.02,0.4372,0.38,1.44,0.2202,1.3,2.56,0.5364000000000001,0.4772,0.8,1.16,0.6521999999999999,0.54,1.56,2.12,1.02,0.9200000000000002,0.16,0.6799999999999999,1.78,4.58,289803
Cory Joseph,266.0,19-20,PG,26.0,SAC,79.2,15.6,25.439999999999998,3.04,7.08,0.4284,0.6599999999999999,1.9400000000000002,0.33120000000000005,2.38,5.12,0.46420000000000006,0.4757999999999999,1.0,1.26,0.7667999999999999,0.54,2.4,2.94,3.400000000000001,0.8799999999999999,0.26,1.18,1.7,7.720000000000001,12000000
Courtney Lee,291.0,19-20,SG,32.0,DAL,58.0,44.6,23.759999999999998,3.1399999999999997,6.860000000000001,0.4526,1.06,2.7,0.3846,2.06,4.18,0.5015999999999999,0.5337999999999999,0.9200000000000002,1.06,0.8298,0.42000000000000004,1.9600000000000002,2.3600000000000003,1.6,0.9400000000000001,0.26000000000000006,0.76,1.44,8.18,12759670
Cristiano Felício,153.0,19-20,PF,25.0,CHI,46.8,4.0,14.780000000000001,1.7200000000000002,3.0,0.5774,0.0,0.06000000000000001,0.0,1.7200000000000002,2.94,0.592,0.5774,0.86,1.2399999999999998,0.6988,1.64,2.44,4.08,0.74,0.31999999999999995,0.22000000000000003,0.6599999999999999,1.46,4.34,8156500
D'Angelo Russell,434.0,19-20,PG,21.0,TOT,63.4,53.8,29.02,6.4799999999999995,15.459999999999999,0.4178,2.4,6.779999999999999,0.3526,4.0600000000000005,8.66,0.4680000000000001,0.4946,2.34,3.0000000000000004,0.7696,0.56,3.1800000000000006,3.7199999999999998,5.32,1.1400000000000001,0.27999999999999997,2.96,1.8800000000000001,17.7,27285000
D.J. Augustin,20.0,19-20,PG,30.0,ORL,70.6,30.0,23.020000000000003,3.0599999999999996,7.18,0.4242,1.3199999999999998,3.4200000000000004,0.388,1.72,3.7399999999999998,0.4572,0.5174,2.12,2.5,0.8486,0.32,1.64,1.94,3.9199999999999995,0.58,0.02,1.4600000000000002,1.3399999999999999,9.559999999999999,7250000
Damian Lillard,297.0,19-20,PG,27.0,POR,73.8,73.8,36.239999999999995,8.7,19.7,0.4418,3.2399999999999998,8.52,0.3752,5.52,11.139999999999999,0.4932,0.5234,6.34,7.0200000000000005,0.9006000000000001,0.68,3.78,4.459999999999999,6.839999999999999,1.02,0.36000000000000004,2.84,1.8799999999999997,26.959999999999997,29802321
Danilo Gallinari,167.0,19-20,PF,29.0,OKC,53.4,53.4,32.1,5.480000000000001,12.7,0.4312,2.12,5.5,0.383,3.34,7.2,0.4680000000000001,0.5146,5.24,5.84,0.8996000000000001,0.66,4.619999999999999,5.32,2.2199999999999998,0.68,0.3,1.34,1.52,18.3,22615559
Danny Green,185.0,19-20,SG,30.0,LAL,73.0,71.0,26.159999999999997,3.0,7.32,0.4072,1.8399999999999999,4.76,0.37920000000000004,1.16,2.54,0.4596,0.5314,0.5,0.6599999999999999,0.7762,0.66,2.96,3.6,1.6199999999999999,1.02,0.7799999999999999,0.9800000000000001,1.8800000000000001,8.28,14634146
DeAndre Jordan,265.0,19-20,C,29.0,BRK,72.0,62.0,29.720000000000006,4.4,6.5600000000000005,0.6738,0.0,0.0,0.0,4.4,6.5600000000000005,0.6746000000000001,0.6738,2.52,4.66,0.5754,3.46,9.720000000000002,13.179999999999998,1.6199999999999999,0.54,1.38,1.6199999999999999,2.46,11.34,9881598
DeMar DeRozan,128.0,19-20,SF,28.0,SAS,75.4,75.4,34.84,8.42,17.759999999999998,0.47620000000000007,0.4600000000000001,1.6400000000000001,0.26539999999999997,7.959999999999999,16.12,0.4936,0.4892,6.140000000000001,7.279999999999999,0.8384,0.74,4.279999999999999,5.0200000000000005,4.9799999999999995,1.06,0.32,2.3600000000000003,2.14,23.419999999999998,27739975
DeMarre Carroll,88.0,19-20,SF-PF,31.0,TOT,52.4,35.0,24.740000000000002,3.2,8.04,0.39540000000000003,1.44,4.0600000000000005,0.3372,1.7600000000000002,3.96,0.45999999999999996,0.48100000000000004,1.78,2.46,0.715,1.0,3.5,4.52,1.26,0.8800000000000001,0.26,1.02,1.94,9.620000000000001,6842307
Delon Wright,522.0,19-20,SG,25.0,DAL,54.2,4.6,18.0,2.3600000000000003,5.32,0.4466,0.5399999999999999,1.5400000000000003,0.35039999999999993,1.8399999999999999,3.7600000000000002,0.4864,0.4948,1.3399999999999999,1.6800000000000002,0.7797999999999999,0.7,2.0,2.68,2.54,0.9400000000000001,0.34,0.9199999999999999,1.06,6.6,9473684
Dennis Schröder,441.0,19-20,PG,24.0,OKC,74.0,33.4,28.580000000000002,6.260000000000001,14.220000000000002,0.4382,1.38,4.04,0.3356,4.88,10.16,0.479,0.48739999999999994,2.6800000000000006,3.2,0.8306000000000001,0.45999999999999996,2.72,3.2,5.0,0.8800000000000001,0.15999999999999998,2.62,2.0799999999999996,16.54,15500000
Derrick Favors,152.0,19-20,C,26.0,NOP,63.2,58.8,26.26,4.959999999999999,9.04,0.5536,0.1,0.44000000000000006,0.1766,4.86,8.6,0.5744,0.5591999999999999,1.7599999999999998,2.7,0.6426,2.6,5.1,7.720000000000001,1.3399999999999999,0.82,1.1400000000000001,1.24,2.16,11.8,17650000
Derrick Rose,430.0,19-20,PG,29.0,DET,51.2,33.0,26.880000000000003,6.34,13.7,0.461,0.64,2.04,0.28379999999999994,5.74,11.620000000000001,0.49079999999999996,0.48339999999999994,2.4799999999999995,2.88,0.8528,0.6599999999999999,2.08,2.74,4.1,0.6199999999999999,0.24,2.1,1.06,15.780000000000001,7317073
Devin Booker,55.0,19-20,SG,21.0,PHO,68.4,63.4,33.62,7.839999999999999,17.42,0.4468,2.0,5.659999999999999,0.3538,5.8,11.78,0.49119999999999997,0.5042,5.140000000000001,5.92,0.867,0.5,3.2,3.7,4.8,0.8,0.28,3.34,3.0599999999999996,22.799999999999997,27250000
Dewayne Dedmon,126.0,19-20,C,28.0,TOT,60.8,34.6,19.46,2.82,5.64,0.5194000000000001,0.52,1.6199999999999999,0.31433333333333335,2.32,4.0200000000000005,0.5773999999999999,0.5544,1.02,1.3,0.775,1.5,4.82,6.3,0.8400000000000001,0.64,0.8799999999999999,1.0799999999999998,2.64,7.220000000000001,13333334
Dion Waiters,493.0,19-20,SG,26.0,TOT,41.6,23.2,26.979999999999997,4.74,11.6,0.4098,1.72,4.96,0.351,3.0200000000000005,6.640000000000001,0.4586,0.4854,1.3599999999999999,1.9600000000000002,0.6844,0.32,2.4,2.6999999999999997,2.9799999999999995,0.76,0.33999999999999997,1.8200000000000003,1.9200000000000004,12.6,12100000
Doug McDermott,326.0,19-20,PF,26.0,IND,74.8,2.8,20.979999999999997,3.3,7.040000000000001,0.46900000000000003,1.3399999999999999,3.2199999999999998,0.41279999999999994,1.9600000000000002,3.8600000000000003,0.5174,0.5626,0.8800000000000001,1.02,0.8310000000000001,0.38,1.94,2.3000000000000003,0.9199999999999999,0.2,0.12,0.6199999999999999,1.48,8.760000000000002,7333334
Draymond Green,186.0,19-20,PF,27.0,GSW,67.2,67.2,31.920000000000005,3.6599999999999993,8.24,0.4391999999999999,0.9800000000000001,3.1799999999999997,0.3122,2.6399999999999997,5.08,0.5214000000000001,0.499,1.8399999999999999,2.54,0.7262000000000001,1.1,6.62,7.7,6.960000000000001,1.5399999999999998,1.2,2.6800000000000006,2.82,10.12,18539130
Dwight Howard,231.0,19-20,C,32.0,LAL,60.8,47.4,27.340000000000003,4.859999999999999,7.94,0.632,0.0,0.06000000000000001,0.18575,4.859999999999999,7.9,0.635,0.6334000000000001,3.06,5.6,0.5428,3.14,7.58,10.7,1.04,0.74,1.1800000000000002,2.04,3.18,12.820000000000002,3039097
Dwight Powell,412.0,19-20,C,26.0,DAL,68.4,17.8,20.2,3.0599999999999996,5.319999999999999,0.5671999999999999,0.30000000000000004,0.9800000000000001,0.261,2.7800000000000002,4.38,0.6312,0.5922000000000001,1.8,2.46,0.7312000000000001,1.56,3.34,4.92,1.0799999999999998,0.72,0.48,0.7,2.2199999999999998,8.2,10259375
E'Twaun Moore,348.0,19-20,SG,28.0,NOP,64.6,33.2,24.72,4.08,8.6,0.4706,1.1999999999999997,2.9200000000000004,0.4112,2.88,5.680000000000001,0.502,0.5391999999999999,0.6399999999999999,0.86,0.7114,0.5599999999999999,1.8400000000000003,2.4,1.9,0.74,0.24,0.9400000000000001,1.8399999999999999,9.96,8664928
Ed Davis,124.0,19-20,C,28.0,UTA,62.8,2.8,17.119999999999997,1.8800000000000001,3.2600000000000002,0.563,0.0,0.0,0.0,1.8800000000000001,3.2600000000000002,0.5641999999999999,0.563,0.9800000000000001,1.64,0.592,2.2399999999999998,4.24,6.5,0.68,0.44000000000000006,0.5599999999999999,0.74,2.58,4.74,4767000
Elfrid Payton,398.0,19-20,PG,23.0,NYK,61.0,53.6,29.0,4.68,10.260000000000002,0.4546,0.5,1.72,0.2886,4.18,8.520000000000001,0.48760000000000003,0.479,1.48,2.32,0.6486,1.1199999999999999,3.4200000000000004,4.5,6.779999999999999,1.24,0.38,2.4200000000000004,2.1199999999999997,11.36,8000000
Emmanuel Mudiay,355.0,19-20,PG,21.0,UTA,60.0,33.0,23.68,4.04,10.02,0.4074,0.9199999999999999,2.82,0.3252,3.1400000000000006,7.2,0.4396,0.4532,1.92,2.5599999999999996,0.7494,0.45999999999999996,2.48,2.92,3.72,0.68,0.27999999999999997,2.2,1.6199999999999999,10.9,1737145
Enes Kanter,269.0,19-20,C,25.0,BOS,70.0,22.0,21.9,5.1,9.040000000000001,0.5668,0.06000000000000001,0.28,0.209,5.0200000000000005,8.76,0.5768000000000001,0.5706,2.24,2.86,0.785,3.2199999999999998,5.359999999999999,8.600000000000001,1.1,0.41999999999999993,0.5,1.52,2.18,12.580000000000002,4767000
Eric Bledsoe,47.0,19-20,PG,28.0,MIL,62.0,62.0,30.939999999999998,6.36,13.780000000000001,0.4638,1.52,4.42,0.34540000000000004,4.82,9.36,0.5238,0.5198,3.78,4.640000000000001,0.7968,0.78,3.6399999999999997,4.36,5.659999999999999,1.56,0.5,2.8600000000000003,2.3,18.0,15625000
Eric Gordon,179.0,19-20,SF,29.0,HOU,58.6,31.4,31.0,5.4,13.320000000000002,0.406,2.9800000000000004,8.260000000000002,0.35840000000000005,2.46,5.0,0.487,0.5172,2.28,2.7600000000000002,0.8172,0.31999999999999995,2.0,2.3200000000000003,2.16,0.6799999999999999,0.4,1.52,1.98,16.0,14057730
Ersan İlyasova,238.0,19-20,PF,30.0,MIL,71.0,33.2,22.139999999999997,3.46,7.88,0.4422,1.2,3.3400000000000007,0.3624,2.2600000000000002,4.540000000000001,0.5018,0.5186,1.4,1.8199999999999998,0.7858,1.48,3.8200000000000003,5.3,1.1,0.64,0.34,0.9199999999999999,2.2600000000000002,9.559999999999999,7000000
Evan Fournier,159.0,19-20,SG,25.0,ORL,70.2,68.2,32.12,6.06,13.379999999999999,0.453,2.12,5.660000000000001,0.3748,3.9400000000000004,7.699999999999998,0.5098,0.5321999999999999,2.56,3.1,0.8263999999999999,0.44000000000000006,2.52,2.9799999999999995,3.0800000000000005,1.0,0.14,1.8599999999999999,2.5799999999999996,16.800000000000004,17000000
Evan Turner,481.0,19-20,PG,29.0,ATL,63.4,13.2,22.880000000000003,3.04,6.94,0.4324,0.27999999999999997,1.1,0.2068,2.74,5.86,0.4668,0.4506,1.18,1.48,0.8134,0.5,3.16,3.6599999999999993,3.14,0.68,0.33999999999999997,1.58,1.6599999999999997,7.56,18606557
Frank Kaminsky,268.0,19-20,C,24.0,PHO,64.2,7.2,21.28,3.46,8.1,0.4302,1.16,3.38,0.3472,2.3,4.74,0.4904,0.5018,1.6400000000000001,2.2,0.7402,0.8000000000000002,3.2600000000000002,4.040000000000001,1.6400000000000001,0.45999999999999996,0.36,0.86,1.6,9.719999999999999,4767000
Garrett Temple,465.0,19-20,SG,31.0,BRK,69.4,37.8,26.18,2.96,7.26,0.40800000000000003,1.4,3.9599999999999995,0.356,1.56,3.3000000000000007,0.4718,0.5032,1.02,1.3399999999999999,0.7667999999999999,0.44000000000000006,2.4,2.84,2.04,0.9800000000000001,0.38,1.02,2.2199999999999998,8.319999999999999,4767000
Gary Harris,202.0,19-20,SG,23.0,DEN,62.6,60.0,31.68,5.1,11.08,0.45999999999999996,1.6600000000000001,4.459999999999999,0.3684,3.4200000000000004,6.6,0.5218,0.5337999999999999,1.7,2.14,0.8074,0.6599999999999999,2.2199999999999998,2.86,2.4000000000000004,1.34,0.22000000000000003,1.3399999999999999,1.8800000000000001,13.6,17839286
George Hill,219.0,19-20,PG,31.0,MIL,61.8,39.4,27.160000000000004,3.9799999999999995,8.559999999999999,0.4692,1.4200000000000002,3.54,0.4,2.5799999999999996,4.999999999999999,0.5182,0.553,1.7799999999999998,2.2399999999999998,0.8026,0.68,2.44,3.12,3.1799999999999997,0.9400000000000001,0.2,1.2600000000000002,1.86,11.2,9133907
Giannis Antetokounmpo,13.0,19-20,PF,23.0,MIL,74.0,73.8,34.160000000000004,9.08,16.82,0.5373999999999999,0.74,2.62,0.2792,8.360000000000001,14.219999999999999,0.5851999999999998,0.5588,5.86,8.16,0.7232000000000001,1.9400000000000002,8.580000000000002,10.520000000000001,5.200000000000001,1.32,1.44,3.18,3.1399999999999997,24.78,25842697
Goran Dragić,139.0,19-20,PG,31.0,MIA,63.0,49.0,30.78,6.0,13.24,0.45119999999999993,1.5400000000000003,4.220000000000001,0.3604,4.459999999999999,9.0,0.4932,0.5094,2.82,3.62,0.7752,0.68,2.94,3.6,5.26,0.9,0.18,2.42,2.42,16.32,19217900
Gordon Hayward,210.0,19-20,SF,27.0,BOS,55.6,44.8,27.020000000000003,5.16,11.02,0.47400000000000003,1.3,3.7399999999999998,0.29259999999999997,3.84,7.279999999999999,0.6158,0.5234,2.9,3.46,0.83925,0.6599999999999999,3.8599999999999994,4.5200000000000005,2.94,0.76,0.26,1.5399999999999998,1.6200000000000003,14.52,32700690
Gorgui Dieng,131.0,19-20,C,28.0,TOT,76.4,28.0,21.48,3.06,6.18,0.49399999999999994,0.33999999999999997,0.9199999999999999,0.33540000000000003,2.7399999999999998,5.2,0.524,0.5224,1.52,1.86,0.8036,1.6,4.24,5.859999999999999,1.32,0.8400000000000001,0.86,1.1,2.3,7.960000000000001,16229213
Harrison Barnes,27.0,19-20,PF,25.0,SAC,74.2,72.8,33.60000000000001,5.959999999999999,13.16,0.4518,1.48,3.94,0.3734,4.4399999999999995,9.2,0.48360000000000003,0.5104,2.8,3.4,0.8148,1.04,4.1,5.12,1.8,0.6399999999999999,0.2,1.24,1.56,16.14,24147727
Hassan Whiteside,509.0,19-20,C,28.0,POR,68.6,57.6,28.059999999999995,6.08,10.5,0.579,0.02,0.06000000000000001,0.5653333333333334,6.04,10.440000000000001,0.5807999999999999,0.5802,2.42,3.9,0.6232,3.56,8.92,12.420000000000002,0.8200000000000001,0.6,2.46,1.7399999999999998,2.7399999999999998,14.6,27093018
Ian Mahinmi,309.0,19-20,C,31.0,WAS,50.2,22.4,18.859999999999996,2.34,4.34,0.5356,0.04,0.24,0.12666666666666668,2.3,4.1,0.5548,0.5408000000000001,1.5,2.4200000000000004,0.6342000000000001,1.7399999999999998,3.38,5.1,0.9600000000000002,0.8,0.82,1.1199999999999999,2.9,6.24,15450051
Iman Shumpert,447.0,19-20,SG,27.0,BRK,43.8,16.6,22.4,2.12,5.640000000000001,0.37320000000000003,0.9199999999999999,2.9800000000000004,0.30279999999999996,1.2,2.68,0.44399999999999995,0.4526,0.6599999999999999,0.8800000000000001,0.7354,0.54,2.4800000000000004,3.04,1.4000000000000001,0.86,0.34,0.9600000000000002,1.8800000000000001,5.880000000000001,419443
Isaiah Thomas,467.0,19-20,PG,28.0,WAS,48.4,41.4,26.22,5.66,13.7,0.4029999999999999,1.98,5.680000000000001,0.34459999999999996,3.6799999999999997,8.0,0.4452,0.47519999999999996,4.0600000000000005,4.68,0.8238,0.48,1.64,2.12,4.499999999999999,0.64,0.14,2.38,1.86,17.32,2320044
Ish Smith,455.0,19-20,PG,29.0,WAS,72.8,28.6,25.339999999999996,4.4399999999999995,10.08,0.4404,0.6199999999999999,1.9200000000000004,0.3272,3.78,8.16,0.46580000000000005,0.47220000000000006,1.04,1.48,0.7152000000000001,0.4,2.68,3.08,4.92,0.82,0.30000000000000004,1.4999999999999998,1.7,10.540000000000001,5853659
J.J. Barea,26.0,19-20,PG,33.0,DAL,49.0,7.6,20.6,3.9799999999999995,9.32,0.42560000000000003,1.3399999999999999,3.7,0.35660000000000003,2.62,5.640000000000001,0.46979999999999994,0.497,1.1199999999999999,1.44,0.8064,0.3,2.04,2.34,5.08,0.42000000000000004,0.02,1.7200000000000002,1.1600000000000001,10.4,2564753
J.J. Redick,418.0,19-20,SG,33.0,NOP,71.8,64.4,28.820000000000004,5.44,11.940000000000001,0.4556,2.8600000000000003,6.56,0.43479999999999996,2.62,5.4,0.48100000000000004,0.5746,2.6599999999999997,2.9799999999999995,0.8938,0.15999999999999998,2.1599999999999997,2.3000000000000003,2.1,0.5,0.15999999999999998,1.2799999999999998,1.7,16.36,13486300
J.R. Smith,456.0,19-20,SG,32.0,LAL,43.0,35.4,24.240000000000002,2.86,7.6,0.3648,1.6,4.659999999999999,0.305,1.2399999999999998,2.9200000000000004,0.42799999999999994,0.45940000000000003,0.45999999999999996,0.6399999999999999,0.7594000000000001,0.27999999999999997,1.92,2.1800000000000006,1.48,0.8400000000000001,0.2,0.8200000000000001,1.8,7.76,1456667
JaMychal Green,187.0,19-20,PF,27.0,LAC,67.6,30.2,23.119999999999997,3.2199999999999998,6.919999999999999,0.4668,0.8600000000000001,2.2600000000000002,0.36819999999999997,2.38,4.680000000000001,0.5147999999999999,0.5307999999999999,1.26,1.6800000000000002,0.7634000000000001,1.9,4.660000000000001,6.56,1.0,0.6,0.43999999999999995,1.1800000000000002,2.8400000000000003,8.559999999999999,4767000
JaVale McGee,327.0,19-20,C,30.0,LAL,63.8,31.8,13.780000000000001,3.06,4.88,0.6218,0.0,0.08,0.1166,3.04,4.82,0.6298,0.623,0.78,1.3,0.6028,1.6400000000000001,2.96,4.58,0.4,0.34,1.2,0.74,1.86,6.92,4000000
Jabari Parker,390.0,19-20,PF,22.0,TOT,52.0,33.0,28.119999999999997,6.08,12.3,0.4936,0.8399999999999999,2.54,0.31739999999999996,5.22,9.78,0.54,0.5276,2.0800000000000005,2.8,0.7434,1.4599999999999997,4.2,5.7,2.1199999999999997,0.9200000000000002,0.4,1.7799999999999998,2.1399999999999997,15.059999999999999,6500000
Jae Crowder,118.0,19-20,SF,27.0,TOT,74.0,51.2,29.2,4.08,9.64,0.422,1.9200000000000004,5.4799999999999995,0.34619999999999995,2.1799999999999997,4.16,0.5244,0.5209999999999999,1.9799999999999998,2.5200000000000005,0.7891999999999999,0.8,4.24,5.0,1.8800000000000001,1.08,0.38,1.06,2.3,12.039999999999997,7815533
Jahlil Okafor,379.0,19-20,C,22.0,NOP,44.0,22.8,19.34,4.42,8.1,0.5578,0.0,0.08,0.2375,4.380000000000001,8.040000000000001,0.5624,0.5598,1.5399999999999998,2.3,0.6778,1.54,3.2199999999999998,4.74,0.9400000000000001,0.27999999999999997,0.8400000000000001,1.42,2.12,10.379999999999999,1702486
Jamal Crawford,117.0,19-20,SG,37.0,BRK,61.2,1.2,19.759999999999998,3.56,8.52,0.4258,1.2399999999999998,3.4799999999999995,0.37260000000000004,2.3200000000000003,5.0600000000000005,0.46259999999999996,0.5058,1.6,1.8,0.87725,0.18000000000000002,1.04,1.18,2.7599999999999993,0.48,0.13999999999999999,1.1400000000000001,1.24,9.940000000000001,289803
James Ennis,147.0,19-20,SF,27.0,TOT,57.0,20.0,20.06,2.4,5.140000000000001,0.46440000000000003,0.8800000000000001,2.38,0.36619999999999997,1.5,2.76,0.5492,0.5504,1.1600000000000001,1.52,0.7749999999999999,1.02,2.1399999999999997,3.14,0.9199999999999999,0.6599999999999999,0.3,0.8,2.08,6.859999999999999,1882867
James Harden,198.0,19-20,SG,28.0,HOU,76.2,76.2,36.64,9.34,21.1,0.44279999999999997,3.7999999999999994,10.580000000000002,0.3592,5.5600000000000005,10.520000000000001,0.5278,0.5324,9.319999999999999,10.8,0.8618,0.8799999999999999,5.680000000000001,6.5600000000000005,8.5,1.7599999999999998,0.6799999999999999,4.840000000000001,2.84,31.78,37800000
James Johnson,257.0,19-20,PF,30.0,TOT,58.6,22.4,22.14,3.44,7.260000000000001,0.47380000000000005,0.8400000000000001,2.52,0.33,2.62,4.78,0.5472,0.5314,1.2200000000000002,1.8,0.6678,0.6799999999999999,3.1199999999999997,3.7800000000000002,2.6799999999999997,0.78,0.78,1.5799999999999998,2.26,8.959999999999999,15349400
Jared Dudley,141.0,19-20,SF,32.0,LAL,59.4,14.8,18.059999999999995,1.72,3.8600000000000003,0.4295999999999999,0.86,2.2600000000000002,0.38839999999999997,0.8400000000000001,1.6199999999999999,0.48460000000000003,0.5482,0.54,0.74,0.7727999999999999,0.41999999999999993,2.16,2.56,1.52,0.5999999999999999,0.22000000000000003,0.72,1.9200000000000004,4.860000000000001,2564753
Jeff Green,189.0,19-20,PF-C,31.0,TOT,70.4,22.6,24.2,3.78,8.48,0.4476,1.0,3.1399999999999997,0.3176,2.7800000000000002,5.359999999999999,0.5311999999999999,0.5078000000000001,2.1399999999999997,2.56,0.8331999999999999,0.7,2.7399999999999998,3.46,1.4,0.5599999999999999,0.4,1.1,1.9,10.680000000000001,2564753
Jeff Teague,464.0,19-20,PG,29.0,TOT,66.4,57.6,29.76,4.66,10.620000000000001,0.4372,1.04,2.88,0.3652,3.62,7.76,0.46319999999999995,0.4862,3.28,3.8600000000000003,0.8452,0.4,2.5,2.9200000000000004,6.82,1.12,0.33999999999999997,2.44,2.08,13.64,19000000
Jerami Grant,182.0,19-20,PF,23.0,DEN,77.8,31.6,25.1,3.5199999999999996,7.340000000000001,0.47840000000000005,0.8399999999999999,2.4,0.3366,2.6799999999999997,4.9799999999999995,0.5392,0.5338,2.0,2.9200000000000004,0.6809999999999999,0.9800000000000001,3.02,3.9799999999999995,1.06,0.6,1.14,0.8800000000000001,2.3,9.84,9346153
Jeremy Lamb,284.0,19-20,SG,25.0,IND,66.6,24.0,23.639999999999997,4.42,9.760000000000002,0.4518,1.08,3.1800000000000006,0.3286,3.34,6.6,0.511,0.5052,1.98,2.34,0.833,0.6199999999999999,3.78,4.4,1.8,0.82,0.44000000000000006,0.9400000000000001,1.8,11.84,10500000
Jerian Grant,183.0,19-20,PG,25.0,WAS,55.8,12.2,16.939999999999998,2.0,4.9799999999999995,0.4046,0.58,1.8,0.3052,1.44,3.16,0.45779999999999993,0.46420000000000006,1.0799999999999998,1.4400000000000002,0.7558,0.32,1.4,1.72,2.5799999999999996,0.64,0.12,0.8800000000000001,1.54,5.720000000000001,196288
Jimmy Butler,82.0,19-20,SF,28.0,MIA,65.0,64.8,35.60000000000001,6.840000000000001,14.9,0.45999999999999996,0.9800000000000001,2.98,0.324,5.88,11.94,0.4928,0.49239999999999995,6.4399999999999995,7.58,0.8480000000000001,1.58,4.18,5.76,5.04,1.8399999999999999,0.52,1.92,1.5599999999999998,21.119999999999997,32742000
Joakim Noah,368.0,19-20,C,32.0,LAC,25.8,9.8,15.24,1.6200000000000003,3.4200000000000004,0.47780000000000006,0.0,0.0,0.0,1.6200000000000003,3.4,0.4796,0.47780000000000006,0.9799999999999999,1.6199999999999999,0.5782,1.9600000000000002,3.72,5.700000000000001,2.02,0.45999999999999996,0.6,1.22,2.06,4.18,6431666
Joe Harris,203.0,19-20,SF,26.0,BRK,56.0,34.0,22.24,3.5,7.4,0.4304,1.72,4.14,0.39039999999999997,1.7600000000000002,3.2800000000000002,0.53975,0.5496000000000001,0.82,1.06,0.77175,0.5199999999999999,2.46,2.96,1.5,0.42000000000000004,0.18,1.12,1.8399999999999999,9.56,7670000
Joe Ingles,239.0,19-20,SF,30.0,UTA,79.8,47.2,26.340000000000003,3.18,7.08,0.4476,1.86,4.5,0.4114,1.34,2.5799999999999996,0.5152,0.58,0.7400000000000001,0.96,0.7492,0.32,3.1,3.44,3.9199999999999995,1.02,0.14,1.6800000000000002,1.94,8.940000000000001,11954546
John Henson,211.0,19-20,PF,27.0,TOT,49.0,23.4,18.099999999999998,2.8,5.220000000000001,0.534,0.2,0.64,0.144,2.6000000000000005,4.58,0.5720000000000001,0.5552,0.9400000000000001,1.58,0.5904,1.48,3.5,5.0,1.1600000000000001,0.5,1.3,0.9800000000000001,2.1399999999999997,6.74,9732396
Jonas Valančiūnas,484.0,19-20,C,25.0,MEM,67.2,62.6,24.58,5.4799999999999995,9.639999999999999,0.5668,0.24000000000000005,0.6599999999999999,0.38725,5.260000000000001,9.0,0.5824,0.5781999999999999,2.44,3.1399999999999997,0.7826000000000001,2.6999999999999997,6.720000000000001,9.42,1.1600000000000001,0.42000000000000004,1.04,1.5599999999999998,2.68,13.6,16000000
Jordan Clarkson,103.0,19-20,SG,25.0,TOT,78.8,20.4,27.22,5.82,13.12,0.4462,1.6200000000000003,4.720000000000001,0.344,4.220000000000001,8.379999999999999,0.5056,0.5086,1.9,2.32,0.8164000000000001,0.8400000000000001,2.28,3.12,2.4,0.8399999999999999,0.13999999999999999,1.6799999999999997,1.6199999999999999,15.219999999999999,13437500
Josh Richardson,420.0,19-20,SG,24.0,PHI,62.8,48.6,30.120000000000005,4.3999999999999995,10.319999999999999,0.42780000000000007,1.5400000000000003,4.279999999999999,0.37340000000000007,2.8200000000000003,6.040000000000001,0.46580000000000005,0.5056,1.6400000000000001,2.06,0.7921999999999999,0.6799999999999999,2.44,3.12,2.7800000000000002,1.06,0.6599999999999999,1.4,2.46,12.000000000000002,10100000
Jrue Holiday,223.0,19-20,SG,27.0,NOP,68.2,58.6,33.519999999999996,7.119999999999999,15.38,0.4628,1.6199999999999999,4.74,0.34140000000000004,5.5200000000000005,10.64,0.5161999999999999,0.5154,2.4200000000000004,3.1399999999999997,0.7628,0.8600000000000001,3.400000000000001,4.24,6.74,1.52,0.68,2.84,2.28,18.3,26131111
Julius Randle,415.0,19-20,PF,23.0,NYK,74.8,59.0,29.359999999999996,6.12,12.459999999999999,0.4917999999999999,0.4600000000000001,1.6200000000000003,0.2782,5.66,10.86,0.5194,0.5088,3.56,4.9,0.724,2.18,6.88,9.040000000000001,2.8400000000000003,0.68,0.45999999999999996,2.5,3.18,16.3,18000000
Justin Anderson,10.0,19-20,SF,24.0,BRK,45.2,4.8,12.440000000000001,1.6800000000000002,4.299999999999999,0.38639999999999997,0.6399999999999999,2.2600000000000002,0.28259999999999996,1.04,2.04,0.5068,0.4600000000000001,0.72,0.96,0.7142,0.4999999999999999,1.9,2.4000000000000004,0.6799999999999999,0.33999999999999997,0.38,0.52,1.1999999999999997,4.72,196288
Justin Holiday,224.0,19-20,SG,28.0,IND,72.4,32.8,24.58,3.0,7.6,0.4008,1.58,4.34,0.362,1.44,3.2,0.4484,0.5035999999999999,1.02,1.24,0.813,0.38,2.7399999999999998,3.1199999999999997,1.5,1.04,0.43999999999999995,0.9400000000000001,1.6599999999999997,8.64,4767000
Justise Winslow,520.0,19-20,SF,21.0,MIA,48.2,21.0,29.940000000000005,3.8600000000000003,9.72,0.4046,0.7,2.3400000000000003,0.2906,3.2,7.42,0.43760000000000004,0.442,1.3,2.04,0.6462,1.1400000000000001,4.42,5.56,3.1399999999999997,0.96,0.38,1.7,2.72,9.8,13000000
Jusuf Nurkić,374.0,19-20,C,23.0,POR,51.2,42.0,24.78,5.22,10.58,0.48640000000000005,0.06,0.38000000000000006,0.06060000000000001,5.159999999999999,10.219999999999999,0.4974,0.4888,2.74,3.8600000000000003,0.6952,2.62,5.84,8.48,2.4400000000000004,0.96,1.4600000000000002,2.1799999999999997,3.3600000000000003,13.180000000000001,12000000
Karl-Anthony Towns,476.0,19-20,C,22.0,MIN,71.6,71.6,34.32,8.600000000000001,16.259999999999998,0.531,1.64,4.1,0.3882,6.9799999999999995,12.180000000000001,0.5748000000000001,0.5798000000000001,4.24,5.16,0.8266,3.0799999999999996,8.580000000000002,11.66,2.9800000000000004,0.8,1.44,2.5799999999999996,3.3,23.12,27250000
Kawhi Leonard,294.0,19-20,SF,26.0,LAC,54.4,54.4,31.24,8.14,16.759999999999998,0.485,1.8199999999999998,4.76,0.37720000000000004,6.359999999999999,12.0,0.5288,0.5388,5.220000000000001,6.039999999999999,0.8620000000000001,1.06,5.26,6.34,3.3200000000000003,1.8399999999999999,0.74,2.0,1.5799999999999998,23.32,32742000
Kelly Olynyk,384.0,19-20,C,26.0,MIA,73.2,16.2,21.279999999999998,3.4799999999999995,7.26,0.47780000000000006,1.26,3.3599999999999994,0.3796,2.2,3.88,0.5661999999999999,0.5670000000000001,1.52,1.92,0.7868,0.96,3.8,4.779999999999999,1.94,0.7200000000000001,0.44000000000000006,1.36,2.6000000000000005,9.74,11667885
Kemba Walker,494.0,19-20,PG,27.0,BOS,75.6,75.6,34.1,7.640000000000001,17.619999999999997,0.43220000000000003,2.9,7.68,0.3782,4.72,9.92,0.4748,0.515,4.24,5.0,0.8532,0.5800000000000001,3.34,3.9400000000000004,5.3999999999999995,1.1800000000000002,0.4,2.2199999999999998,1.4600000000000002,22.439999999999998,32742000
Kent Bazemore,33.0,19-20,SF-SG,28.0,TOT,69.6,50.6,26.3,3.94,9.64,0.40940000000000004,1.42,4.0,0.35219999999999996,2.54,5.62,0.4502,0.483,1.8599999999999999,2.44,0.7627999999999999,0.48,3.56,4.06,2.38,1.28,0.6199999999999999,1.8,2.46,11.18,19269662
Kentavious Caldwell-Pope,85.0,19-20,SG,24.0,LAL,75.4,54.8,30.7,4.4399999999999995,10.42,0.4284,1.7399999999999998,5.0200000000000005,0.35479999999999995,2.66,5.46,0.4974,0.5148,1.86,2.2800000000000002,0.8148,0.72,2.7,3.44,1.8800000000000001,1.14,0.2,1.1,1.8799999999999997,12.48,8089282
Kevin Love,302.0,19-20,PF,29.0,CLE,54.8,54.6,29.98,5.6,13.1,0.42779999999999996,2.36,6.299999999999999,0.3766,3.22,6.8,0.47620000000000007,0.518,3.94,4.5200000000000005,0.8661999999999999,1.72,8.46,10.2,2.2800000000000002,0.6599999999999999,0.36,1.9400000000000002,2.0599999999999996,17.44,28900000
Kevon Looney,299.0,19-20,C,21.0,GSW,44.8,7.2,11.600000000000001,1.56,2.9200000000000004,0.5332000000000001,0.06000000000000001,0.3,0.2186,1.48,2.62,0.5626,0.5517999999999998,0.45999999999999996,0.74,0.633,1.3399999999999999,1.8799999999999997,3.22,0.72,0.4,0.42000000000000004,0.44000000000000006,1.5000000000000002,3.6,4464286
Khris Middleton,336.0,19-20,SF,26.0,MIL,65.8,64.0,32.839999999999996,6.6,14.34,0.4596,1.98,5.0200000000000005,0.3962,4.62,9.34,0.49460000000000004,0.5286000000000001,3.28,3.7199999999999998,0.881,0.5599999999999999,4.54,5.08,4.04,1.3,0.18,2.2600000000000002,2.62,18.44,30603448
Kyle Anderson,11.0,19-20,PF,24.0,MEM,66.8,32.0,21.32,2.4000000000000004,4.78,0.49139999999999995,0.26,0.8,0.31579999999999997,2.1799999999999997,4.0,0.526,0.5178,0.9,1.3199999999999998,0.6986000000000001,0.78,3.5,4.3,2.2,1.04,0.6199999999999999,0.9799999999999999,1.58,5.92,9073050
Kyle Korver,280.0,19-20,SF,36.0,MIL,69.6,21.4,22.7,3.02,6.8,0.4408,2.06,4.94,0.42000000000000004,0.9400000000000001,1.8800000000000001,0.49640000000000006,0.594,0.72,0.8,0.8606000000000001,0.16,2.38,2.56,1.4599999999999997,0.5,0.3,0.9200000000000002,1.64,8.76,3440000
Kyle Lowry,303.0,19-20,PG,31.0,TOR,67.6,67.6,35.36,5.88,13.64,0.429,2.8600000000000003,7.5,0.37960000000000005,3.02,6.14,0.4941999999999999,0.5347999999999999,4.14,4.9399999999999995,0.8341999999999998,0.7,4.279999999999999,4.9799999999999995,7.3,1.5,0.36000000000000004,2.8,2.78,18.68,33296296
Kyle O'Quinn,377.0,19-20,C,27.0,PHI,59.0,4.8,12.88,2.1,4.0600000000000005,0.5162,0.08,0.38,0.18439999999999998,2.04,3.6799999999999997,0.5571999999999999,0.5286,0.7200000000000001,0.96,0.734,1.32,3.12,4.42,1.5399999999999998,0.33999999999999997,0.96,0.9200000000000002,1.8199999999999998,5.04,2028594
Kyrie Irving,241.0,19-20,PG,25.0,BRK,54.4,54.4,32.940000000000005,8.92,18.74,0.47539999999999993,2.46,6.279999999999999,0.38499999999999995,6.4799999999999995,12.440000000000001,0.5206,0.5404000000000001,3.8200000000000003,4.28,0.8948,0.86,3.1599999999999997,4.04,5.779999999999999,1.2600000000000002,0.38,2.46,2.2800000000000002,24.080000000000002,31742000
LaMarcus Aldridge,3.0,19-20,C,32.0,SAS,71.0,71.0,32.56,7.82,15.6,0.5024,0.4,1.1400000000000001,0.2662,7.42,14.440000000000001,0.5147999999999999,0.515,3.6799999999999997,4.38,0.8362,2.62,5.58,8.18,2.04,0.58,1.28,1.48,2.1799999999999997,19.720000000000002,26000000
Lance Thomas,469.0,19-20,SF,29.0,BRK,46.2,14.4,18.56,1.8399999999999999,4.62,0.39319999999999994,0.6599999999999999,1.78,0.368,1.1800000000000002,2.82,0.4135999999999999,0.4676,0.8799999999999999,1.0399999999999998,0.8560000000000001,0.5399999999999999,1.9,2.4200000000000004,0.76,0.34,0.12,0.6799999999999999,1.7600000000000002,5.24,262152
Langston Galloway,168.0,19-20,SG,26.0,DET,72.0,4.2,21.5,2.8600000000000003,7.2,0.39339999999999997,1.5,4.1,0.36639999999999995,1.3599999999999999,3.1000000000000005,0.43,0.49779999999999996,0.8800000000000001,1.1,0.8118000000000002,0.44000000000000006,1.8799999999999997,2.32,1.48,0.6599999999999999,0.16,0.5,1.48,8.080000000000002,7333333
LeBron James,250.0,19-20,PG,33.0,LAL,70.8,70.8,36.019999999999996,9.959999999999999,19.080000000000002,0.5226,1.7600000000000002,5.1,0.3452,8.200000000000001,13.960000000000003,0.5866,0.5690000000000001,4.64,6.7,0.6988,1.2,7.0200000000000005,8.18,8.62,1.3,0.64,3.8199999999999994,1.78,26.380000000000003,37436858
Lou Williams,514.0,19-20,SG,31.0,LAC,73.4,12.8,28.24,5.88,13.819999999999999,0.42300000000000004,1.8199999999999998,5.119999999999999,0.3562,4.0600000000000005,8.739999999999998,0.4652,0.4904,5.2,5.96,0.8654,0.45999999999999996,2.26,2.7199999999999998,4.36,0.9,0.2,2.36,1.2599999999999998,18.720000000000002,8000000
Luc Mbah a Moute,321.0,19-20,PF,31.0,HOU,44.6,30.4,17.7,1.8200000000000003,3.8800000000000003,0.4568,0.44000000000000006,1.3800000000000001,0.2826,1.3800000000000001,2.4799999999999995,0.5606,0.5039999999999999,0.6,1.1,0.5576000000000001,0.5200000000000001,1.48,1.9799999999999998,0.45999999999999996,0.76,0.28,0.6,1.2799999999999998,4.68,289803
Marc Gasol,170.0,19-20,C,33.0,TOR,64.4,62.8,31.76,5.4,12.16,0.4436,1.1,3.0,0.4288,4.34,9.2,0.4718,0.495,2.9400000000000004,3.62,0.7988000000000002,0.9399999999999998,6.14,7.119999999999999,4.0600000000000005,0.9,1.2,2.1,2.6,14.88,25595700
Marco Belinelli,37.0,19-20,SG,31.0,SAS,71.6,2.0,22.28,3.44,8.279999999999998,0.4122,1.54,4.24,0.35819999999999996,1.92,4.04,0.4666,0.5052,1.56,1.7799999999999998,0.873,0.18,1.86,2.04,1.7399999999999998,0.5,0.08,0.9,1.18,9.919999999999998,5846154
Marcus Morris,351.0,19-20,SF-PF,28.0,TOT,70.0,59.0,30.82,5.2,12.040000000000001,0.4332,1.7399999999999998,4.66,0.36879999999999996,3.4800000000000004,7.38,0.47380000000000005,0.5052,2.2800000000000002,2.88,0.8010000000000002,0.9800000000000001,4.279999999999999,5.24,1.7399999999999998,0.7,0.32,1.38,2.28,14.459999999999999,15000000
Marcus Smart,453.0,19-20,SG,23.0,BOS,66.8,29.0,29.420000000000005,3.4400000000000004,9.24,0.3742,1.5,4.74,0.3096,1.94,4.5,0.4404,0.45519999999999994,1.98,2.5,0.792,0.8800000000000001,2.7600000000000002,3.66,4.26,1.58,0.4,1.78,2.62,10.34,12553471
Mario Hezonja,217.0,19-20,PF,22.0,POR,66.0,13.8,18.4,2.54,6.14,0.4128,0.7799999999999999,2.46,0.31379999999999997,1.7600000000000002,3.7,0.47780000000000006,0.47640000000000005,0.9399999999999998,1.2,0.8206,0.4600000000000001,2.7,3.1399999999999997,1.2399999999999998,0.76,0.22000000000000003,1.1,1.6800000000000002,6.840000000000001,1737145
Markieff Morris,352.0,19-20,PF,28.0,TOT,65.8,45.4,25.220000000000002,4.32,9.7,0.4452,1.06,3.04,0.3506,3.2399999999999998,6.659999999999999,0.49079999999999996,0.5044000000000001,1.56,2.0,0.788,1.0599999999999998,4.139999999999999,5.2,1.64,0.78,0.45999999999999996,1.5400000000000003,2.9000000000000004,11.32,2241808
Marvin Williams,515.0,19-20,PF,31.0,TOT,73.6,62.2,26.54,3.4400000000000004,7.8,0.44000000000000006,1.6,4.22,0.378,1.8399999999999999,3.6,0.5156,0.5428,1.24,1.5,0.8324,1.0399999999999998,4.220000000000001,5.26,1.2400000000000002,0.74,0.7,0.72,1.7600000000000002,9.680000000000001,15006250
Mason Plumlee,402.0,19-20,C,27.0,DEN,76.0,38.0,21.940000000000005,3.3,5.82,0.5721999999999999,0.0,0.06000000000000001,0.04,3.3,5.76,0.578,0.5726,1.72,3.02,0.5551999999999999,2.0,4.4399999999999995,6.44,2.7399999999999998,0.74,0.9400000000000001,1.5599999999999998,2.76,8.32,14041096
Matthew Dellavedova,127.0,19-20,PG,27.0,CLE,59.0,15.0,20.139999999999997,1.98,5.16,0.38320000000000004,0.8800000000000001,2.46,0.3436,1.1199999999999999,2.6999999999999997,0.42519999999999997,0.4662,0.8200000000000001,0.9200000000000002,0.8634000000000001,0.3,1.4200000000000002,1.72,3.9799999999999995,0.48,0.02,1.4,1.8199999999999998,5.68,9607500
Maurice Harkless,199.0,19-20,SF,24.0,TOT,67.2,44.0,23.12,2.92,5.9,0.4922000000000001,0.66,1.98,0.33340000000000003,2.2399999999999998,3.9200000000000004,0.5722,0.5498,0.7999999999999999,1.2600000000000002,0.6434,1.18,2.66,3.8200000000000003,1.04,0.9,0.6799999999999999,0.8600000000000001,2.2399999999999998,7.279999999999999,11511234
Meyers Leonard,295.0,19-20,C,25.0,MIA,56.0,15.0,16.160000000000004,2.22,4.640000000000001,0.49560000000000004,0.9,2.34,0.4022,1.3,2.2800000000000002,0.5770000000000001,0.5924,0.5,0.5800000000000001,0.7879999999999999,0.6,3.2800000000000002,3.8599999999999994,1.06,0.19999999999999998,0.22000000000000003,0.72,2.04,5.840000000000001,11286515
Michael Carter-Williams,92.0,19-20,SG,26.0,ORL,44.8,11.8,19.44,2.54,6.34,0.3902,0.36,1.3199999999999998,0.26000000000000006,2.22,5.0200000000000005,0.42860000000000004,0.42060000000000003,1.52,2.08,0.7325999999999999,0.76,2.6,3.4,2.96,0.9800000000000001,0.54,1.44,2.16,6.94,2028594
Michael Kidd-Gilchrist,272.0,19-20,SF-PF,24.0,TOT,50.2,33.0,22.58,3.1,6.34,0.4662,0.18,0.52,0.22600000000000003,2.9200000000000004,5.8,0.4824,0.4838,1.6600000000000001,2.26,0.7432,1.34,3.44,4.8,1.06,0.5399999999999999,0.52,0.76,1.8800000000000001,8.04,13000000
Mike Conley,110.0,19-20,PG,30.0,UTA,50.8,49.4,31.639999999999997,5.84,13.820000000000002,0.422,2.02,5.5600000000000005,0.36439999999999995,3.8199999999999994,8.260000000000002,0.4612,0.4952,3.94,4.74,0.8336,0.43999999999999995,2.62,3.0599999999999996,5.459999999999999,1.12,0.26,1.8399999999999999,1.92,17.68,32511623
Mike Muscala,360.0,19-20,C,26.0,OKC,58.8,4.4,15.940000000000001,2.06,4.5600000000000005,0.4542,0.9200000000000002,2.4999999999999996,0.3646,1.1600000000000001,2.08,0.5408,0.549,0.76,0.9199999999999999,0.8244,0.8,2.3600000000000003,3.1599999999999997,1.02,0.33999999999999997,0.5,0.6599999999999999,1.46,5.779999999999999,2028594
Mike Scott,442.0,19-20,PF,29.0,PHI,63.2,3.0,16.02,2.22,5.119999999999999,0.4218,0.8800000000000001,2.42,0.34299999999999997,1.3599999999999999,2.7199999999999998,0.48580000000000007,0.5046,0.5,0.6199999999999999,0.761,0.7,2.34,3.04,0.9199999999999999,0.27999999999999997,0.16,0.6,1.48,5.86,4767000
Montrezl Harrell,201.0,19-20,C,24.0,LAC,63.6,5.0,19.82,4.839999999999999,7.82,0.6252,0.0,0.13999999999999999,0.09240000000000001,4.819999999999999,7.679999999999998,0.6344,0.6262000000000001,2.12,3.3600000000000003,0.6154,1.6400000000000001,2.98,4.62,1.2400000000000002,0.5199999999999999,0.8200000000000001,1.08,2.1399999999999997,11.780000000000001,6000000
Myles Turner,482.0,19-20,C,21.0,IND,68.4,61.8,28.1,4.8,9.86,0.48640000000000005,0.78,2.12,0.33019999999999994,4.040000000000001,7.720000000000001,0.5244,0.5248,2.2,2.8600000000000003,0.76,1.4,5.2,6.6,1.22,0.6799999999999999,2.0200000000000005,1.3399999999999999,2.8000000000000003,12.579999999999998,18000000
Nemanja Bjelica,46.0,19-20,PF,29.0,SAC,68.2,31.8,21.559999999999995,2.96,6.34,0.46259999999999996,1.2000000000000002,3.04,0.387,1.7600000000000002,3.2800000000000002,0.536,0.5569999999999999,0.76,0.9799999999999999,0.7693999999999999,1.12,3.56,4.72,1.72,0.6599999999999999,0.43999999999999995,1.0,2.54,7.840000000000001,6825000
Nerlens Noel,369.0,19-20,C,23.0,OKC,57.2,19.2,19.54,3.02,5.28,0.5822,0.0,0.0,0.20825,3.02,5.24,0.5843999999999999,0.5828000000000001,1.24,1.8400000000000003,0.6946,1.7600000000000002,3.94,5.720000000000001,1.0,1.2,1.1800000000000002,1.2,2.46,7.3,2028594
Nicolas Batum,31.0,19-20,SF,29.0,CHO,61.6,57.2,30.880000000000003,3.8600000000000003,9.319999999999999,0.40800000000000003,1.46,4.3,0.33840000000000003,2.38,5.0200000000000005,0.475,0.48979999999999996,1.72,2.0200000000000005,0.8602000000000001,0.86,4.5,5.359999999999999,4.700000000000001,0.9400000000000001,0.48,2.0,1.58,10.9,25565217
Nikola Jokić,261.0,19-20,C,22.0,DEN,76.2,68.0,29.1,6.540000000000001,12.5,0.5256000000000001,0.9200000000000002,2.72,0.3348,5.64,9.779999999999998,0.574,0.5608,3.0,3.6399999999999997,0.8248,2.6,7.040000000000001,9.6,5.539999999999999,1.1199999999999999,0.7,2.5200000000000005,2.84,17.04,26573595
Nikola Vučević,490.0,19-20,C,27.0,ORL,67.8,62.8,30.639999999999997,7.6800000000000015,15.62,0.4896000000000001,0.8200000000000001,2.46,0.3092,6.859999999999999,13.180000000000001,0.52,0.5156,1.7600000000000002,2.3,0.7628,2.38,7.88,10.279999999999998,3.2800000000000002,0.9400000000000001,1.02,1.7600000000000002,2.3600000000000003,17.94,28000000
Noah Vonleh,489.0,19-20,C-PF,22.0,TOT,62.0,34.2,16.839999999999996,1.9200000000000004,4.12,0.47620000000000007,0.28,0.8999999999999998,0.28559999999999997,1.7,3.22,0.5232,0.5054000000000001,0.86,1.26,0.6994,1.4,3.84,5.22,0.8200000000000001,0.41999999999999993,0.4,0.8,1.8,5.0,2000000
Norman Powell,413.0,19-20,SG,24.0,TOR,61.4,17.8,19.04,3.2,6.9799999999999995,0.4504,1.08,2.9800000000000004,0.36239999999999994,2.1199999999999997,4.0200000000000005,0.5167999999999999,0.5264,1.32,1.6,0.8187999999999999,0.32,2.12,2.44,1.3399999999999999,0.74,0.24,1.02,1.6400000000000001,8.82,10116576
Otto Porter,409.0,19-20,SF,24.0,CHI,60.4,56.4,29.640000000000004,5.04,10.52,0.48,1.72,4.2,0.40700000000000003,3.34,6.34,0.528,0.561,1.3399999999999999,1.7,0.7861999999999999,1.2,4.22,5.4,1.8,1.4,0.48,0.9,2.1399999999999997,13.1,27250576
P.J. Tucker,479.0,19-20,PF,32.0,HOU,79.8,57.8,30.98,2.5,6.160000000000001,0.4050000000000001,1.2799999999999998,3.5200000000000005,0.3586,1.22,2.6399999999999997,0.46820000000000006,0.51,0.74,0.9799999999999999,0.749,1.52,4.5,6.0,1.42,1.2799999999999998,0.33999999999999997,0.9800000000000001,2.74,7.0,8349039
Pat Connaughton,111.0,19-20,SG,25.0,MIL,56.6,2.4,13.940000000000001,1.6,3.6399999999999997,0.42460000000000003,0.66,1.9600000000000002,0.3532,0.9200000000000002,1.7,0.5118,0.5146,0.36,0.41999999999999993,0.8238,0.5799999999999998,1.94,2.5200000000000005,1.1400000000000001,0.3,0.26,0.5,0.9199999999999999,4.260000000000001,1723050
Patrick Beverley,42.0,19-20,PG,29.0,LAC,55.6,48.0,28.7,3.3600000000000003,8.02,0.41900000000000004,1.7,4.359999999999999,0.3934,1.6600000000000001,3.66,0.4518,0.5272,0.9999999999999998,1.32,0.7428,1.2,3.5200000000000005,4.74,3.5799999999999996,1.3,0.48,1.5,3.2399999999999998,9.42,12345679
Patrick Patterson,394.0,19-20,PF,28.0,LAC,69.6,6.8,18.52,1.8399999999999999,4.54,0.39899999999999997,1.06,2.96,0.3692000000000001,0.74,1.6,0.45339999999999997,0.5196000000000001,0.4999999999999999,0.6199999999999999,0.7774000000000001,0.74,2.54,3.22,0.86,0.45999999999999996,0.27999999999999997,0.5,1.22,5.220000000000001,2331593
Patty Mills,340.0,19-20,PG,29.0,SAS,78.2,9.8,22.78,3.46,8.18,0.42639999999999995,1.8799999999999997,4.88,0.38920000000000005,1.5799999999999998,3.2800000000000002,0.48419999999999996,0.5422,1.06,1.2200000000000002,0.8490000000000002,0.3,1.58,1.9,2.78,0.72,0.08,1.08,1.5000000000000002,9.9,12428571
Paul George,172.0,19-20,SF,27.0,LAC,72.0,72.0,34.760000000000005,7.88,18.04,0.4372,3.0799999999999996,7.8,0.3926,4.82,10.22,0.47000000000000003,0.5226000000000001,4.859999999999999,5.64,0.859,0.9199999999999999,5.7,6.639999999999999,3.7400000000000007,1.8199999999999998,0.42000000000000004,2.84,2.72,23.640000000000004,33005556
Paul Millsap,341.0,19-20,PF,32.0,DEN,61.8,59.6,29.639999999999997,5.279999999999999,11.36,0.4683999999999999,0.9800000000000001,2.82,0.355,4.319999999999999,8.559999999999999,0.5052000000000001,0.5132,3.22,4.3,0.7527999999999999,1.9600000000000002,5.24,7.2,2.6800000000000006,1.24,1.0399999999999998,1.8799999999999997,2.74,14.8,30500000
Rajon Rondo,429.0,19-20,PG,31.0,LAL,60.0,41.8,27.68,3.7,8.559999999999999,0.4305999999999999,0.8800000000000001,2.46,0.35219999999999996,2.84,6.1,0.4648,0.48179999999999995,0.6199999999999999,1.0400000000000003,0.6042,0.78,3.94,4.68,7.919999999999999,1.3,0.14,2.6599999999999997,1.9400000000000002,8.86,2564753
Raul Neto,365.0,19-20,PG,25.0,PHI,50.6,11.4,12.9,1.7600000000000002,3.94,0.4508,0.54,1.4200000000000002,0.36819999999999997,1.22,2.4799999999999995,0.49720000000000003,0.5172000000000001,0.5800000000000001,0.76,0.8106,0.18000000000000002,1.0799999999999998,1.26,1.8199999999999998,0.4800000000000001,0.08,0.8800000000000001,1.16,4.659999999999999,1737145
Reggie Bullock,78.0,19-20,SG,26.0,NYK,44.4,27.2,21.6,2.84,6.5200000000000005,0.4328,1.42,3.6599999999999993,0.39080000000000004,1.4,2.88,0.4856,0.5412,0.6,0.6799999999999999,0.8224,0.38,1.8800000000000001,2.2800000000000002,1.3000000000000003,0.6399999999999999,0.13999999999999999,0.6,1.2399999999999998,7.7,4000000
Reggie Jackson,248.0,19-20,PG,27.0,TOT,57.8,54.4,27.339999999999996,5.5,12.959999999999999,0.4222,1.58,4.38,0.3564,3.9200000000000004,8.58,0.4539999999999999,0.48460000000000003,2.5,2.9,0.853,0.54,2.18,2.7599999999999993,5.0,0.6200000000000001,0.12,2.12,2.24,15.040000000000001,17286956
Richaun Holmes,226.0,19-20,C,24.0,SAC,54.0,12.4,19.06,3.46,5.92,0.5776,0.16,0.58,0.22066666666666668,3.34,5.359999999999999,0.6164,0.5894,1.4,1.9400000000000002,0.7135999999999999,1.7,3.3600000000000003,5.0600000000000005,0.96,0.5999999999999999,0.96,0.8,2.56,8.48,4767000
Ricky Rubio,433.0,19-20,PG,27.0,PHO,72.2,72.0,30.339999999999996,3.9199999999999995,9.68,0.40259999999999996,1.0399999999999998,3.12,0.33120000000000005,2.88,6.5600000000000005,0.4366,0.45600000000000007,3.14,3.62,0.8644000000000001,0.6399999999999999,3.62,4.26,7.6,1.6200000000000003,0.12,2.62,2.64,12.0,16190476
Robert Covington,114.0,19-20,PF-C,27.0,TOT,63.8,59.8,31.320000000000004,4.340000000000001,10.52,0.41,2.34,6.700000000000001,0.35359999999999997,1.9599999999999997,3.84,0.5088,0.5222,1.8,2.2399999999999998,0.8056000000000001,0.9600000000000002,5.1000000000000005,6.0600000000000005,1.5,1.78,1.02,1.7,3.2399999999999998,12.8,11301219
Robin Lopez,301.0,19-20,C,29.0,MIL,73.4,53.6,23.54,4.140000000000001,7.9,0.5244000000000001,0.13999999999999999,0.44000000000000006,0.16899999999999998,4.0200000000000005,7.44,0.5471999999999999,0.538,1.04,1.44,0.7048,2.22,2.7,4.9,1.2399999999999998,0.18,1.1199999999999999,1.3399999999999999,1.8,9.48,4767000
Rodney Hood,227.0,19-20,SF,25.0,POR,58.2,45.4,28.379999999999995,4.68,10.719999999999999,0.4396,1.78,4.64,0.392,2.8999999999999995,6.1,0.4744,0.5231999999999999,1.7,2.02,0.833,0.4,2.6599999999999997,3.04,1.8399999999999999,0.78,0.2,1.1199999999999999,2.1599999999999997,12.819999999999999,5718000
Rondae Hollis-Jefferson,225.0,19-20,SF,23.0,TOR,58.8,30.6,22.32,3.2399999999999998,7.219999999999999,0.449,0.15999999999999998,0.6799999999999999,0.213,3.06,6.56,0.4726,0.45899999999999996,2.24,3.0200000000000005,0.726,1.44,4.12,5.58,1.8800000000000001,0.9800000000000001,0.56,1.28,2.04,8.86,2500000
Rudy Gay,171.0,19-20,PF,31.0,SAS,58.6,32.4,27.579999999999995,5.4399999999999995,11.639999999999999,0.4678,1.06,2.9999999999999996,0.3536,4.4,8.680000000000001,0.5084000000000001,0.514,2.44,2.96,0.821,1.16,4.88,6.02,2.0199999999999996,1.0,0.6599999999999999,1.78,2.1399999999999997,14.38,14000000
Rudy Gobert,176.0,19-20,C,25.0,UTA,69.4,69.0,32.82,4.96,7.68,0.6407999999999999,0.0,0.0,0.0,4.96,7.68,0.641,0.6407999999999999,3.56,5.62,0.634,3.4799999999999995,8.66,12.179999999999998,1.52,0.74,2.28,1.8199999999999998,2.9,13.52,25008427
Russell Westbrook,506.0,19-20,PG,29.0,HOU,74.2,74.2,35.46,9.419999999999998,21.18,0.44559999999999994,1.52,4.98,0.29700000000000004,7.9,16.16,0.48840000000000006,0.4806,5.8,7.5200000000000005,0.7626000000000002,1.7399999999999998,7.8,9.52,9.76,1.78,0.38,4.700000000000001,2.84,26.119999999999997,38178000
Ryan Anderson,12.0,19-20,C,29.0,HOU,46.2,27.4,21.160000000000004,3.08,7.68,0.37320000000000003,1.5399999999999998,4.32,0.316,1.58,3.34,0.473,0.4686,1.28,1.52,0.8142499999999999,1.14,3.1,4.26,0.9400000000000001,0.42000000000000004,0.18,0.78,1.4200000000000002,8.98,5214583
Serge Ibaka,236.0,19-20,C,28.0,TOR,72.4,62.2,28.9,5.76,11.580000000000002,0.49660000000000004,1.16,3.18,0.35040000000000004,4.640000000000001,8.419999999999998,0.5492,0.5458000000000001,1.44,1.8999999999999997,0.7772,1.7200000000000002,5.52,7.239999999999999,1.04,0.45999999999999996,1.4,1.48,2.78,14.079999999999998,23271604
Shabazz Napier,364.0,19-20,PG,26.0,TOT,58.8,9.2,16.580000000000002,2.4,6.06,0.39160000000000006,1.02,2.9799999999999995,0.34459999999999996,1.38,3.06,0.4396,0.4768,1.46,1.7600000000000002,0.8013999999999999,0.32,1.52,1.8199999999999998,2.4800000000000004,0.8,0.13999999999999999,1.26,1.1,7.24,1882867
Solomon Hill,220.0,19-20,SF,26.0,TOT,50.8,18.8,19.68,1.64,4.32,0.37520000000000003,0.74,2.34,0.3094,0.9,2.04,0.44000000000000006,0.45680000000000004,0.6799999999999999,0.8800000000000001,0.7243999999999999,0.68,2.46,3.0800000000000005,1.54,0.6599999999999999,0.22000000000000003,0.8,1.7,4.680000000000001,13258781
Spencer Dinwiddie,132.0,19-20,SG,24.0,BRK,56.6,25.8,24.799999999999997,4.000000000000001,9.66,0.40800000000000003,1.2399999999999998,3.9200000000000004,0.28900000000000003,2.74,5.72,0.4704,0.4664,3.2,4.220000000000001,0.753,0.43999999999999995,2.2399999999999998,2.6600000000000006,4.58,0.6199999999999999,0.25999999999999995,1.64,2.3199999999999994,12.42,10600000
Stanley Johnson,259.0,19-20,PF,21.0,TOR,62.0,12.8,18.52,2.26,6.02,0.373,0.74,2.5,0.29300000000000004,1.54,3.5200000000000005,0.43200000000000005,0.4338,0.8800000000000001,1.1600000000000001,0.7158,0.52,2.52,3.04,1.3399999999999999,0.8,0.22000000000000003,1.08,1.7399999999999998,6.1,3623000
Stephen Curry,121.0,19-20,PG,29.0,GSW,56.6,56.6,32.239999999999995,8.580000000000002,18.240000000000002,0.46820000000000006,4.18,10.5,0.394,4.38,7.74,0.5718,0.5816,4.640000000000001,5.0,0.9286,0.78,4.360000000000001,5.1,6.24,1.56,0.27999999999999997,3.06,2.2199999999999998,25.98,40231758
Steven Adams,1.0,19-20,C,24.0,OKC,75.8,75.8,29.579999999999995,4.88,8.12,0.6,0.0,0.0,0.08324999999999999,4.88,8.08,0.6012,0.6002,1.8400000000000003,3.28,0.5668,3.8999999999999995,4.54,8.440000000000001,1.4,1.02,1.0399999999999998,1.56,2.5,11.6,25842697
T.J. McConnell,324.0,19-20,PG,25.0,IND,77.0,15.0,21.3,2.8600000000000003,5.76,0.49420000000000003,0.24000000000000005,0.6799999999999999,0.32199999999999995,2.62,5.08,0.5144000000000001,0.514,0.5,0.64,0.7714,0.48,2.34,2.84,4.7,1.1800000000000002,0.16,1.56,1.42,6.44,3500000
T.J. Warren,500.0,19-20,SF,24.0,IND,57.6,46.2,30.26,6.760000000000001,13.440000000000001,0.5032,0.9,2.4,0.3436,5.859999999999999,11.04,0.531,0.5362,2.12,2.7,0.7734,1.34,2.96,4.3,1.2600000000000002,1.0799999999999998,0.5399999999999999,1.08,2.52,16.56,10810000
Taj Gibson,173.0,19-20,C,32.0,NYK,73.0,64.2,25.160000000000004,4.1,7.4399999999999995,0.5536,0.08,0.26,0.20820000000000002,4.0200000000000005,7.18,0.5651999999999999,0.5582,1.42,1.94,0.7327999999999999,2.3,3.939999999999999,6.2,1.12,0.62,0.74,1.06,2.4,9.7,9800000
Terrence Ross,431.0,19-20,SG,26.0,ORL,65.0,10.2,25.580000000000002,4.279999999999999,10.24,0.4194,2.04,5.56,0.3612,2.2800000000000002,4.659999999999999,0.48699999999999993,0.5172,1.3,1.56,0.8198000000000001,0.28,2.66,2.96,1.2799999999999998,0.9800000000000001,0.38,0.96,1.6800000000000002,11.879999999999999,12500000
Terry Rozier,432.0,19-20,PG,23.0,CHO,67.0,18.6,21.6,3.2600000000000002,8.32,0.36920000000000003,1.42,3.8199999999999994,0.3362,1.86,4.5,0.3928,0.44420000000000004,1.1600000000000001,1.46,0.8008000000000001,0.62,2.9,3.5400000000000005,2.5200000000000005,0.74,0.15999999999999998,1.0399999999999998,1.26,9.12,19894737
Thabo Sefolosha,443.0,19-20,PF,33.0,HOU,53.2,12.2,18.619999999999997,2.1399999999999997,4.58,0.46440000000000003,0.64,1.7399999999999998,0.3552,1.5,2.8200000000000003,0.548,0.5384,0.6599999999999999,0.9,0.637,0.6199999999999999,2.9799999999999995,3.5799999999999996,1.02,1.1,0.33999999999999997,0.7,1.3,5.56,2564753
Thaddeus Young,524.0,19-20,PF,29.0,CHI,74.6,65.0,30.2,5.319999999999999,10.6,0.5006,0.64,1.9,0.32780000000000004,4.66,8.68,0.5352,0.5338,0.9,1.46,0.5984,2.0799999999999996,4.5,6.56,1.92,1.52,0.42000000000000004,1.52,2.2,12.16,12900000
Tim Frazier,163.0,19-20,PG,27.0,DET,52.2,15.6,16.86,1.78,4.3,0.4046,0.43999999999999995,1.3199999999999998,0.3298,1.3199999999999998,2.96,0.4394,0.45640000000000003,0.86,1.16,0.7588000000000001,0.45999999999999996,1.6800000000000002,2.16,3.8599999999999994,0.66,0.08,1.3,1.7,4.82,1882867
Tobias Harris,204.0,19-20,PF,25.0,PHI,78.4,71.2,33.36,6.779999999999999,14.320000000000002,0.4736000000000001,1.6800000000000002,4.46,0.3714,5.08,9.84,0.5176000000000001,0.5314,2.56,3.0799999999999996,0.8346,0.9199999999999999,5.460000000000001,6.42,2.46,0.7599999999999999,0.5,1.42,2.04,17.800000000000004,31034483
Tony Snell,458.0,19-20,SF,26.0,DET,70.4,48.2,24.46,2.54,5.840000000000001,0.4318000000000001,1.38,3.5,0.39380000000000004,1.14,2.32,0.4941999999999999,0.5494,0.52,0.5800000000000001,0.8784000000000001,0.26,2.16,2.42,1.32,0.5,0.28,0.5599999999999999,1.52,6.9399999999999995,11392857
Trevor Ariza,19.0,19-20,SF,32.0,TOT,70.0,63.6,33.220000000000006,3.9,9.42,0.41480000000000006,2.16,6.04,0.35779999999999995,1.7400000000000002,3.3600000000000003,0.5204000000000001,0.5296000000000001,1.4,1.7399999999999998,0.8012,0.6599999999999999,4.279999999999999,4.92,2.3,1.5799999999999998,0.28,1.1400000000000001,1.98,11.320000000000002,12200000
Trey Burke,79.0,19-20,PG,25.0,TOT,49.6,3.6,18.119999999999997,3.6799999999999997,8.16,0.45039999999999997,1.0,2.62,0.3856,2.7,5.540000000000001,0.48019999999999996,0.5118,0.9800000000000001,1.2799999999999998,0.7697999999999999,0.36,1.2,1.56,2.8,0.5,0.1,0.9399999999999998,1.08,9.34,2028594
Trey Lyles,305.0,19-20,PF,22.0,SAS,70.2,18.8,18.080000000000002,2.7800000000000002,6.459999999999999,0.43100000000000005,0.8800000000000001,2.66,0.34500000000000003,1.9,3.8199999999999994,0.49119999999999997,0.5014000000000001,0.9400000000000001,1.3199999999999998,0.7108,0.8,3.4799999999999995,4.26,1.08,0.4,0.36,0.8400000000000001,1.48,7.42,5500000
Tristan Thompson,471.0,19-20,C,26.0,CLE,62.6,45.0,27.179999999999996,3.7400000000000007,6.760000000000001,0.5582,0.04,0.08,0.1955,3.7,6.6800000000000015,0.5602,0.5598,1.46,2.5,0.5830000000000001,3.4800000000000004,5.58,9.02,1.2999999999999998,0.5199999999999999,0.66,1.08,2.2,8.919999999999998,18539130
Troy Daniels,122.0,19-20,SG,26.0,TOT,57.4,3.8,15.1,2.3,5.680000000000001,0.4102,1.6600000000000001,4.1,0.4004,0.68,1.56,0.4358000000000001,0.5532,0.4,0.5200000000000001,0.727,0.26,1.2,1.38,0.54,0.32,0.1,0.56,1.24,6.639999999999999,2028594
Tyler Johnson,260.0,19-20,SG,25.0,TOT,55.4,14.6,25.46,3.7600000000000002,8.719999999999999,0.43100000000000005,1.2799999999999998,3.5200000000000005,0.35680000000000006,2.48,5.24,0.4814,0.5022,1.6800000000000002,2.12,0.795,0.6199999999999999,2.5,3.06,2.5,0.8,0.43999999999999995,1.14,1.9000000000000004,10.4,19245370
Tyler Zeller,527.0,19-20,C,28.0,SAS,37.0,8.6,11.279999999999998,1.9600000000000002,4.0,0.4626,0.04,0.12000000000000002,0.11900000000000001,1.94,3.8599999999999994,0.4706,0.46559999999999996,1.02,1.3599999999999999,0.71975,1.3599999999999999,1.8400000000000003,3.2,0.54,0.13999999999999999,0.36,0.5199999999999999,1.6,5.0,245686
Tyson Chandler,95.0,19-20,C,35.0,HOU,48.0,32.6,20.28,2.06,3.2600000000000002,0.659,0.0,0.0,0.0,2.06,3.2399999999999998,0.6605999999999999,0.659,1.1800000000000002,1.8599999999999999,0.6052000000000001,2.3199999999999994,5.2,7.4799999999999995,0.74,0.42000000000000004,0.5,1.04,2.0799999999999996,5.3,2564753
Tyus Jones,264.0,19-20,PG,21.0,MEM,62.4,8.0,17.64,2.06,4.88,0.4208,0.5199999999999999,1.6,0.3406,1.52,3.2800000000000002,0.46299999999999997,0.47919999999999996,0.78,0.9399999999999998,0.7888,0.2,1.3,1.52,3.5,0.9799999999999999,0.1,0.74,0.9600000000000002,5.42,8408000
Udonis Haslem,208.0,19-20,PF,37.0,MIA,16.2,0.4,7.720000000000001,0.72,2.04,0.3504,0.08,0.6000000000000001,0.11379999999999998,0.66,1.4599999999999997,0.4316,0.3676,0.42000000000000004,0.5599999999999999,0.67,0.32,2.06,2.34,0.34,0.1,0.06000000000000001,0.26,0.9400000000000001,1.92,2564753
Victor Oladipo,383.0,19-20,SG,25.0,IND,53.8,49.2,31.98,6.5,14.9,0.43479999999999996,1.8400000000000003,5.3,0.348,4.7,9.639999999999999,0.483,0.49660000000000004,2.7600000000000002,3.5199999999999996,0.7852,0.6,4.2,4.76,3.78,1.56,0.4800000000000001,2.32,2.18,17.66,21000000
Vince Carter,90.0,19-20,SF,41.0,ATL,65.4,6.4,18.240000000000002,2.2399999999999998,5.720000000000001,0.39119999999999994,1.22,3.4599999999999995,0.35259999999999997,1.02,2.2600000000000002,0.4514,0.4976000000000001,0.78,1.0,0.772,0.4,2.12,2.56,1.1600000000000001,0.62,0.4,0.62,1.8,6.4799999999999995,2564753
Wayne Ellington,145.0,19-20,SG,30.0,NYK,60.8,19.0,22.4,3.1000000000000005,7.779999999999999,0.3932,2.12,5.68,0.36979999999999996,0.9800000000000001,2.12,0.45999999999999996,0.5282,0.64,0.76,0.8436,0.26,1.9600000000000002,2.2,1.1599999999999997,0.6599999999999999,0.1,0.62,1.2399999999999998,8.96,7804878
Wesley Matthews,320.0,19-20,SG,31.0,MIL,70.0,69.6,31.32,3.96,10.0,0.39659999999999995,2.2,5.98,0.368,1.78,4.02,0.44279999999999997,0.5082000000000001,1.52,1.8800000000000001,0.8152000000000001,0.34,2.56,2.94,2.24,0.9399999999999998,0.2,1.1199999999999999,2.1,11.66,2564753
Will Barton,29.0,19-20,SF,27.0,DEN,64.8,31.2,30.18,5.16,11.84,0.43579999999999997,1.6600000000000001,4.54,0.36040000000000005,3.54,7.3199999999999985,0.4828,0.5045999999999999,2.06,2.66,0.7802,0.9199999999999999,4.32,5.2,3.3200000000000003,0.8400000000000001,0.52,1.6199999999999999,1.94,14.080000000000002,12960000
Willie Cauley-Stein,94.0,19-20,C,24.0,TOT,69.8,47.6,23.18,3.9799999999999995,7.359999999999999,0.5459999999999999,0.0,0.04,0.15,3.9799999999999995,7.32,0.5484,0.5466,1.4,2.32,0.6186,1.7400000000000002,4.459999999999999,6.2,1.5599999999999998,0.9200000000000002,0.8400000000000001,0.9600000000000002,2.34,9.4,2177483
Zach LaVine,286.0,19-20,SG,22.0,CHI,55.2,45.2,32.36,7.06,15.919999999999998,0.4422,2.18,5.76,0.3742,4.9,10.16,0.4806000000000001,0.5096,3.5200000000000005,4.32,0.8151999999999999,0.47999999999999987,3.4200000000000004,3.9200000000000004,3.56,1.04,0.3,2.46,2.2600000000000002,19.76,19500000
