Rk,Player,Season,Pos,Age,Tm,G,GS,MP,FG,FGA,FG%,3P,3PA,3P%,2P,2PA,2P%,eFG%,FT,FTA,FT%,ORB,DRB,TRB,AST,STL,BLK,TOV,PF,PTS
1,Jeff Adrien,11-12,PF,25,HOU,8,0,7.9,0.9,2.0,0.43799999999999994,0.0,0.0,,0.9,2.0,0.43799999999999994,0.43799999999999994,0.9,1.5,0.583,0.6,2.1,2.8,0.1,0.0,0.3,0.3,1.6,2.6
2,Arron Afflalo,11-12,SG,26,DEN,62,62,33.6,5.3,11.3,0.47100000000000003,1.4,3.6,0.39799999999999996,3.9,7.7,0.504,0.534,3.2,4.0,0.7979999999999999,0.6,2.5,3.2,2.4,0.6,0.2,1.4,2.2,15.2
3,Blake Ahearn,11-12,PG,27,UTA,4,0,7.5,1.0,3.5,0.28600000000000003,0.5,2.3,0.222,0.5,1.3,0.4,0.35700000000000004,0.0,0.0,,0.0,0.5,0.5,0.3,0.0,0.0,1.3,1.0,2.5
4,Solomon Alabi,11-12,C,23,TOR,14,0,8.7,0.9,2.6,0.361,0.0,0.0,,0.9,2.6,0.361,0.361,0.5,0.6,0.875,1.1,2.3,3.4,0.2,0.1,0.6,0.4,0.8,2.4
5,Cole Aldrich,11-12,C,23,OKC,26,0,6.7,0.8,1.6,0.524,0.0,0.0,,0.8,1.6,0.524,0.524,0.5,0.5,0.929,0.5,1.3,1.8,0.1,0.3,0.6,0.3,0.8,2.2
6,LaMarcus Aldridge,11-12,PF,26,POR,55,55,36.3,8.8,17.1,0.512,0.0,0.2,0.182,8.7,16.9,0.516,0.513,4.1,5.0,0.8140000000000001,2.7,5.3,8.0,2.4,0.9,0.8,2.0,2.8,21.7
7,Lavoy Allen,11-12,PF,22,PHI,41,15,15.2,1.9,4.1,0.473,0.0,0.0,,1.9,4.1,0.473,0.473,0.3,0.3,0.7859999999999999,1.1,3.0,4.2,0.8,0.3,0.4,0.5,1.8,4.1
8,Ray Allen*,11-12,SG,36,BOS,46,42,34.0,4.9,10.7,0.45799999999999996,2.3,5.1,0.45299999999999996,2.6,5.6,0.46299999999999997,0.5660000000000001,2.1,2.3,0.915,0.3,2.8,3.1,2.4,1.1,0.2,1.5,1.8,14.2
9,Tony Allen,11-12,SG,30,MEM,58,57,26.3,3.6,7.7,0.469,0.1,0.4,0.308,3.5,7.3,0.479,0.478,2.4,3.0,0.8,1.7,2.3,4.0,1.4,1.8,0.6,1.6,2.4,9.8
10,Morris Almond,11-12,SG,26,WAS,4,0,16.8,1.5,4.3,0.353,0.3,0.8,0.33299999999999996,1.3,3.5,0.35700000000000004,0.382,0.3,0.8,0.33299999999999996,0.3,1.8,2.0,0.5,1.8,0.0,0.3,1.5,3.5
11,Al-Farouq Aminu,11-12,SF,21,NOH,66,21,22.4,2.3,5.5,0.41100000000000003,0.2,0.7,0.27699999999999997,2.1,4.8,0.431,0.429,1.3,1.7,0.754,1.4,3.2,4.7,1.0,0.9,0.5,1.4,2.1,6.0
12,Lou Amundson,11-12,PF,29,IND,60,0,12.6,1.5,3.5,0.43,0.0,0.0,,1.5,3.5,0.43,0.43,0.6,1.4,0.42700000000000005,1.6,2.1,3.7,0.2,0.5,0.7,0.8,2.1,3.6
13,Chris Andersen,11-12,C,33,DEN,32,1,15.2,1.8,3.4,0.546,0.0,0.0,,1.8,3.4,0.546,0.546,1.6,2.6,0.61,1.5,3.1,4.6,0.2,0.6,1.4,0.5,1.6,5.3
14,Alan Anderson,11-12,SF,29,TOR,17,12,27.1,3.2,8.4,0.387,1.4,3.6,0.39299999999999996,1.8,4.8,0.38299999999999995,0.47200000000000003,1.7,2.0,0.853,0.5,1.5,2.0,1.5,0.3,0.2,1.5,2.1,9.6
15,James Anderson,11-12,SG,22,SAS,51,2,11.8,1.3,3.4,0.379,0.4,1.3,0.27899999999999997,0.9,2.1,0.44299999999999995,0.434,0.8,1.0,0.75,0.3,1.2,1.5,0.8,0.2,0.0,0.6,0.7,3.7
16,Ryan Anderson,11-12,PF,23,ORL,61,61,32.2,5.4,12.4,0.439,2.7,6.9,0.39299999999999996,2.7,5.5,0.496,0.5479999999999999,2.5,2.8,0.877,3.7,4.0,7.7,0.9,0.8,0.4,0.9,2.4,16.1
17,Carmelo Anthony,11-12,SF,27,NYK,55,55,34.1,8.0,18.6,0.43,1.2,3.7,0.335,6.8,14.9,0.45399999999999996,0.46299999999999997,5.4,6.7,0.804,1.6,4.7,6.3,3.6,1.1,0.4,2.6,2.8,22.6
18,Joel Anthony,11-12,C,29,MIA,64,51,21.1,1.3,2.4,0.5589999999999999,0.0,0.0,,1.3,2.4,0.5589999999999999,0.5589999999999999,0.8,1.1,0.69,1.6,2.3,3.9,0.1,0.6,1.3,0.7,2.0,3.4
19,Gilbert Arenas,11-12,PG,30,MEM,17,0,12.4,1.5,3.8,0.406,0.8,2.3,0.33299999999999996,0.8,1.5,0.52,0.508,0.4,0.6,0.7,0.1,0.9,1.1,1.1,0.6,0.1,0.7,2.1,4.2
20,Trevor Ariza,11-12,SF,26,NOH,41,41,32.9,4.1,9.8,0.41700000000000004,0.7,2.1,0.33299999999999996,3.4,7.7,0.44,0.45299999999999996,1.9,2.5,0.775,1.0,4.2,5.2,3.3,1.7,0.6,1.9,1.8,10.8
21,Ömer Aşık,11-12,C,25,CHI,66,2,14.7,1.2,2.4,0.506,0.0,0.0,,1.2,2.4,0.506,0.506,0.7,1.6,0.456,1.9,3.4,5.3,0.5,0.5,1.0,1.0,1.8,3.1
22,D.J. Augustin,11-12,PG,24,CHA,48,46,29.3,3.8,10.1,0.376,1.3,3.7,0.341,2.5,6.4,0.396,0.43799999999999994,2.2,2.5,0.875,0.5,1.8,2.3,6.4,0.8,0.0,2.3,1.4,11.1
23,Gustavo Ayón,11-12,PF,26,NOH,54,24,20.1,2.6,4.8,0.536,0.0,0.0,0.0,2.6,4.8,0.5379999999999999,0.536,0.7,1.2,0.619,1.6,3.3,4.9,1.4,1.0,0.9,0.9,2.2,5.9
24,Jeff Ayres,11-12,C,24,IND,20,1,5.3,0.8,1.8,0.41700000000000004,0.0,0.0,,0.8,1.8,0.41700000000000004,0.41700000000000004,0.2,0.4,0.5710000000000001,0.6,1.1,1.7,0.2,0.2,0.1,0.1,0.8,1.7
25,Kelenna Azubuike,11-12,SG,28,DAL,3,0,6.0,1.0,2.7,0.375,0.3,1.0,0.33299999999999996,0.7,1.7,0.4,0.43799999999999994,0.0,0.0,,0.0,0.0,0.0,0.0,0.3,0.0,1.3,0.3,2.3
26,Luke Babbitt,11-12,SF,22,POR,40,4,13.4,1.8,4.3,0.41,1.1,2.5,0.43,0.7,1.8,0.384,0.535,0.4,0.5,0.85,0.4,2.0,2.4,0.4,0.3,0.1,0.7,1.2,5.1
27,Renaldo Balkman,11-12,SF,27,NYK,14,0,8.2,1.1,2.3,0.5,0.1,0.6,0.222,1.0,1.6,0.609,0.531,0.6,0.8,0.727,0.4,1.4,1.9,0.4,0.3,0.2,0.4,1.0,3.0
28,Leandro Barbosa,11-12,SG,29,TOT,64,0,21.6,4.2,10.0,0.425,1.0,2.7,0.382,3.2,7.3,0.441,0.47600000000000003,1.6,1.9,0.815,0.5,1.5,2.0,1.5,0.9,0.1,1.5,2.1,11.1
29,J.J. Barea,11-12,PG,27,MIN,41,11,25.2,4.1,10.2,0.4,1.3,3.5,0.371,2.8,6.7,0.415,0.46299999999999997,1.9,2.4,0.7759999999999999,0.3,2.4,2.8,5.7,0.5,0.0,2.5,1.5,11.3
30,Andrea Bargnani,11-12,C,26,TOR,31,31,33.3,6.7,15.6,0.43200000000000005,1.1,3.7,0.29600000000000004,5.6,11.9,0.474,0.467,4.9,5.6,0.873,0.8,4.8,5.5,2.0,0.6,0.5,2.2,1.7,19.5
31,Matt Barnes,11-12,SF,31,LAL,63,16,22.9,2.8,6.1,0.452,0.7,2.2,0.33299999999999996,2.0,4.0,0.518,0.512,1.5,2.0,0.742,1.5,3.9,5.5,2.0,0.6,0.8,1.2,2.4,7.8
32,Earl Barron,11-12,C,30,GSW,2,0,4.5,1.0,2.0,0.5,0.0,0.0,,1.0,2.0,0.5,0.5,0.0,0.0,,0.5,0.0,0.5,0.0,0.0,0.0,0.0,2.5,2.0
33,Brandon Bass,11-12,PF,26,BOS,59,39,31.7,5.1,10.7,0.479,0.0,0.0,,5.1,10.7,0.479,0.479,2.2,2.8,0.81,1.6,4.6,6.2,0.9,0.6,0.9,1.1,2.3,12.5
34,Tony Battie,11-12,C,35,PHI,27,11,10.9,0.7,1.9,0.373,0.0,0.0,0.0,0.7,1.9,0.38,0.373,0.1,0.1,1.0,0.3,2.2,2.5,0.6,0.1,0.2,0.1,1.0,1.6
35,Shane Battier,11-12,SF,33,MIA,65,10,23.1,1.7,4.5,0.387,1.0,2.8,0.33899999999999997,0.8,1.7,0.46799999999999997,0.493,0.4,0.6,0.622,0.9,1.5,2.4,1.3,1.0,0.5,0.6,1.6,4.8
36,Nicolas Batum,11-12,SF,23,POR,59,34,30.4,4.9,10.9,0.451,1.8,4.6,0.391,3.1,6.2,0.496,0.534,2.3,2.7,0.836,1.4,3.2,4.6,1.4,1.0,1.0,1.5,1.8,13.9
37,Jerryd Bayless,11-12,PG,23,TOR,31,11,22.7,3.8,8.9,0.424,1.4,3.4,0.423,2.4,5.5,0.424,0.504,2.4,2.8,0.852,0.3,1.9,2.1,3.8,0.8,0.1,1.7,2.3,11.4
38,Michael Beasley,11-12,SF,23,MIN,47,7,23.1,4.7,10.6,0.445,0.8,2.1,0.376,3.9,8.4,0.462,0.483,1.3,2.0,0.642,0.8,3.6,4.4,1.0,0.4,0.4,1.7,1.8,11.5
39,Rodrigue Beaubois,11-12,PG,23,DAL,53,12,21.7,3.5,8.4,0.42200000000000004,0.7,2.5,0.28800000000000003,2.8,5.9,0.479,0.465,1.1,1.3,0.841,0.4,2.5,2.8,2.9,1.1,0.5,1.3,1.8,8.9
40,Marco Belinelli,11-12,SG,25,NOH,66,55,29.8,4.3,10.4,0.41700000000000004,1.6,4.3,0.377,2.7,6.1,0.445,0.495,1.5,2.0,0.7829999999999999,0.3,2.3,2.6,1.5,0.7,0.1,1.0,1.7,11.8
41,Raja Bell,11-12,SG,35,UTA,34,33,23.4,2.4,5.1,0.466,1.0,2.6,0.391,1.4,2.6,0.54,0.563,0.6,0.7,0.84,0.2,1.3,1.4,1.1,0.4,0.1,0.6,2.3,6.4
42,Keith Benson,11-12,C,23,GSW,3,0,3.0,0.0,0.3,0.0,0.0,0.0,,0.0,0.3,0.0,0.0,0.0,0.0,,0.7,0.3,1.0,0.0,0.0,0.0,0.0,0.0,0.0
43,Mike Bibby,11-12,PG,33,NYK,39,4,14.3,0.9,3.2,0.282,0.7,2.2,0.318,0.2,1.0,0.205,0.391,0.2,0.2,0.75,0.1,1.4,1.5,2.1,0.5,0.1,0.5,1.2,2.6
44,Andris Biedriņš,11-12,C,25,GSW,47,35,15.7,0.8,1.4,0.609,0.0,0.0,,0.8,1.4,0.609,0.609,0.0,0.2,0.111,1.0,2.8,3.7,0.3,0.5,1.0,0.3,2.7,1.7
45,Chauncey Billups,11-12,SG,35,LAC,20,20,30.4,4.2,11.4,0.364,2.4,6.3,0.384,1.8,5.2,0.34,0.469,4.3,4.8,0.895,0.2,2.3,2.5,4.0,0.5,0.2,1.9,2.0,15.0
46,Bismack Biyombo,11-12,C,19,CHA,63,41,23.1,2.0,4.4,0.46399999999999997,0.0,0.0,,2.0,4.4,0.46399999999999997,0.46399999999999997,1.1,2.3,0.483,1.8,4.0,5.8,0.4,0.3,1.8,1.1,2.3,5.2
47,DeJuan Blair,11-12,PF,22,SAS,64,62,21.3,4.2,7.9,0.534,0.0,0.0,0.0,4.2,7.9,0.535,0.534,1.1,1.9,0.613,2.4,3.1,5.5,1.2,0.9,0.2,1.4,2.6,9.5
48,Steve Blake,11-12,PG,31,LAL,53,5,23.3,1.9,5.1,0.377,1.0,3.0,0.335,0.9,2.1,0.436,0.47600000000000003,0.4,0.5,0.778,0.2,1.4,1.6,3.3,0.7,0.0,1.4,1.4,5.2
49,Andray Blatche,11-12,PF,25,WAS,26,13,24.1,3.6,9.4,0.38,0.1,0.3,0.28600000000000003,3.5,9.2,0.382,0.384,1.3,1.9,0.6729999999999999,1.6,4.2,5.8,1.1,0.8,0.7,1.4,2.1,8.5
50,Eric Bledsoe,11-12,PG,22,LAC,40,1,11.6,1.2,3.2,0.389,0.2,0.8,0.2,1.1,2.4,0.44799999999999995,0.413,0.7,1.1,0.636,0.6,1.1,1.6,1.7,0.8,0.4,1.2,1.5,3.3
51,Keith Bogans,11-12,SF,31,NJN,5,1,18.8,1.6,4.2,0.381,0.6,2.4,0.25,1.0,1.8,0.556,0.452,0.4,1.0,0.4,1.0,1.2,2.2,0.6,0.4,0.0,0.6,3.0,4.2
52,Andrew Bogut,11-12,C,27,MIL,12,12,30.3,5.1,11.3,0.449,0.0,0.1,0.0,5.1,11.3,0.452,0.449,1.2,1.9,0.609,1.8,6.5,8.3,2.6,1.0,2.0,2.0,3.0,11.3
53,Matt Bonner,11-12,PF,31,SAS,65,2,20.4,2.4,5.4,0.44,1.6,3.8,0.42,0.8,1.5,0.49,0.59,0.2,0.3,0.762,0.4,2.8,3.3,0.9,0.2,0.3,0.2,1.0,6.6
54,Trevor Booker,11-12,PF,24,WAS,50,32,25.2,3.6,6.8,0.531,0.0,0.0,0.5,3.6,6.8,0.531,0.532,1.1,1.9,0.602,2.4,4.1,6.5,0.8,1.0,0.9,1.2,2.8,8.4
55,Carlos Boozer,11-12,PF,30,CHI,66,66,29.5,6.8,12.8,0.532,0.0,0.0,0.0,6.8,12.7,0.5329999999999999,0.532,1.4,2.1,0.693,1.7,6.8,8.5,1.9,1.0,0.4,1.7,2.5,15.0
56,Chris Bosh,11-12,PF,27,MIA,57,57,35.2,6.9,14.2,0.48700000000000004,0.2,0.6,0.28600000000000003,6.7,13.5,0.496,0.493,4.0,4.9,0.821,1.6,6.3,7.9,1.8,0.9,0.8,2.1,2.2,18.0
57,Earl Boykins,11-12,PG,35,HOU,8,0,13.9,1.5,4.5,0.33299999999999996,0.3,1.1,0.222,1.3,3.4,0.37,0.361,1.6,1.9,0.867,0.0,1.4,1.4,2.1,0.1,0.0,0.9,0.6,4.9
58,Craig Brackins,11-12,PF,24,PHI,14,1,6.3,0.6,2.4,0.273,0.2,0.6,0.33299999999999996,0.4,1.7,0.25,0.318,0.1,0.1,0.5,0.4,0.7,1.1,0.6,0.0,0.1,0.3,0.4,1.6
59,Avery Bradley,11-12,PG,21,BOS,64,28,21.4,3.1,6.3,0.498,0.3,0.8,0.40700000000000003,2.8,5.4,0.511,0.525,1.0,1.2,0.795,0.5,1.3,1.8,1.4,0.7,0.2,1.2,1.7,7.6
60,Elton Brand,11-12,C,32,PHI,60,60,28.9,4.8,9.7,0.494,0.0,0.0,0.0,4.8,9.7,0.495,0.494,1.4,1.9,0.733,2.4,4.7,7.2,1.6,1.0,1.6,1.1,2.9,11.0
61,Corey Brewer,11-12,SF,25,DEN,59,17,21.8,3.4,7.8,0.434,0.6,2.2,0.26,2.8,5.7,0.5,0.47,1.5,2.2,0.6920000000000001,0.7,1.8,2.5,1.5,1.2,0.3,0.9,1.9,8.9
62,Ronnie Brewer,11-12,SG,26,CHI,66,43,24.8,2.9,6.7,0.42700000000000005,0.3,1.0,0.275,2.6,5.7,0.455,0.44799999999999995,0.8,1.5,0.56,1.1,2.4,3.5,2.1,1.1,0.3,0.9,1.0,6.9
63,Jon Brockman,11-12,PF,24,MIL,35,0,6.8,0.4,1.3,0.33299999999999996,0.0,0.0,0.0,0.4,1.3,0.341,0.33299999999999996,0.2,0.4,0.467,0.9,1.2,2.1,0.3,0.1,0.0,0.3,0.9,1.1
64,MarShon Brooks,11-12,SG,23,NJN,56,47,29.4,4.9,11.4,0.428,0.8,2.7,0.313,4.1,8.8,0.46299999999999997,0.465,2.0,2.6,0.764,1.3,2.3,3.6,2.3,0.9,0.3,2.1,2.1,12.6
65,Derrick Brown,11-12,SF,24,CHA,65,17,22.2,3.3,6.3,0.518,0.1,0.4,0.25,3.2,5.9,0.535,0.526,1.4,2.2,0.667,1.5,2.2,3.6,1.0,0.7,0.2,0.8,1.5,8.1
66,Kwame Brown,11-12,C,29,GSW,9,3,20.8,2.3,4.4,0.525,0.0,0.0,,2.3,4.4,0.525,0.525,1.7,3.8,0.441,1.8,4.6,6.3,0.4,0.9,0.0,1.6,2.3,6.3
67,Shannon Brown,11-12,SG,26,PHO,59,19,23.7,4.3,10.1,0.42,1.2,3.2,0.36200000000000004,3.1,6.9,0.446,0.47700000000000004,1.4,1.7,0.8079999999999999,0.6,2.0,2.7,1.2,0.7,0.3,1.1,1.1,11.0
68,Kobe Bryant*,11-12,SG,33,LAL,58,58,38.5,9.9,23.0,0.43,1.5,4.9,0.303,8.4,18.1,0.46399999999999997,0.462,6.6,7.8,0.845,1.1,4.3,5.4,4.6,1.2,0.3,3.5,1.8,27.9
69,Chase Budinger,11-12,SF,23,HOU,58,9,22.4,3.6,8.1,0.442,1.5,3.8,0.402,2.1,4.3,0.47600000000000003,0.535,0.9,1.2,0.7709999999999999,0.7,3.1,3.7,1.3,0.5,0.1,0.9,1.1,9.6
70,Alec Burks,11-12,SG,20,UTA,59,0,15.9,2.6,6.1,0.429,0.3,0.8,0.33299999999999996,2.3,5.3,0.442,0.45,1.8,2.4,0.727,1.0,1.3,2.2,0.9,0.5,0.1,0.9,1.4,7.2
71,Caron Butler,11-12,SF,31,LAC,63,63,29.7,4.6,11.2,0.40700000000000003,1.5,4.1,0.358,3.1,7.1,0.435,0.47200000000000003,1.4,1.7,0.813,0.7,3.0,3.7,1.2,0.8,0.1,1.2,2.0,12.0
72,Jimmy Butler,11-12,SG,22,CHI,42,0,8.5,0.8,1.9,0.405,0.0,0.3,0.182,0.7,1.6,0.441,0.418,1.0,1.3,0.768,0.5,0.8,1.3,0.3,0.3,0.1,0.3,0.5,2.6
73,Rasual Butler,11-12,SF,32,TOR,34,14,13.3,1.2,3.9,0.308,0.6,2.3,0.273,0.6,1.6,0.35700000000000004,0.387,0.2,0.4,0.583,0.2,1.8,1.9,0.6,0.2,0.1,0.4,1.1,3.2
74,Derrick Byars,11-12,PF,27,SAS,2,0,18.5,1.5,5.5,0.273,0.0,3.0,0.0,1.5,2.5,0.6,0.273,2.0,2.0,1.0,3.0,2.5,5.5,0.5,1.0,0.0,0.0,1.0,5.0
75,Andrew Bynum,11-12,C,24,LAL,60,60,35.2,7.4,13.3,0.5579999999999999,0.0,0.1,0.2,7.4,13.2,0.56,0.5579999999999999,3.9,5.6,0.6920000000000001,3.2,8.6,11.8,1.4,0.5,1.9,2.5,1.7,18.7
76,Will Bynum,11-12,PG,29,DET,36,0,14.3,2.1,5.4,0.381,0.2,0.8,0.24100000000000002,1.9,4.6,0.406,0.39899999999999997,1.4,1.8,0.7659999999999999,0.3,1.3,1.6,1.8,0.6,0.1,1.5,1.7,5.7
77,José Calderón,11-12,PG,30,TOR,53,53,33.9,4.1,9.0,0.457,1.1,3.0,0.371,3.0,6.0,0.5,0.519,1.1,1.3,0.882,0.4,2.7,3.0,8.8,0.9,0.1,2.0,1.8,10.5
78,Marcus Camby,11-12,C,37,TOT,59,53,22.9,2.2,4.9,0.446,0.0,0.1,0.4,2.1,4.8,0.447,0.449,0.5,1.1,0.45299999999999996,2.7,6.3,9.0,1.8,0.8,1.4,1.0,2.1,4.9
79,Brian Cardinal,11-12,SF,34,DAL,44,0,6.3,0.3,1.3,0.255,0.2,1.1,0.204,0.1,0.1,0.667,0.345,0.1,0.1,0.833,0.1,0.7,0.8,0.4,0.2,0.0,0.2,0.9,1.0
80,DeMarre Carroll,11-12,SF-PF,25,TOT,24,9,14.5,1.8,4.4,0.41,0.3,0.8,0.368,1.5,3.6,0.419,0.44299999999999995,0.6,0.7,0.875,1.2,1.0,2.2,0.8,0.5,0.0,0.5,1.5,4.5
81,Matt Carroll,11-12,SG,31,CHA,53,2,11.2,1.0,3.0,0.331,0.2,0.8,0.18600000000000003,0.8,2.2,0.386,0.35700000000000004,0.6,0.7,0.789,0.2,0.9,1.1,0.7,0.3,0.1,0.5,1.0,2.7
82,Anthony Carter,11-12,PG,36,TOR,24,0,8.7,0.7,2.2,0.321,0.2,0.7,0.294,0.5,1.5,0.33299999999999996,0.368,0.3,0.4,0.8,0.2,1.2,1.4,1.4,0.3,0.2,0.7,0.8,2.0
83,Vince Carter,11-12,SG,35,DAL,61,40,25.3,3.7,8.9,0.41100000000000003,1.2,3.4,0.361,2.4,5.5,0.442,0.48,1.6,1.9,0.826,0.5,2.8,3.4,2.3,0.9,0.4,1.4,2.2,10.1
84,Omri Casspi,11-12,SF,23,CLE,65,35,20.6,2.6,6.3,0.40299999999999997,0.8,2.6,0.315,1.7,3.8,0.46299999999999997,0.467,1.1,1.7,0.685,1.0,2.5,3.5,1.0,0.6,0.3,1.0,1.8,7.1
85,Mario Chalmers,11-12,PG,25,MIA,64,64,28.5,3.5,7.8,0.44799999999999995,1.6,4.1,0.38799999999999996,1.9,3.7,0.513,0.5489999999999999,1.3,1.6,0.792,0.3,2.4,2.7,3.5,1.5,0.2,2.2,2.6,9.8
86,Tyson Chandler,11-12,C,29,NYK,62,62,33.2,3.9,5.7,0.679,0.0,0.0,0.0,3.9,5.7,0.6829999999999999,0.679,3.5,5.1,0.6890000000000001,3.4,6.5,9.9,0.9,0.9,1.4,1.6,3.0,11.3
87,Wilson Chandler,11-12,SF,24,DEN,8,6,26.9,3.9,9.9,0.392,0.4,1.5,0.25,3.5,8.4,0.418,0.41100000000000003,1.3,1.5,0.833,0.8,4.4,5.1,2.1,0.8,0.8,2.3,2.3,9.4
88,Josh Childress,11-12,SF,28,PHO,34,0,14.4,1.4,2.9,0.485,0.1,0.7,0.16699999999999998,1.3,2.2,0.5870000000000001,0.505,0.0,0.1,0.0,0.9,1.9,2.8,1.0,0.4,0.2,0.3,1.1,2.9
89,Earl Clark,11-12,PF,24,ORL,45,1,12.4,1.1,3.1,0.36700000000000005,0.0,0.0,,1.1,3.1,0.36700000000000005,0.36700000000000005,0.5,0.6,0.7240000000000001,0.8,2.0,2.8,0.4,0.3,0.7,0.6,1.6,2.7
90,Norris Cole,11-12,PG,23,MIA,65,2,19.4,2.7,6.9,0.39299999999999996,0.3,1.2,0.276,2.4,5.8,0.41700000000000004,0.41700000000000004,1.0,1.3,0.7759999999999999,0.3,1.1,1.4,2.0,0.7,0.0,1.6,1.9,6.8
91,Jason Collins,11-12,C,33,ATL,30,10,10.3,0.5,1.3,0.4,0.0,0.0,,0.5,1.3,0.4,0.4,0.2,0.5,0.467,0.4,1.2,1.6,0.3,0.1,0.1,0.3,1.1,1.3
92,Darren Collison,11-12,PG,24,IND,60,56,31.3,3.8,8.7,0.44,0.6,1.6,0.36200000000000004,3.3,7.2,0.457,0.47200000000000003,2.1,2.6,0.83,0.5,2.6,3.1,4.8,0.8,0.2,1.9,1.7,10.4
93,Nick Collison,11-12,PF,31,OKC,63,0,20.7,1.9,3.2,0.597,0.0,0.0,0.0,1.9,3.2,0.6,0.597,0.7,1.0,0.71,1.9,2.5,4.3,1.3,0.5,0.4,1.0,2.4,4.5
94,Mike Conley,11-12,PG,24,MEM,62,61,35.1,4.8,11.0,0.433,1.0,2.6,0.377,3.8,8.5,0.45,0.47700000000000004,2.2,2.5,0.861,0.4,2.2,2.5,6.5,2.2,0.2,2.0,2.1,12.7
95,Brian Cook,11-12,PF,31,TOT,32,0,8.6,1.0,3.1,0.316,0.3,1.6,0.2,0.7,1.5,0.43799999999999994,0.36700000000000005,0.3,0.3,0.9,0.3,1.7,2.0,0.3,0.2,0.2,0.3,1.5,2.5
96,Daequan Cook,11-12,SG,24,OKC,57,22,17.4,1.9,5.2,0.368,1.4,4.0,0.34600000000000003,0.5,1.2,0.441,0.502,0.2,0.4,0.636,0.2,1.9,2.1,0.3,0.4,0.2,0.3,1.2,5.5
97,DeMarcus Cousins,11-12,C,21,SAC,64,62,30.5,7.0,15.6,0.44799999999999995,0.0,0.2,0.14300000000000002,7.0,15.4,0.45299999999999996,0.449,4.1,5.8,0.7020000000000001,4.1,6.8,11.0,1.6,1.5,1.2,2.7,4.0,18.1
98,Jamal Crawford,11-12,PG,31,POR,60,6,26.9,4.7,12.3,0.384,1.3,4.3,0.308,3.4,8.0,0.426,0.43799999999999994,3.2,3.4,0.927,0.3,1.7,2.0,3.2,0.9,0.2,1.9,1.2,14.0
99,Jordan Crawford,11-12,SG,23,WAS,64,32,27.4,5.5,13.6,0.4,1.2,4.3,0.289,4.2,9.4,0.451,0.446,2.5,3.2,0.7929999999999999,0.7,1.9,2.6,3.0,0.9,0.1,2.2,1.7,14.7
100,Dante Cunningham,11-12,PF,24,MEM,64,5,17.6,2.3,4.4,0.516,0.0,0.0,0.0,2.3,4.3,0.52,0.516,0.7,1.1,0.652,1.4,2.4,3.8,0.6,0.7,0.5,0.5,1.5,5.2
101,Eddy Curry,11-12,C,29,MIA,14,1,5.9,0.9,1.9,0.462,0.0,0.0,,0.9,1.9,0.462,0.462,0.4,0.6,0.75,0.3,0.6,0.9,0.1,0.0,0.1,0.7,1.2,2.1
102,Stephen Curry,11-12,PG,23,GSW,26,23,28.2,5.6,11.4,0.49,2.1,4.7,0.455,3.5,6.7,0.514,0.583,1.5,1.8,0.809,0.6,2.8,3.4,5.3,1.5,0.3,2.5,2.4,14.7
103,Samuel Dalembert,11-12,C,30,HOU,65,45,22.2,3.1,6.1,0.506,0.0,0.0,0.0,3.1,6.1,0.508,0.506,1.4,1.7,0.7959999999999999,2.4,4.6,7.0,0.5,0.6,1.7,1.3,2.5,7.5
104,Erick Dampier,11-12,C,36,ATL,15,0,5.5,0.1,0.5,0.125,0.0,0.0,,0.1,0.5,0.125,0.125,0.0,0.0,,0.7,1.0,1.7,0.3,0.1,0.3,0.2,0.6,0.1
105,Marquis Daniels,11-12,SG,31,BOS,38,0,12.7,1.4,3.8,0.364,0.0,0.3,0.0,1.4,3.5,0.391,0.364,0.4,0.6,0.7390000000000001,0.4,1.3,1.7,1.2,0.6,0.2,0.7,0.9,3.2
106,Baron Davis,11-12,PG,32,NYK,29,14,20.5,2.3,6.3,0.37,0.9,2.9,0.306,1.4,3.4,0.424,0.44,0.6,0.8,0.667,0.4,1.5,1.9,4.7,1.2,0.1,2.6,2.1,6.1
107,Ed Davis,11-12,PF,22,TOR,66,9,23.2,2.6,5.1,0.513,0.0,0.0,0.0,2.6,5.1,0.515,0.513,1.1,1.6,0.67,2.0,4.6,6.6,0.9,0.6,1.0,1.0,2.4,6.3
108,Glen Davis,11-12,PF,26,ORL,61,13,23.4,3.7,8.8,0.42100000000000004,0.0,0.2,0.14300000000000002,3.7,8.5,0.429,0.423,1.9,2.7,0.6829999999999999,1.8,3.7,5.4,0.8,0.7,0.3,1.2,1.7,9.3
109,Josh Davis,11-12,PF,31,MEM,15,0,8.7,0.7,1.8,0.37,0.3,0.9,0.308,0.4,0.9,0.429,0.444,0.3,0.5,0.5,1.1,0.7,1.8,0.4,0.5,0.1,0.2,1.3,1.9
110,Eric Dawson,11-12,C,27,SAS,4,0,9.8,1.8,3.0,0.583,0.0,0.0,,1.8,3.0,0.583,0.583,0.3,0.5,0.5,1.3,1.3,2.5,0.0,0.3,0.5,0.8,1.5,3.8
111,Austin Daye,11-12,SF,23,DET,41,4,14.7,1.8,5.5,0.322,0.3,1.5,0.21,1.5,4.0,0.364,0.35,0.9,1.0,0.8140000000000001,0.3,1.9,2.2,0.8,0.5,0.5,1.0,1.5,4.7
112,Carlos Delfino,11-12,SF,29,MIL,54,53,28.5,3.4,8.4,0.402,1.6,4.4,0.36,1.8,4.0,0.449,0.49700000000000005,0.7,0.9,0.792,0.4,3.5,3.9,2.3,1.5,0.2,1.2,1.8,9.0
113,Luol Deng,11-12,SF,26,CHI,54,54,39.4,5.8,14.0,0.41200000000000003,1.5,4.0,0.36700000000000005,4.3,10.0,0.43,0.46399999999999997,2.4,3.1,0.77,1.4,5.1,6.5,2.9,1.0,0.7,1.8,1.5,15.3
114,Justin Dentmon,11-12,PG,26,TOT,6,0,15.2,1.7,4.7,0.35700000000000004,0.3,2.3,0.14300000000000002,1.3,2.3,0.5710000000000001,0.39299999999999996,0.7,1.0,0.667,0.0,1.3,1.3,1.7,0.3,0.0,1.2,1.7,4.3
115,DeMar DeRozan,11-12,SG,22,TOR,63,63,35.0,6.0,14.3,0.42200000000000004,0.4,1.5,0.261,5.7,12.9,0.44,0.435,4.3,5.3,0.81,0.6,2.7,3.3,2.0,0.8,0.3,2.0,2.6,16.7
116,Boris Diaw,11-12,PF,29,TOT,57,35,25.0,2.7,6.2,0.444,0.5,1.7,0.313,2.2,4.4,0.496,0.489,0.4,0.6,0.629,1.2,3.7,4.9,3.6,0.6,0.4,2.0,2.2,6.4
117,Ike Diogu,11-12,PF,28,SAS,2,0,7.0,0.0,1.0,0.0,0.0,0.0,,0.0,1.0,0.0,0.0,1.0,1.0,1.0,0.0,0.5,0.5,0.0,0.0,0.0,0.5,0.5,1.0
118,DeSagana Diop,11-12,C,30,CHA,27,9,12.0,0.6,1.6,0.35700000000000004,0.0,0.0,,0.6,1.6,0.35700000000000004,0.35700000000000004,0.0,0.2,0.16699999999999998,1.2,1.9,3.1,0.9,0.2,0.5,0.7,1.3,1.1
119,Keyon Dooling,11-12,SG,31,BOS,46,2,14.4,1.4,3.5,0.405,0.6,1.8,0.33299999999999996,0.8,1.8,0.47600000000000003,0.488,0.5,0.7,0.742,0.1,0.8,0.8,1.1,0.3,0.0,0.7,1.2,4.0
120,Toney Douglas,11-12,PG,25,NYK,38,9,17.3,2.5,7.6,0.324,0.7,3.1,0.231,1.8,4.6,0.387,0.371,0.6,0.7,0.846,0.4,1.5,1.9,2.0,0.8,0.0,1.5,1.4,6.2
121,Goran Dragić,11-12,PG,25,HOU,66,28,26.5,4.2,9.1,0.462,1.0,3.1,0.337,3.2,6.0,0.525,0.518,2.3,2.9,0.805,0.8,1.7,2.5,5.3,1.3,0.2,2.4,2.5,11.7
122,Jared Dudley,11-12,SG,26,PHO,65,60,31.1,4.8,9.9,0.485,1.2,3.2,0.38299999999999995,3.6,6.7,0.535,0.547,1.8,2.5,0.726,1.5,3.2,4.6,1.7,0.8,0.3,1.1,1.6,12.7
123,Chris Duhon,11-12,PG,29,ORL,63,9,19.5,1.3,3.2,0.419,0.8,1.9,0.42,0.6,1.3,0.41700000000000004,0.542,0.3,0.3,0.81,0.2,1.4,1.6,2.4,0.6,0.1,1.3,1.1,3.8
124,Tim Duncan*,11-12,C,35,SAS,58,58,28.2,6.2,12.6,0.49200000000000005,0.0,0.1,0.0,6.2,12.6,0.495,0.49200000000000005,3.0,4.3,0.695,1.9,7.1,9.0,2.3,0.7,1.5,1.7,1.7,15.4
125,Mike Dunleavy,11-12,SF,31,MIL,55,3,26.3,4.3,9.2,0.474,1.5,3.8,0.39899999999999997,2.8,5.4,0.527,0.557,2.1,2.6,0.8109999999999999,0.5,3.2,3.7,2.1,0.5,0.1,1.1,1.6,12.3
126,Kevin Durant,11-12,SF,23,OKC,66,66,38.6,9.7,19.7,0.496,2.0,5.2,0.387,7.7,14.4,0.535,0.547,6.5,7.6,0.86,0.6,7.4,8.0,3.5,1.3,1.2,3.8,2.0,28.0
127,Jerome Dyson,11-12,PG,24,NOH,9,1,20.0,2.1,5.3,0.396,0.1,0.9,0.125,2.0,4.4,0.45,0.406,3.1,4.0,0.778,0.2,1.9,2.1,2.0,1.2,0.2,2.2,2.1,7.4
128,Devin Ebanks,11-12,SG,22,LAL,24,12,16.5,1.5,3.7,0.41600000000000004,0.0,0.4,0.0,1.5,3.3,0.46299999999999997,0.41600000000000004,1.0,1.5,0.657,1.1,1.2,2.3,0.5,0.5,0.3,0.8,1.1,4.0
129,Wayne Ellington,11-12,SG,24,MIN,51,4,19.1,2.4,5.9,0.40399999999999997,0.7,2.1,0.324,1.7,3.8,0.44799999999999995,0.462,0.6,0.8,0.8,0.3,1.7,1.9,0.6,0.5,0.2,0.5,1.1,6.1
130,Monta Ellis,11-12,SG,26,TOT,58,58,36.6,7.8,17.9,0.433,1.1,3.5,0.308,6.7,14.5,0.462,0.46299999999999997,3.8,4.7,0.7959999999999999,0.3,3.1,3.4,6.0,1.5,0.3,3.1,2.3,20.4
131,Francisco Elson,11-12,C,35,PHI,5,0,3.2,0.2,0.6,0.33299999999999996,0.0,0.0,,0.2,0.6,0.33299999999999996,0.33299999999999996,0.0,0.0,,0.0,0.2,0.2,0.2,0.2,0.2,0.2,0.0,0.4
132,Andre Emmett,11-12,SF,29,NJN,6,0,7.5,0.7,1.2,0.5710000000000001,0.0,0.2,0.0,0.7,1.0,0.667,0.5710000000000001,0.8,1.3,0.625,0.3,0.7,1.0,0.2,0.3,0.2,0.3,0.3,2.2
133,Semih Erden,11-12,C,25,CLE,28,9,11.9,1.4,2.6,0.527,0.0,0.0,,1.4,2.6,0.527,0.527,0.8,1.5,0.512,0.7,1.9,2.6,0.3,0.4,0.2,0.6,2.1,3.5
134,Jeremy Evans,11-12,SF,24,UTA,29,0,7.5,0.9,1.4,0.643,0.0,0.0,0.0,0.9,1.4,0.659,0.643,0.3,0.6,0.5,0.7,1.1,1.7,0.4,0.2,0.8,0.2,0.8,2.1
135,Maurice Evans,11-12,SF,33,WAS,24,0,14.3,1.9,4.7,0.402,0.7,1.9,0.37799999999999995,1.2,2.8,0.418,0.478,0.4,0.5,0.769,0.3,0.7,1.0,0.4,0.6,0.0,0.4,1.5,4.9
136,Reggie Evans,11-12,PF,31,LAC,56,0,13.8,0.6,1.3,0.47200000000000003,0.0,0.0,,0.6,1.3,0.47200000000000003,0.47200000000000003,0.6,1.3,0.507,1.8,3.1,4.8,0.3,0.6,0.1,0.8,2.1,1.9
137,Tyreke Evans,11-12,SG,22,SAC,63,61,34.3,6.5,14.3,0.45299999999999996,0.3,1.6,0.20199999999999999,6.2,12.7,0.484,0.46399999999999997,3.2,4.1,0.779,1.0,3.6,4.6,4.5,1.3,0.5,2.7,2.2,16.5
138,Christian Eyenga,11-12,SF,22,TOT,7,0,14.6,0.9,3.6,0.24,0.1,0.4,0.33299999999999996,0.7,3.1,0.22699999999999998,0.26,0.6,1.1,0.5,0.6,1.4,2.0,0.7,0.4,0.7,0.4,1.0,2.4
139,Kenneth Faried,11-12,PF,22,DEN,46,39,22.5,3.9,6.7,0.586,0.0,0.0,,3.9,6.7,0.586,0.586,2.4,3.6,0.665,3.1,4.6,7.7,0.8,0.7,1.0,1.2,2.5,10.2
140,Jordan Farmar,11-12,PG,25,NJN,39,5,21.3,3.8,8.1,0.467,1.4,3.2,0.44,2.4,4.9,0.484,0.5539999999999999,1.5,1.6,0.905,0.2,1.4,1.6,3.3,0.6,0.1,1.7,1.3,10.4
141,Derrick Favors,11-12,PF,20,UTA,65,9,21.2,3.4,6.8,0.499,0.0,0.0,,3.4,6.8,0.499,0.499,1.9,3.0,0.649,2.4,4.1,6.5,0.7,0.6,1.0,1.6,2.2,8.8
142,Raymond Felton,11-12,PG,27,POR,60,56,31.8,4.4,10.7,0.40700000000000003,1.0,3.4,0.305,3.3,7.3,0.45299999999999996,0.455,1.7,2.1,0.8059999999999999,0.5,2.0,2.5,6.5,1.3,0.2,2.8,2.0,11.4
143,Rudy Fernández,11-12,SG,26,DEN,31,1,22.9,3.2,7.3,0.44,1.3,3.9,0.32799999999999996,1.9,3.3,0.573,0.529,1.0,1.4,0.698,0.3,1.8,2.1,2.4,1.0,0.1,1.3,1.2,8.6
144,Kyrylo Fesenko,11-12,C,25,IND,3,0,5.7,0.7,1.7,0.4,0.0,0.0,,0.7,1.7,0.4,0.4,1.3,2.0,0.667,0.7,2.3,3.0,0.3,0.7,0.0,0.0,0.7,2.7
145,Landry Fields,11-12,SG,23,NYK,66,62,28.7,3.6,7.8,0.46,0.5,1.8,0.256,3.1,5.9,0.523,0.49,1.2,2.1,0.562,0.9,3.3,4.2,2.6,1.2,0.3,1.5,1.5,8.8
146,Derek Fisher,11-12,PG,37,TOT,63,43,23.9,2.0,5.5,0.371,0.6,1.7,0.321,1.5,3.8,0.39299999999999996,0.42100000000000004,0.9,1.1,0.851,0.2,1.7,1.9,2.7,0.8,0.1,1.2,1.9,5.6
147,Jonny Flynn,11-12,PG,22,TOT,29,1,14.3,1.6,4.5,0.35100000000000003,0.3,1.2,0.294,1.2,3.3,0.371,0.389,1.0,1.3,0.7440000000000001,0.3,1.1,1.3,3.3,0.2,0.1,1.2,0.8,4.5
148,Jeff Foote,11-12,C,24,NOH,4,0,9.8,0.5,1.5,0.33299999999999996,0.0,0.0,,0.5,1.5,0.33299999999999996,0.33299999999999996,0.0,0.0,,0.3,1.3,1.5,0.0,0.0,0.3,0.5,1.3,1.0
149,Gary Forbes,11-12,SG,26,TOR,48,2,14.9,2.3,5.6,0.413,0.6,1.7,0.349,1.7,3.9,0.441,0.467,1.4,1.9,0.725,0.6,1.6,2.1,1.1,0.5,0.1,1.1,1.2,6.6
150,T.J. Ford,11-12,PG,28,SAS,14,0,13.6,1.4,3.1,0.442,0.1,0.6,0.25,1.2,2.5,0.486,0.465,0.8,1.0,0.7859999999999999,0.2,1.1,1.3,3.2,0.6,0.1,1.6,1.6,3.6
151,Courtney Fortson,11-12,PG,23,TOT,10,0,9.5,1.1,3.2,0.344,0.3,1.3,0.231,0.8,1.9,0.42100000000000004,0.391,1.0,1.5,0.667,0.6,0.9,1.5,1.0,0.3,0.0,1.0,0.5,3.5
152,Jeff Foster,11-12,C,35,IND,11,0,12.8,0.8,1.6,0.5,0.1,0.1,1.0,0.7,1.5,0.47100000000000003,0.528,0.5,0.8,0.667,1.6,2.2,3.8,0.4,0.7,0.1,0.6,2.4,2.3
153,Randy Foye,11-12,SG,28,LAC,65,48,25.9,3.9,9.9,0.39799999999999996,2.0,5.1,0.386,2.0,4.8,0.41,0.496,1.1,1.3,0.8590000000000001,0.4,1.7,2.1,2.2,0.7,0.4,1.1,2.0,11.0
154,Jimmer Fredette,11-12,PG,22,SAC,61,7,18.6,2.8,7.3,0.386,1.3,3.5,0.361,1.5,3.8,0.409,0.473,0.7,0.8,0.833,0.3,0.9,1.2,1.8,0.5,0.0,1.1,1.2,7.6
155,Channing Frye,11-12,PF,28,PHO,64,59,26.1,4.0,9.6,0.41600000000000004,1.4,4.1,0.34600000000000003,2.6,5.5,0.469,0.49,1.1,1.3,0.89,1.1,4.8,5.9,1.4,0.7,1.1,1.0,2.8,10.5
156,Dan Gadzuric,11-12,C,33,NYK,2,0,6.5,0.0,1.0,0.0,0.0,0.0,,0.0,1.0,0.0,0.0,0.0,1.0,0.0,0.5,2.0,2.5,0.0,0.5,0.5,0.5,2.0,0.0
157,Sundiata Gaines,11-12,SG,25,NJN,57,12,13.9,1.8,4.8,0.376,0.5,1.4,0.341,1.3,3.3,0.392,0.428,1.0,1.7,0.615,0.5,1.4,1.9,2.2,1.0,0.0,0.9,1.0,5.1
158,Danilo Gallinari,11-12,SF,23,DEN,43,40,31.4,4.5,10.8,0.414,1.4,4.3,0.32799999999999996,3.1,6.6,0.47,0.479,4.2,4.9,0.871,0.7,4.0,4.7,2.7,1.0,0.5,1.6,2.0,14.6
159,Francisco García,11-12,SF,30,SAC,49,3,16.3,1.8,4.7,0.376,0.8,2.7,0.29,1.0,2.0,0.49,0.45899999999999996,0.5,0.6,0.8,0.2,1.8,2.0,0.6,0.7,0.8,0.4,1.5,4.8
160,Kevin Garnett*,11-12,C,35,BOS,60,60,31.1,6.5,13.0,0.503,0.1,0.2,0.33299999999999996,6.5,12.8,0.505,0.505,2.7,3.2,0.857,1.1,7.1,8.2,2.9,0.9,1.0,1.8,2.4,15.8
161,Marc Gasol,11-12,C,27,MEM,65,65,36.5,5.5,11.4,0.48200000000000004,0.0,0.2,0.083,5.5,11.2,0.489,0.483,3.6,4.9,0.748,1.8,7.1,8.9,3.1,1.0,1.9,1.9,3.1,14.6
162,Pau Gasol,11-12,PF,31,LAL,65,65,37.4,7.1,14.1,0.501,0.1,0.4,0.259,7.0,13.7,0.508,0.504,3.1,4.0,0.782,2.8,7.6,10.4,3.6,0.6,1.4,2.2,2.0,17.4
163,Rudy Gay,11-12,SF,25,MEM,65,65,37.3,7.5,16.4,0.455,0.8,2.7,0.312,6.6,13.8,0.48200000000000004,0.48,3.2,4.0,0.7909999999999999,2.0,4.4,6.4,2.3,1.5,0.8,2.5,2.1,19.0
164,Alonzo Gee,11-12,SG,24,CLE,63,31,29.0,3.6,8.7,0.41200000000000003,0.7,2.2,0.321,2.9,6.6,0.442,0.452,2.7,3.4,0.7879999999999999,1.6,3.5,5.1,1.8,1.3,0.3,1.8,2.4,10.6
165,Paul George,11-12,SG,21,IND,66,66,29.7,4.3,9.7,0.44,1.4,3.5,0.385,2.9,6.1,0.47200000000000003,0.51,2.2,2.8,0.802,0.8,4.8,5.6,2.4,1.6,0.6,1.8,2.9,12.1
166,Daniel Gibson,11-12,SG,25,CLE,35,7,26.2,2.5,7.1,0.35100000000000003,1.6,4.0,0.396,0.9,3.1,0.294,0.462,1.0,1.2,0.7909999999999999,0.3,2.6,2.9,2.2,0.7,0.5,1.3,2.0,7.5
167,Taj Gibson,11-12,PF,26,CHI,63,0,20.4,3.2,6.4,0.495,0.0,0.0,,3.2,6.4,0.495,0.495,1.3,2.1,0.622,2.1,3.1,5.3,0.7,0.4,1.3,1.0,2.1,7.7
168,Manu Ginóbili,11-12,SG,34,SAS,34,7,23.3,4.4,8.4,0.526,1.5,3.7,0.413,2.9,4.7,0.616,0.618,2.6,3.0,0.871,0.5,2.9,3.4,4.4,0.7,0.4,1.9,1.6,12.9
169,Mickell Gladness,11-12,PF,25,TOT,26,7,9.7,1.0,2.3,0.424,0.0,0.0,,1.0,2.3,0.424,0.424,0.2,0.5,0.5,0.5,1.7,2.2,0.2,0.2,0.8,0.3,1.2,2.2
170,Ryan Gomes,11-12,SF,29,LAC,32,2,13.3,1.0,3.0,0.326,0.1,0.9,0.138,0.8,2.1,0.409,0.34700000000000003,0.3,0.3,0.727,0.4,1.5,1.9,0.4,0.5,0.0,0.5,1.1,2.3
171,Drew Gooden,11-12,C,30,MIL,56,46,26.2,5.1,11.7,0.43700000000000006,0.3,1.0,0.29100000000000004,4.8,10.8,0.45,0.449,3.1,3.7,0.846,2.3,4.2,6.5,2.6,0.8,0.6,1.9,2.0,13.7
172,Ben Gordon,11-12,SG,28,DET,52,21,26.9,4.5,10.2,0.442,1.2,2.8,0.429,3.3,7.4,0.446,0.501,2.3,2.6,0.86,0.3,2.1,2.3,2.4,0.7,0.2,2.2,2.2,12.5
173,Eric Gordon,11-12,PG,23,NOH,9,9,34.4,7.0,15.6,0.45,1.1,4.4,0.25,5.9,11.1,0.53,0.486,5.4,7.2,0.754,0.2,2.6,2.8,3.4,1.4,0.4,2.7,2.2,20.6
174,Marcin Gortat,11-12,C,27,PHO,66,66,32.0,6.5,11.7,0.555,0.0,0.0,0.0,6.5,11.6,0.557,0.555,2.5,3.8,0.649,2.8,7.2,10.0,0.9,0.7,1.5,1.4,2.2,15.4
175,Andrew Goudelock,11-12,SG,23,LAL,40,0,10.5,1.7,4.4,0.391,0.7,1.9,0.373,1.0,2.5,0.40399999999999997,0.47100000000000003,0.3,0.3,0.917,0.1,0.7,0.8,0.5,0.1,0.0,0.5,0.8,4.4
176,Danny Granger,11-12,SF,28,IND,62,62,33.3,6.3,15.2,0.41600000000000004,2.0,5.2,0.381,4.3,10.0,0.434,0.48100000000000004,4.1,4.7,0.873,1.3,3.7,5.0,1.8,1.0,0.6,1.8,2.3,18.7
177,Aaron Gray,11-12,C,27,TOR,49,40,16.6,1.7,3.3,0.516,0.0,0.0,,1.7,3.3,0.516,0.516,0.5,1.0,0.532,1.7,4.0,5.7,0.6,0.4,0.3,1.0,2.6,3.9
178,Danny Green,11-12,SG,24,SAS,66,38,23.1,3.2,7.2,0.442,1.5,3.5,0.436,1.7,3.7,0.449,0.5489999999999999,1.2,1.5,0.79,0.8,2.6,3.5,1.3,0.9,0.7,1.0,1.6,9.1
179,Gerald Green,11-12,SF,26,NJN,31,2,25.2,5.0,10.3,0.48100000000000004,1.4,3.5,0.391,3.6,6.8,0.529,0.5479999999999999,1.6,2.1,0.754,0.5,3.0,3.5,1.1,0.9,0.5,1.8,2.6,12.9
180,Willie Green,11-12,SG,30,ATL,53,2,17.4,2.9,6.1,0.47100000000000003,0.9,2.1,0.442,1.9,4.0,0.486,0.5479999999999999,0.9,1.1,0.857,0.3,1.2,1.5,0.8,0.4,0.1,0.6,1.4,7.6
181,Donté Greene,11-12,PF,23,SAC,53,7,14.7,2.0,5.0,0.406,0.5,2.0,0.23800000000000002,1.6,3.0,0.516,0.45299999999999996,0.8,1.0,0.8,0.4,2.2,2.5,0.6,0.3,0.5,0.6,1.3,5.4
182,Blake Griffin,11-12,PF,22,LAC,66,66,36.2,8.5,15.5,0.5489999999999999,0.0,0.2,0.125,8.5,15.2,0.556,0.55,3.7,7.1,0.521,3.3,7.6,10.9,3.2,0.8,0.7,2.3,3.3,20.7
183,Hamed Haddadi,11-12,C,26,MEM,35,0,5.9,0.7,1.4,0.542,0.0,0.0,0.0,0.7,1.3,0.5529999999999999,0.542,0.5,0.7,0.6920000000000001,0.8,1.2,2.0,0.2,0.0,0.7,0.6,1.2,2.0
184,Jordan Hamilton,11-12,SF,21,DEN,26,2,9.9,1.8,4.3,0.43200000000000005,0.7,1.8,0.36200000000000004,1.2,2.5,0.484,0.509,0.1,0.2,0.4,0.4,2.0,2.4,0.8,0.2,0.1,0.6,0.6,4.4
185,Richard Hamilton,11-12,SG,33,CHI,28,28,24.9,5.0,11.1,0.452,0.6,1.6,0.37,4.4,9.4,0.466,0.479,1.0,1.3,0.784,0.7,1.6,2.4,3.0,0.4,0.0,1.8,2.0,11.6
186,Tyler Hansbrough,11-12,PF,26,IND,66,0,21.8,2.9,7.3,0.405,0.0,0.0,0.0,2.9,7.2,0.406,0.405,3.4,4.2,0.813,1.7,2.7,4.4,0.5,0.8,0.1,1.0,2.4,9.3
187,Luke Harangody,11-12,PF,24,CLE,21,1,11.0,1.1,3.1,0.354,0.2,1.0,0.23800000000000002,0.9,2.1,0.409,0.392,0.4,0.6,0.75,1.0,1.6,2.5,0.3,0.3,0.1,0.2,0.8,2.9
188,James Harden,11-12,SG,22,OKC,62,2,31.4,5.0,10.1,0.491,1.8,4.7,0.39,3.1,5.4,0.579,0.5820000000000001,5.0,6.0,0.846,0.5,3.6,4.1,3.7,1.0,0.2,2.2,2.4,16.8
189,Justin Harper,11-12,PF,22,ORL,14,0,6.0,0.6,2.2,0.29,0.1,0.9,0.154,0.5,1.3,0.389,0.32299999999999995,0.0,0.1,0.0,0.2,0.6,0.9,0.1,0.1,0.2,0.4,0.4,1.4
190,Josh Harrellson,11-12,PF,22,NYK,37,4,14.6,1.7,4.0,0.423,0.5,1.6,0.33899999999999997,1.2,2.4,0.478,0.49,0.4,0.7,0.615,1.3,2.6,3.9,0.3,0.6,0.5,0.5,1.3,4.4
191,Al Harrington,11-12,PF,31,DEN,64,1,27.5,5.4,12.1,0.446,1.6,4.7,0.33299999999999996,3.8,7.3,0.519,0.512,1.9,2.8,0.6759999999999999,1.1,5.0,6.1,1.4,0.9,0.2,1.8,2.8,14.2
192,Devin Harris,11-12,PG,28,UTA,63,63,27.6,3.8,8.6,0.445,1.2,3.4,0.36200000000000004,2.6,5.2,0.498,0.516,2.5,3.3,0.746,0.2,1.6,1.8,5.0,1.0,0.2,1.9,2.2,11.3
193,Manny Harris,11-12,SG,22,CLE,26,5,17.5,2.3,5.8,0.4,0.5,1.4,0.33299999999999996,1.8,4.4,0.42100000000000004,0.44,1.6,2.3,0.695,0.4,2.3,2.7,1.2,0.5,0.2,1.0,1.1,6.7
194,Terrel Harris,11-12,SG,24,MIA,22,1,14.5,1.3,3.8,0.349,0.4,1.8,0.205,1.0,2.0,0.47700000000000004,0.39799999999999996,0.6,1.0,0.667,0.8,1.5,2.3,1.2,0.4,0.1,1.1,1.5,3.6
195,Tobias Harris,11-12,SF,19,MIL,42,9,11.4,1.9,4.0,0.467,0.1,0.5,0.261,1.7,3.5,0.5,0.485,1.0,1.3,0.815,0.7,1.7,2.4,0.5,0.3,0.2,0.7,1.1,5.0
196,Udonis Haslem,11-12,PF,31,MIA,64,10,24.8,2.4,5.6,0.423,0.0,0.0,,2.4,5.6,0.423,0.423,1.3,1.6,0.8140000000000001,1.8,5.5,7.3,0.7,0.5,0.4,0.9,2.2,6.0
197,Spencer Hawes,11-12,C,23,PHI,37,29,24.9,4.2,8.6,0.489,0.1,0.3,0.25,4.1,8.3,0.498,0.494,1.1,1.5,0.727,2.1,5.2,7.3,2.6,0.4,1.3,1.5,2.7,9.6
198,Chuck Hayes,11-12,C,28,SAC,54,9,19.2,1.4,3.1,0.429,0.0,0.0,0.0,1.4,3.1,0.435,0.429,0.5,0.7,0.667,1.3,3.0,4.3,1.4,0.7,0.3,0.9,2.1,3.2
199,Gordon Hayward,11-12,SF,21,UTA,66,58,30.5,4.0,8.9,0.456,0.8,2.4,0.34600000000000003,3.2,6.5,0.496,0.503,2.9,3.5,0.8320000000000001,0.9,2.6,3.5,3.1,0.8,0.6,1.7,1.6,11.8
200,Lazar Hayward,11-12,SF,25,OKC,26,0,5.4,0.5,1.5,0.342,0.2,0.5,0.28600000000000003,0.3,0.9,0.375,0.395,0.3,0.5,0.583,0.1,0.5,0.6,0.2,0.1,0.0,0.3,0.7,1.4
201,Brendan Haywood,11-12,C,32,DAL,54,54,21.2,2.2,4.2,0.518,0.0,0.0,,2.2,4.2,0.518,0.518,0.8,1.8,0.469,2.6,3.4,6.0,0.4,0.4,1.0,0.9,2.2,5.2
202,Gerald Henderson,11-12,SG,24,CHA,55,55,33.3,6.0,13.1,0.45899999999999996,0.2,0.9,0.23399999999999999,5.8,12.3,0.475,0.467,2.8,3.7,0.76,1.2,2.9,4.1,2.3,0.9,0.4,1.8,2.3,15.1
203,Xavier Henry,11-12,SG,20,NOH,45,0,16.9,2.0,5.1,0.395,0.2,0.4,0.41200000000000003,1.8,4.7,0.39299999999999996,0.41,1.2,1.9,0.612,0.5,1.8,2.4,0.8,0.6,0.2,0.8,1.3,5.3
204,Roy Hibbert,11-12,C,25,IND,65,65,29.8,5.1,10.3,0.49700000000000005,0.0,0.0,0.0,5.1,10.3,0.498,0.49700000000000005,2.6,3.7,0.711,3.3,5.5,8.8,1.7,0.5,2.0,2.0,3.0,12.8
205,J.J. Hickson,11-12,PF,23,TOT,54,19,23.0,3.4,7.3,0.467,0.0,0.0,0.0,3.4,7.2,0.469,0.467,1.6,2.5,0.642,2.5,3.7,6.2,0.8,0.6,0.6,1.3,1.6,8.4
206,Cory Higgins,11-12,PG,22,CHA,38,0,11.1,1.4,4.2,0.325,0.1,0.5,0.2,1.3,3.7,0.34299999999999997,0.33799999999999997,1.1,1.6,0.7,0.2,0.7,0.9,0.9,0.1,0.2,1.0,1.1,3.9
207,Nenê,11-12,C,29,TOT,39,33,28.5,5.4,10.1,0.537,0.0,0.1,0.0,5.4,10.0,0.542,0.537,2.9,4.3,0.6729999999999999,1.6,5.8,7.5,2.1,1.1,1.0,2.5,2.4,13.7
208,George Hill,11-12,PG,25,IND,50,9,25.5,3.4,7.6,0.442,1.1,2.9,0.36700000000000005,2.3,4.7,0.489,0.513,1.8,2.3,0.778,0.6,2.4,3.0,2.9,0.8,0.3,1.0,2.0,9.6
209,Grant Hill*,11-12,SF,39,PHO,49,46,28.1,4.1,9.2,0.446,0.3,1.1,0.264,3.8,8.1,0.47,0.461,1.7,2.2,0.7609999999999999,0.6,2.9,3.5,2.2,0.8,0.6,1.3,1.8,10.2
210,Jordan Hill,11-12,C,24,TOT,39,8,14.1,2.1,4.2,0.49700000000000005,0.0,0.1,0.0,2.1,4.2,0.506,0.49700000000000005,0.8,1.2,0.638,1.6,3.2,4.8,0.4,0.4,0.7,0.8,1.8,5.0
211,Kirk Hinrich,11-12,SG,31,ATL,48,31,25.8,2.5,6.1,0.414,1.0,2.8,0.34600000000000003,1.6,3.3,0.47200000000000003,0.493,0.5,0.7,0.7809999999999999,0.2,1.9,2.1,2.8,0.8,0.2,1.2,2.1,6.6
212,Darington Hobson,11-12,SG,24,MIL,5,0,7.8,0.4,2.6,0.154,0.0,1.2,0.0,0.4,1.4,0.28600000000000003,0.154,0.0,0.0,,0.0,0.6,0.6,1.2,0.0,0.0,0.4,0.2,0.8
213,Jrue Holiday,11-12,PG,21,PHI,65,65,33.8,5.5,12.8,0.43200000000000005,1.0,2.6,0.38,4.5,10.2,0.445,0.47100000000000003,1.4,1.8,0.7829999999999999,0.9,2.4,3.3,4.5,1.6,0.3,2.1,2.1,13.5
214,Ryan Hollins,11-12,C,27,TOT,39,8,13.4,1.2,2.2,0.5479999999999999,0.0,0.0,,1.2,2.2,0.5479999999999999,0.5479999999999999,1.0,1.9,0.52,0.9,1.2,2.1,0.2,0.1,0.4,0.9,2.0,3.4
215,Tyler Honeycutt,11-12,SF,21,SAC,15,0,5.9,0.5,1.6,0.33299999999999996,0.1,0.2,0.33299999999999996,0.5,1.4,0.33299999999999996,0.354,0.2,0.3,0.6,0.2,0.7,0.9,0.5,0.3,0.2,0.1,0.2,1.3
216,Al Horford,11-12,C,25,ATL,11,11,31.6,5.2,9.4,0.5529999999999999,0.0,0.1,0.0,5.2,9.3,0.5589999999999999,0.5529999999999999,2.0,2.7,0.733,2.4,4.6,7.0,2.2,0.9,1.3,1.5,1.9,12.4
217,Dennis Horner,11-12,PF,23,NJN,8,0,2.8,0.1,0.5,0.25,0.0,0.1,0.0,0.1,0.4,0.33299999999999996,0.25,0.4,0.5,0.75,0.3,0.4,0.6,0.0,0.0,0.0,0.1,0.1,0.6
218,Dwight Howard,11-12,C,26,ORL,54,54,38.3,7.7,13.4,0.573,0.0,0.1,0.0,7.7,13.3,0.579,0.573,5.2,10.6,0.491,3.7,10.8,14.5,1.9,1.5,2.1,3.2,2.9,20.6
219,Josh Howard,11-12,SF,31,UTA,43,18,23.0,3.3,8.4,0.39899999999999997,0.2,0.9,0.243,3.1,7.5,0.41700000000000004,0.41100000000000003,1.7,2.3,0.773,0.9,2.8,3.7,1.2,0.7,0.2,1.2,2.1,8.7
220,Juwan Howard,11-12,PF,38,MIA,28,0,6.8,0.6,2.0,0.309,0.0,0.0,,0.6,2.0,0.309,0.309,0.3,0.4,0.8,0.6,1.0,1.7,0.4,0.1,0.0,0.7,0.6,1.5
221,Lester Hudson,11-12,PG,27,TOT,16,0,20.9,3.9,10.1,0.38299999999999995,1.0,4.0,0.25,2.9,6.1,0.469,0.43200000000000005,2.1,2.6,0.8290000000000001,0.4,2.4,2.9,2.3,0.9,0.2,2.0,1.6,10.9
222,Larry Hughes,11-12,PG,33,ORL,9,0,12.7,0.6,2.4,0.22699999999999998,0.1,0.8,0.14300000000000002,0.4,1.7,0.267,0.25,0.1,0.2,0.5,0.1,0.4,0.6,0.8,0.2,0.0,1.3,1.1,1.3
223,Kris Humphries,11-12,PF,26,NJN,62,62,34.9,5.2,10.8,0.48100000000000004,0.0,0.0,,5.2,10.8,0.48100000000000004,0.48100000000000004,3.4,4.5,0.752,3.8,7.2,11.0,1.5,0.8,1.2,1.9,2.8,13.8
224,Serge Ibaka,11-12,PF,22,OKC,66,66,27.2,4.0,7.4,0.535,0.0,0.0,0.33299999999999996,4.0,7.4,0.536,0.536,1.2,1.8,0.6609999999999999,2.9,4.6,7.5,0.4,0.5,3.7,1.2,2.7,9.1
225,Andre Iguodala,11-12,SF,28,PHI,62,62,35.6,4.6,10.2,0.45399999999999996,1.2,3.1,0.39399999999999996,3.4,7.1,0.48100000000000004,0.514,2.0,3.2,0.617,0.9,5.2,6.1,5.5,1.7,0.5,1.9,1.5,12.4
226,Ersan İlyasova,11-12,PF,24,MIL,60,41,27.6,4.9,10.0,0.49200000000000005,0.9,1.9,0.455,4.1,8.1,0.501,0.535,2.4,3.1,0.7809999999999999,3.3,5.6,8.8,1.2,0.7,0.7,1.3,2.2,13.0
227,Kyrie Irving,11-12,PG,19,CLE,51,51,30.5,6.9,14.6,0.469,1.4,3.6,0.39899999999999997,5.4,11.1,0.491,0.517,3.4,3.8,0.872,0.9,2.9,3.7,5.4,1.1,0.4,3.1,2.2,18.5
228,Royal Ivey,11-12,SG,30,OKC,34,0,10.4,0.8,2.1,0.35600000000000004,0.5,1.6,0.34,0.2,0.6,0.4,0.479,0.0,0.2,0.125,0.0,0.7,0.7,0.3,0.4,0.0,0.3,1.1,2.1
229,Jarrett Jack,11-12,PG,28,NOH,45,39,34.0,5.9,13.0,0.456,0.9,2.5,0.348,5.0,10.5,0.48200000000000004,0.49,2.9,3.3,0.872,0.5,3.4,3.9,6.3,0.7,0.2,2.4,2.1,15.6
230,Reggie Jackson,11-12,PG,21,OKC,45,0,11.1,1.1,3.5,0.321,0.3,1.4,0.21,0.8,2.2,0.392,0.36200000000000004,0.6,0.6,0.862,0.3,0.9,1.2,1.6,0.6,0.0,0.8,0.7,3.1
231,Stephen Jackson,11-12,SF,33,TOT,47,14,25.8,3.4,9.0,0.374,1.0,3.6,0.28800000000000003,2.3,5.4,0.431,0.43200000000000005,2.0,2.4,0.825,0.5,3.0,3.5,2.5,1.1,0.3,2.2,2.1,9.8
232,Damion James,11-12,SF,24,NJN,7,7,24.3,1.9,5.0,0.371,0.0,0.1,0.0,1.9,4.9,0.382,0.371,1.1,1.7,0.667,1.0,3.7,4.7,0.4,1.0,1.0,1.7,2.4,4.9
233,LeBron James,11-12,SF,27,MIA,62,62,37.5,10.0,18.9,0.531,0.9,2.4,0.36200000000000004,9.1,16.5,0.556,0.5539999999999999,6.2,8.1,0.7709999999999999,1.5,6.4,7.9,6.2,1.9,0.8,3.4,1.5,27.1
234,Mike James,11-12,PG,36,CHI,11,0,10.9,1.8,4.5,0.408,0.5,0.9,0.6,1.3,3.5,0.359,0.469,0.6,0.7,0.875,0.2,0.7,0.9,2.6,0.4,0.2,1.3,1.8,4.8
235,Antawn Jamison,11-12,PF,35,CLE,65,65,33.1,6.5,16.1,0.40299999999999997,1.4,4.1,0.341,5.1,12.0,0.425,0.447,2.8,4.2,0.6829999999999999,1.9,4.4,6.3,2.0,0.8,0.7,1.4,2.5,17.2
236,Al Jefferson,11-12,C,27,UTA,61,61,34.0,8.5,17.2,0.49200000000000005,0.0,0.1,0.25,8.4,17.1,0.493,0.493,2.2,2.9,0.774,2.2,7.4,9.6,2.2,0.8,1.7,1.0,2.5,19.2
237,Richard Jefferson,11-12,SF,31,TOT,63,44,27.7,3.2,7.7,0.41600000000000004,1.8,4.3,0.42,1.4,3.5,0.41100000000000003,0.532,0.9,1.3,0.6940000000000001,0.4,3.1,3.5,1.4,0.6,0.3,0.8,1.9,9.2
238,Jared Jeffries,11-12,PF,30,NYK,39,4,18.7,1.5,3.7,0.41,0.1,0.4,0.188,1.4,3.3,0.43799999999999994,0.42,1.3,1.8,0.6809999999999999,1.8,2.1,3.9,0.7,0.7,0.6,0.7,2.3,4.4
239,Charles Jenkins,11-12,PG,22,GSW,51,28,17.5,2.5,5.7,0.447,0.1,0.4,0.15,2.5,5.3,0.469,0.452,0.7,0.8,0.872,0.2,1.2,1.3,3.3,0.6,0.1,1.2,1.7,5.8
240,Brandon Jennings,11-12,PG,22,MIL,66,66,35.3,7.1,17.0,0.418,2.0,5.9,0.332,5.2,11.1,0.46399999999999997,0.47600000000000003,2.9,3.6,0.8079999999999999,0.7,2.7,3.4,5.5,1.6,0.3,2.2,1.7,19.1
241,Jonas Jerebko,11-12,PF,24,DET,64,13,22.9,3.3,7.1,0.46799999999999997,0.5,1.7,0.302,2.8,5.4,0.519,0.503,1.6,1.9,0.8059999999999999,1.5,3.3,4.8,0.7,0.6,0.3,1.0,2.5,8.7
242,Yi Jianlian,11-12,PF,24,DAL,30,0,6.8,1.0,2.7,0.37799999999999995,0.1,0.3,0.3,0.9,2.4,0.389,0.396,0.5,0.7,0.667,0.4,1.2,1.6,0.2,0.2,0.3,0.5,0.8,2.6
243,Amir Johnson,11-12,PF,24,TOR,64,43,24.3,3.1,5.3,0.5760000000000001,0.0,0.1,0.4,3.0,5.2,0.579,0.579,0.9,1.3,0.69,2.3,4.0,6.4,1.2,0.5,1.1,1.5,3.3,7.1
244,Armon Johnson,11-12,PG,22,TOT,9,0,13.8,2.2,4.8,0.465,0.1,0.3,0.33299999999999996,2.1,4.4,0.475,0.47700000000000004,0.7,0.7,1.0,0.1,1.3,1.4,1.2,0.6,0.0,0.7,1.0,5.2
245,Carldell Johnson,11-12,PG,29,NOH,15,0,7.9,0.7,2.3,0.314,0.3,1.0,0.267,0.5,1.3,0.35,0.371,0.1,0.2,0.33299999999999996,0.1,0.5,0.6,1.5,0.5,0.0,0.5,0.7,1.8
246,Chris Johnson,11-12,C,26,TOT,27,0,6.5,0.7,1.5,0.488,0.0,0.0,,0.7,1.5,0.488,0.488,0.6,0.7,0.789,0.6,0.9,1.5,0.1,0.2,0.3,0.6,1.2,2.0
247,Ivan Johnson,11-12,PF,27,ATL,56,0,16.7,2.5,4.9,0.513,0.0,0.1,0.33299999999999996,2.5,4.8,0.517,0.516,1.3,1.8,0.72,1.2,2.9,4.0,0.6,0.8,0.3,1.2,2.1,6.4
248,JaJuan Johnson,11-12,PF,22,BOS,36,0,8.3,1.5,3.4,0.446,0.0,0.0,,1.5,3.4,0.446,0.446,0.2,0.3,0.667,0.6,1.1,1.6,0.2,0.1,0.4,0.4,0.7,3.2
249,James Johnson,11-12,SF,24,TOR,62,40,25.2,3.8,8.4,0.45,0.3,1.0,0.317,3.5,7.4,0.467,0.46799999999999997,1.3,1.9,0.7040000000000001,1.2,3.5,4.7,2.0,1.1,1.4,1.6,2.9,9.1
250,Joe Johnson,11-12,SG,30,ATL,60,60,35.5,7.1,15.5,0.45399999999999996,2.1,5.4,0.38799999999999996,5.0,10.2,0.489,0.521,2.6,3.1,0.8490000000000001,0.9,2.8,3.7,3.9,0.8,0.2,1.9,1.3,18.8
251,Trey Johnson,11-12,SG,27,NOH,11,0,5.5,0.7,1.3,0.5710000000000001,0.0,0.0,,0.7,1.3,0.5710000000000001,0.5710000000000001,0.5,0.5,1.0,0.3,0.8,1.1,0.4,0.1,0.0,0.5,0.9,1.9
252,Wesley Johnson,11-12,SF,24,MIN,65,64,22.6,2.4,6.1,0.39799999999999996,0.8,2.6,0.314,1.6,3.5,0.461,0.465,0.4,0.5,0.706,0.4,2.4,2.7,0.9,0.5,0.7,0.9,1.8,6.0
253,Dahntay Jones,11-12,SF,31,IND,65,3,16.2,1.8,4.3,0.409,0.5,1.2,0.429,1.3,3.1,0.402,0.46799999999999997,1.3,1.5,0.838,0.4,1.4,1.8,1.0,0.4,0.2,0.7,1.8,5.3
254,Dominique Jones,11-12,SG,23,DAL,33,1,8.1,0.9,2.2,0.397,0.0,0.2,0.125,0.8,2.0,0.431,0.40399999999999997,0.9,1.1,0.784,0.3,1.1,1.3,1.3,0.3,0.2,0.8,0.8,2.7
255,James Jones,11-12,SG,31,MIA,51,10,13.1,1.1,2.9,0.38,0.9,2.2,0.40399999999999997,0.2,0.7,0.306,0.5329999999999999,0.5,0.6,0.833,0.1,0.8,1.0,0.4,0.3,0.2,0.2,0.9,3.6
256,Solomon Jones,11-12,C-PF,27,TOT,21,1,13.9,1.1,2.9,0.39299999999999996,0.0,0.0,,1.1,2.9,0.39299999999999996,0.39299999999999996,0.9,1.1,0.826,1.5,1.2,2.8,0.4,0.4,0.5,0.9,2.0,3.2
257,DeAndre Jordan,11-12,C,23,LAC,66,66,27.2,3.1,4.9,0.632,0.0,0.0,0.0,3.1,4.9,0.634,0.632,1.1,2.1,0.525,3.1,5.2,8.3,0.3,0.5,2.0,1.1,2.9,7.4
258,Jerome Jordan,11-12,C,25,NYK,21,0,5.1,0.8,1.6,0.515,0.0,0.0,,0.8,1.6,0.515,0.515,0.4,0.5,0.8,0.7,0.6,1.3,0.2,0.0,0.3,0.1,0.7,2.0
259,Cory Joseph,11-12,PG,20,SAS,29,1,9.2,0.8,2.4,0.314,0.1,0.5,0.2,0.7,1.9,0.345,0.336,0.4,0.6,0.647,0.2,0.7,0.9,1.2,0.2,0.1,0.4,0.6,2.0
260,Chris Kaman,11-12,C,29,NOH,47,33,29.2,5.7,12.7,0.446,0.0,0.0,,5.7,12.7,0.446,0.446,1.8,2.3,0.785,1.9,5.9,7.7,2.1,0.5,1.6,2.7,2.3,13.1
261,Enes Kanter,11-12,C,19,UTA,66,0,13.2,1.8,3.6,0.496,0.0,0.0,0.0,1.8,3.6,0.498,0.496,1.1,1.6,0.667,1.6,2.6,4.2,0.1,0.3,0.3,0.8,1.3,4.6
262,Jason Kapono,11-12,SG,30,LAL,27,0,10.0,0.8,2.0,0.382,0.3,1.0,0.29600000000000004,0.5,1.0,0.46399999999999997,0.455,0.1,0.1,1.0,0.1,0.4,0.5,0.4,0.1,0.0,0.2,0.8,2.0
263,D.J. Kennedy,11-12,SF,22,CLE,2,0,29.5,2.5,6.0,0.41700000000000004,1.0,2.0,0.5,1.5,4.0,0.375,0.5,0.0,1.0,0.0,0.5,3.0,3.5,1.5,1.0,0.0,1.5,3.5,6.0
264,Jason Kidd*,11-12,PG,38,DAL,48,48,28.7,2.1,5.7,0.363,1.6,4.6,0.354,0.4,1.0,0.4,0.507,0.5,0.6,0.7859999999999999,0.3,3.8,4.1,5.5,1.7,0.2,1.9,1.7,6.2
265,Linas Kleiza,11-12,SF,27,TOR,49,3,21.6,3.4,8.4,0.402,1.3,3.7,0.34600000000000003,2.1,4.7,0.446,0.478,1.7,2.0,0.81,0.9,3.2,4.1,0.9,0.5,0.1,1.3,2.4,9.7
266,Brandon Knight,11-12,PG,20,DET,66,60,32.3,4.8,11.7,0.415,1.6,4.2,0.38,3.2,7.5,0.434,0.483,1.6,2.1,0.759,0.5,2.7,3.2,3.8,0.7,0.2,2.6,2.3,12.8
267,Kyle Korver,11-12,SG,30,CHI,65,7,22.6,2.7,6.3,0.43200000000000005,1.8,4.2,0.435,0.9,2.2,0.426,0.575,0.8,1.0,0.833,0.4,2.0,2.4,1.7,0.6,0.2,0.8,1.7,8.1
268,Kosta Koufos,11-12,C,22,DEN,48,24,16.5,2.4,4.0,0.599,0.0,0.0,,2.4,4.0,0.599,0.599,0.7,1.1,0.6,2.0,3.4,5.4,0.3,0.5,0.9,0.7,2.0,5.5
269,Carl Landry,11-12,PF,28,NOH,41,8,24.4,4.4,8.8,0.503,0.0,0.1,0.0,4.4,8.8,0.507,0.503,3.6,4.5,0.799,1.9,3.3,5.2,0.9,0.3,0.3,1.6,2.2,12.5
270,Ty Lawson,11-12,PG,24,DEN,61,61,34.8,6.1,12.6,0.488,1.2,3.3,0.365,4.9,9.3,0.531,0.535,2.9,3.5,0.8240000000000001,0.9,2.8,3.7,6.6,1.3,0.1,2.4,1.5,16.4
271,Courtney Lee,11-12,SG,26,HOU,58,26,30.3,4.3,10.0,0.433,1.5,3.7,0.401,2.8,6.3,0.452,0.508,1.2,1.5,0.826,0.4,2.3,2.7,1.5,1.2,0.4,1.1,1.8,11.4
272,David Lee,11-12,PF,28,GSW,57,57,37.2,8.1,16.2,0.503,0.0,0.1,0.0,8.1,16.1,0.506,0.503,3.8,4.9,0.782,3.0,6.6,9.6,2.8,0.9,0.4,2.6,3.1,20.1
273,Malcolm Lee,11-12,SG,21,MIN,19,0,12.8,1.2,3.1,0.39,0.1,0.5,0.2,1.1,2.6,0.429,0.40700000000000003,0.7,0.9,0.8240000000000001,0.5,0.9,1.4,1.6,0.4,0.2,0.9,1.2,3.3
274,Kawhi Leonard,11-12,SF,20,SAS,64,39,24.0,3.1,6.3,0.493,0.6,1.7,0.376,2.5,4.6,0.536,0.5429999999999999,1.1,1.4,0.773,1.6,3.5,5.1,1.1,1.3,0.4,0.7,1.4,7.9
275,Travis Leslie,11-12,SG,21,LAC,10,0,4.5,0.5,1.4,0.35700000000000004,0.0,0.0,,0.5,1.4,0.35700000000000004,0.35700000000000004,0.4,0.9,0.444,0.6,0.3,0.9,0.5,0.2,0.2,0.2,0.4,1.4
276,Jon Leuer,11-12,PF,22,MIL,46,12,12.1,2.1,4.2,0.508,0.1,0.2,0.33299999999999996,2.0,4.0,0.516,0.516,0.5,0.6,0.75,1.0,1.6,2.6,0.5,0.3,0.4,0.4,1.5,4.7
277,Rashard Lewis,11-12,SF,32,WAS,28,15,26.0,3.0,7.9,0.385,0.6,2.4,0.239,2.5,5.5,0.44799999999999995,0.42100000000000004,1.1,1.3,0.838,1.2,2.7,3.9,1.0,0.8,0.4,1.1,1.8,7.8
278,DeAndre Liggins,11-12,SF,23,ORL,17,0,6.8,0.7,1.5,0.48,0.0,0.2,0.0,0.7,1.2,0.5710000000000001,0.48,0.5,1.1,0.474,0.4,0.5,0.9,0.3,0.4,0.0,0.6,0.4,1.9
279,Jeremy Lin,11-12,PG,23,NYK,35,25,26.9,4.9,10.9,0.446,0.7,2.1,0.32,4.2,8.8,0.47700000000000004,0.478,4.2,5.2,0.7979999999999999,0.5,2.5,3.1,6.2,1.6,0.3,3.6,2.2,14.6
280,Shaun Livingston,11-12,SG,26,MIL,58,27,18.8,2.2,4.7,0.469,0.0,0.1,0.667,2.2,4.6,0.466,0.47200000000000003,1.1,1.4,0.785,0.7,1.4,2.1,2.1,0.5,0.3,1.1,1.4,5.5
281,Brook Lopez,11-12,C,23,NJN,5,5,27.2,7.6,15.4,0.494,0.0,0.0,,7.6,15.4,0.494,0.494,4.0,6.4,0.625,1.6,2.0,3.6,1.2,0.2,0.8,1.2,1.6,19.2
282,Robin Lopez,11-12,C,23,PHO,64,0,14.0,1.9,4.2,0.461,0.0,0.0,,1.9,4.2,0.461,0.461,1.6,2.2,0.7140000000000001,1.4,1.9,3.3,0.3,0.3,0.9,0.7,2.0,5.4
283,Kevin Love,11-12,PF,23,MIN,55,55,39.0,8.6,19.3,0.44799999999999995,1.9,5.1,0.37200000000000005,6.7,14.1,0.475,0.49700000000000005,6.9,8.4,0.8240000000000001,4.1,9.2,13.3,2.0,0.9,0.5,2.3,2.8,26.0
284,Kyle Lowry,11-12,PG,25,HOU,47,38,32.1,4.5,10.9,0.409,1.7,4.5,0.374,2.8,6.4,0.434,0.486,3.6,4.2,0.8640000000000001,0.8,3.7,4.5,6.6,1.6,0.3,2.8,2.8,14.3
285,John Lucas III,11-12,PG,29,CHI,49,2,14.8,2.9,7.3,0.39899999999999997,1.1,2.9,0.39299999999999996,1.8,4.4,0.40399999999999997,0.47600000000000003,0.6,0.7,0.875,0.4,1.1,1.6,2.2,0.4,0.0,0.9,0.9,7.5
286,Shelvin Mack,11-12,PG,21,WAS,64,0,12.2,1.4,3.4,0.4,0.2,0.7,0.28600000000000003,1.2,2.8,0.42700000000000005,0.42700000000000005,0.7,0.9,0.7120000000000001,0.2,1.3,1.4,2.0,0.4,0.0,0.8,0.8,3.6
287,Vernon Macklin,11-12,C,25,DET,23,0,5.9,0.8,1.5,0.5429999999999999,0.0,0.0,,0.8,1.5,0.5429999999999999,0.5429999999999999,0.3,0.6,0.5710000000000001,0.6,0.9,1.5,0.2,0.2,0.2,0.1,0.4,2.0
288,Corey Maggette,11-12,SF,32,CHA,32,28,27.5,4.3,11.7,0.373,0.8,2.1,0.364,3.6,9.6,0.375,0.405,5.6,6.5,0.856,0.7,3.3,3.9,1.2,0.7,0.0,1.8,2.6,15.0
289,Jamaal Magloire,11-12,C,33,TOR,34,1,11.0,0.5,1.3,0.37799999999999995,0.0,0.0,,0.5,1.3,0.37799999999999995,0.37799999999999995,0.2,0.8,0.259,0.7,2.6,3.3,0.2,0.1,0.3,0.6,1.9,1.2
290,Ian Mahinmi,11-12,C,25,DAL,61,12,18.7,2.1,3.9,0.546,0.0,0.0,0.0,2.1,3.9,0.5489999999999999,0.546,1.5,2.4,0.639,1.8,3.0,4.7,0.2,0.6,0.5,0.8,2.9,5.8
291,Shawn Marion,11-12,SF,33,DAL,63,63,30.5,4.6,10.3,0.446,0.3,1.1,0.294,4.3,9.2,0.46399999999999997,0.461,1.2,1.5,0.7959999999999999,2.3,5.1,7.4,2.1,1.1,0.6,1.6,1.4,10.6
292,Cartier Martin,11-12,SF,27,WAS,17,2,23.0,3.5,7.9,0.44,1.7,4.4,0.387,1.8,3.5,0.508,0.5489999999999999,0.6,1.1,0.579,0.7,2.7,3.4,0.6,0.6,0.1,0.8,2.1,9.3
293,Kenyon Martin,11-12,PF,34,LAC,42,0,22.4,2.3,5.2,0.441,0.1,0.3,0.231,2.2,4.9,0.45399999999999996,0.44799999999999995,0.5,1.3,0.37,1.2,3.1,4.3,0.4,1.0,1.0,0.8,2.5,5.2
294,Kevin Martin,11-12,SG,28,HOU,40,40,31.6,5.6,13.4,0.413,2.0,5.6,0.34700000000000003,3.6,7.8,0.462,0.486,4.0,4.5,0.894,0.3,2.3,2.7,2.8,0.7,0.1,1.8,1.8,17.1
295,Roger Mason,11-12,SG,31,WAS,52,0,13.4,2.0,5.0,0.39899999999999997,1.1,3.0,0.38299999999999995,0.8,2.0,0.423,0.514,0.4,0.5,0.778,0.1,1.2,1.3,0.9,0.3,0.1,0.6,0.6,5.5
296,Wesley Matthews,11-12,SG,25,POR,66,53,33.8,4.8,11.6,0.41200000000000003,2.0,5.1,0.38299999999999995,2.8,6.5,0.434,0.496,2.2,2.6,0.86,0.8,2.5,3.4,1.7,1.5,0.2,1.1,2.2,13.7
297,Jason Maxiell,11-12,PF,28,DET,65,42,22.6,2.8,5.9,0.478,0.0,0.0,0.0,2.8,5.9,0.48,0.478,0.9,1.6,0.547,1.9,3.2,5.1,0.6,0.5,0.8,1.1,2.3,6.5
298,Eric Maynor,11-12,PG,24,OKC,9,0,15.2,1.6,4.3,0.359,0.7,1.9,0.353,0.9,2.4,0.364,0.436,0.4,0.4,1.0,0.3,1.1,1.4,2.4,0.6,0.0,1.2,1.4,4.2
299,O.J. Mayo,11-12,SG,24,MEM,66,0,26.8,4.5,11.2,0.408,1.5,4.2,0.364,3.0,7.0,0.434,0.47600000000000003,2.0,2.6,0.773,0.5,2.7,3.2,2.6,1.1,0.3,1.9,2.1,12.6
300,Luc Mbah a Moute,11-12,PF,25,MIL,43,22,23.5,3.1,6.1,0.51,0.0,0.1,0.25,3.1,6.0,0.514,0.511,1.5,2.4,0.6409999999999999,1.8,3.5,5.3,0.7,0.9,0.5,0.9,2.2,7.7
301,JaVale McGee,11-12,C,24,TOT,61,45,25.2,5.0,9.0,0.556,0.0,0.0,,5.0,9.0,0.556,0.556,1.3,2.7,0.461,2.7,5.1,7.8,0.5,0.6,2.2,1.4,2.7,11.3
302,Tracy McGrady*,11-12,SF,32,ATL,52,0,16.1,1.9,4.4,0.43700000000000006,0.3,0.6,0.455,1.7,3.8,0.434,0.47,1.1,1.6,0.675,0.4,2.5,3.0,2.1,0.3,0.3,1.0,0.7,5.3
303,Dominic McGuire,11-12,PF,26,GSW,64,6,17.6,1.5,3.3,0.44799999999999995,0.0,0.1,0.0,1.5,3.2,0.456,0.44799999999999995,0.6,0.8,0.736,1.1,2.7,3.8,1.7,0.7,0.6,0.9,1.6,3.5
304,Josh McRoberts,11-12,PF,24,LAL,50,6,14.4,1.1,2.4,0.475,0.1,0.1,0.429,1.1,2.2,0.47700000000000004,0.48700000000000004,0.5,0.7,0.639,1.2,2.2,3.4,1.0,0.3,0.4,0.6,1.5,2.8
305,Jodie Meeks,11-12,SG,24,PHI,66,50,24.9,2.9,7.1,0.409,1.5,4.0,0.365,1.4,3.0,0.46799999999999997,0.513,1.2,1.3,0.9059999999999999,0.3,2.2,2.4,0.8,0.6,0.0,0.4,1.2,8.4
306,C.J. Miles,11-12,SG,24,UTA,56,14,20.4,3.2,8.3,0.381,0.8,2.7,0.307,2.3,5.6,0.41600000000000004,0.43,1.9,2.4,0.794,0.5,1.6,2.1,1.2,0.8,0.3,0.9,2.2,9.1
307,Darko Miličić,11-12,C,26,MIN,29,23,16.3,2.0,4.5,0.45399999999999996,0.0,0.0,,2.0,4.5,0.45399999999999996,0.45399999999999996,0.6,1.3,0.43200000000000005,1.2,2.1,3.3,0.6,0.3,0.9,1.1,2.0,4.6
308,Andre Miller,11-12,SG,35,DEN,66,7,27.4,3.7,8.4,0.43799999999999994,0.3,1.3,0.217,3.4,7.1,0.478,0.455,2.1,2.6,0.8109999999999999,0.8,2.5,3.3,6.7,1.0,0.1,2.7,2.0,9.7
309,Brad Miller,11-12,C,35,MIN,15,1,9.7,0.6,1.8,0.33299999999999996,0.5,1.0,0.467,0.1,0.8,0.16699999999999998,0.46299999999999997,0.7,0.8,0.833,0.3,1.0,1.3,1.6,0.3,0.1,0.8,0.7,2.3
310,Mike Miller,11-12,SG,31,MIA,39,2,19.3,2.3,5.4,0.435,1.4,3.0,0.45299999999999996,1.0,2.4,0.413,0.562,0.1,0.1,0.4,0.6,2.7,3.3,1.1,0.4,0.2,0.8,1.5,6.1
311,Patty Mills,11-12,PG,23,SAS,16,3,16.3,3.9,8.1,0.485,1.5,3.5,0.429,2.4,4.6,0.527,0.5770000000000001,0.9,0.9,1.0,0.3,1.5,1.8,2.4,0.6,0.1,1.6,0.9,10.3
312,Paul Millsap,11-12,PF,26,UTA,64,62,32.8,6.7,13.5,0.495,0.1,0.5,0.226,6.5,13.0,0.505,0.499,3.2,4.0,0.792,2.8,6.0,8.8,2.3,1.8,0.8,1.8,3.5,16.6
313,Nazr Mohammed,11-12,C,34,OKC,63,1,11.0,1.3,2.7,0.467,0.0,0.0,0.0,1.3,2.7,0.47,0.467,0.2,0.4,0.565,0.9,1.8,2.7,0.2,0.3,0.6,0.4,1.6,2.7
314,Greg Monroe,11-12,C,21,DET,66,66,31.5,6.2,11.8,0.521,0.0,0.0,0.0,6.2,11.8,0.522,0.521,3.0,4.1,0.7390000000000001,3.6,6.0,9.7,2.3,1.3,0.7,2.4,2.7,15.4
315,Jamario Moon,11-12,SF,31,CHA,8,0,15.4,0.9,3.0,0.292,0.3,1.3,0.2,0.6,1.8,0.35700000000000004,0.33299999999999996,0.3,0.3,1.0,0.3,2.5,2.8,0.6,0.1,0.6,1.0,0.6,2.3
316,E'Twaun Moore,11-12,PG,22,BOS,38,0,8.7,1.1,3.0,0.381,0.4,1.2,0.37799999999999995,0.7,1.8,0.382,0.456,0.2,0.2,1.0,0.1,0.8,0.9,0.9,0.3,0.1,0.6,0.9,2.9
317,Mikki Moore,11-12,C,36,GSW,7,0,16.9,1.3,2.9,0.45,0.0,0.0,,1.3,2.9,0.45,0.45,0.9,1.0,0.857,1.0,2.1,3.1,0.7,0.4,0.4,1.0,3.4,3.4
318,Darius Morris,11-12,PG,21,LAL,19,0,8.9,0.9,2.2,0.429,0.2,0.5,0.444,0.7,1.7,0.424,0.47600000000000003,0.3,0.5,0.667,0.1,0.7,0.8,1.1,0.1,0.0,1.0,0.8,2.4
319,Marcus Morris,11-12,PF,22,HOU,17,0,7.4,0.9,3.2,0.29600000000000004,0.1,1.0,0.11800000000000001,0.8,2.2,0.37799999999999995,0.315,0.4,0.5,0.75,0.3,0.6,0.9,0.2,0.1,0.1,0.2,0.7,2.4
320,Markieff Morris,11-12,PF,22,PHO,63,7,19.5,2.8,6.9,0.39899999999999997,0.7,2.0,0.34700000000000003,2.1,5.0,0.42,0.44799999999999995,1.2,1.7,0.7170000000000001,1.1,3.3,4.4,1.0,0.7,0.7,1.1,2.8,7.4
321,Anthony Morrow,11-12,SG,26,NJN,62,18,26.4,4.4,10.6,0.413,1.7,4.6,0.371,2.7,6.0,0.446,0.494,1.6,1.7,0.9329999999999999,0.5,1.5,2.0,1.0,0.7,0.1,1.1,1.4,12.0
322,Timofey Mozgov,11-12,C,25,DEN,44,35,15.6,2.3,4.3,0.526,0.0,0.0,,2.3,4.3,0.526,0.526,0.9,1.3,0.684,1.2,2.9,4.1,0.5,0.3,1.0,1.2,2.0,5.4
323,Byron Mullens,11-12,C,22,CHA,65,25,22.5,3.9,9.1,0.425,0.2,0.8,0.235,3.7,8.3,0.44299999999999995,0.435,1.4,1.7,0.821,1.5,3.6,5.0,0.9,0.3,0.8,1.1,2.1,9.3
324,Troy Murphy,11-12,PF,31,LAL,59,0,16.2,1.3,2.9,0.45,0.5,1.1,0.418,0.8,1.8,0.47100000000000003,0.532,0.1,0.2,0.667,0.7,2.6,3.2,0.9,0.3,0.3,0.4,1.7,3.2
325,Hamady N'Diaye,11-12,C,25,WAS,3,0,1.0,0.0,0.3,0.0,0.0,0.0,,0.0,0.3,0.0,0.0,0.0,0.0,,0.0,0.0,0.0,0.0,0.0,0.0,0.0,0.0,0.0
326,Eduardo Nájera,11-12,PF,35,CHA,22,0,12.3,1.1,2.9,0.375,0.4,1.3,0.276,0.7,1.6,0.457,0.43799999999999994,0.1,0.2,0.5,0.5,1.8,2.3,0.5,0.9,0.2,0.3,1.8,2.6
327,Steve Nash*,11-12,PG,37,PHO,62,62,31.6,4.8,9.0,0.532,0.9,2.3,0.39,3.9,6.7,0.58,0.581,2.0,2.3,0.894,0.4,2.6,3.0,10.7,0.6,0.1,3.7,0.9,12.5
328,Gary Neal,11-12,SG,27,SAS,56,7,21.5,3.8,8.7,0.436,1.5,3.5,0.419,2.3,5.1,0.44799999999999995,0.522,0.9,1.1,0.7809999999999999,0.2,1.9,2.1,2.1,0.5,0.0,1.1,1.3,9.9
329,Jameer Nelson,11-12,PG,29,ORL,57,57,29.9,4.5,10.6,0.42700000000000005,1.5,4.1,0.377,3.0,6.6,0.45899999999999996,0.499,1.2,1.5,0.807,0.5,2.7,3.2,5.7,0.7,0.1,2.4,2.3,11.9
330,Joakim Noah,11-12,C,26,CHI,64,64,30.4,3.9,7.7,0.508,0.0,0.0,0.0,3.9,7.6,0.509,0.508,2.4,3.2,0.748,3.8,6.0,9.8,2.5,0.6,1.4,1.4,2.5,10.2
331,Andrés Nocioni,11-12,SF,32,PHI,11,1,5.1,0.5,1.8,0.25,0.1,0.5,0.16699999999999998,0.4,1.3,0.28600000000000003,0.275,0.5,1.0,0.545,0.1,1.2,1.3,0.1,0.1,0.1,0.5,0.4,1.5
332,Steve Novak,11-12,PF,28,NYK,54,0,18.9,3.0,6.2,0.478,2.5,5.2,0.47200000000000003,0.5,1.0,0.509,0.675,0.4,0.5,0.846,0.2,1.8,1.9,0.2,0.3,0.2,0.4,1.1,8.8
333,Dirk Nowitzki,11-12,PF,33,DAL,62,62,33.5,7.6,16.7,0.457,1.3,3.4,0.368,6.4,13.3,0.48100000000000004,0.495,5.1,5.7,0.8959999999999999,0.7,6.0,6.7,2.2,0.7,0.5,1.9,2.1,21.6
334,Jermaine O'Neal,11-12,C,33,BOS,25,24,22.8,2.1,4.8,0.433,0.0,0.0,,2.1,4.8,0.433,0.433,0.8,1.2,0.677,1.5,3.9,5.4,0.4,0.3,1.7,0.8,3.2,5.0
335,Lamar Odom,11-12,SF,32,DAL,50,4,20.5,2.5,7.0,0.35200000000000004,0.6,2.2,0.252,1.9,4.8,0.39899999999999997,0.39299999999999996,1.2,2.0,0.5920000000000001,0.7,3.4,4.2,1.7,0.4,0.4,1.0,1.9,6.6
336,Emeka Okafor,11-12,C,29,NOH,27,27,28.9,4.2,7.9,0.5329999999999999,0.0,0.0,,4.2,7.9,0.5329999999999999,0.5329999999999999,1.4,2.7,0.514,2.6,5.3,7.9,0.9,0.6,1.0,1.4,2.7,9.9
337,Mehmet Okur,11-12,C,32,NJN,17,14,26.7,3.1,8.2,0.374,1.4,4.2,0.319,1.7,3.9,0.433,0.457,0.2,0.3,0.6,1.3,3.5,4.8,1.8,0.5,0.3,1.5,2.6,7.6
338,Daniel Orton,11-12,PF,21,ORL,16,2,11.7,1.1,1.9,0.5670000000000001,0.0,0.1,0.0,1.1,1.8,0.586,0.5670000000000001,0.7,1.6,0.44,1.2,1.3,2.4,0.3,0.5,0.6,0.4,1.9,2.8
339,Travis Outlaw,11-12,SF,27,SAC,39,5,12.8,1.5,4.5,0.34299999999999997,0.4,1.5,0.267,1.1,2.9,0.38299999999999995,0.389,0.8,1.2,0.674,0.5,1.1,1.6,0.4,0.5,0.5,0.5,0.9,4.3
340,Larry Owens,11-12,SF,29,NJN,7,0,10.7,0.6,1.6,0.364,0.3,0.7,0.4,0.3,0.9,0.33299999999999996,0.455,0.4,0.6,0.75,0.3,1.6,1.9,0.6,0.0,0.1,0.3,1.4,1.9
341,Zaza Pachulia,11-12,C,27,ATL,58,44,28.3,2.9,5.8,0.499,0.0,0.0,,2.9,5.8,0.499,0.499,2.0,2.7,0.741,2.7,5.2,7.9,1.4,0.9,0.5,1.4,3.0,7.8
342,Jannero Pargo,11-12,PG,32,ATL,50,0,13.4,2.1,5.1,0.415,1.1,2.8,0.384,1.0,2.3,0.452,0.52,0.4,0.4,0.95,0.2,1.3,1.5,1.9,0.4,0.0,1.0,1.3,5.6
343,Jeremy Pargo,11-12,PG,25,MEM,44,5,9.6,1.1,3.4,0.33299999999999996,0.2,0.9,0.263,0.9,2.5,0.35700000000000004,0.36700000000000005,0.4,0.6,0.593,0.3,0.6,0.8,1.3,0.3,0.0,1.0,1.0,2.9
344,Anthony Parker,11-12,SF,36,CLE,51,51,25.1,2.8,6.4,0.433,1.0,2.7,0.36200000000000004,1.8,3.7,0.484,0.509,0.7,1.1,0.625,0.2,2.5,2.7,2.4,0.7,0.1,1.0,1.3,7.2
345,Tony Parker,11-12,PG,29,SAS,60,60,32.1,7.1,14.8,0.48,0.2,1.0,0.23,6.9,13.8,0.498,0.488,3.8,4.7,0.799,0.4,2.5,2.9,7.7,1.0,0.1,2.6,1.3,18.3
346,Chandler Parsons,11-12,SF,23,HOU,63,57,28.6,3.9,8.7,0.452,1.0,2.8,0.337,3.0,5.9,0.507,0.506,0.7,1.2,0.551,1.4,3.3,4.8,2.1,1.2,0.5,1.3,2.3,9.5
347,Patrick Patterson,11-12,PF,22,HOU,64,1,23.2,3.5,8.0,0.44,0.0,0.0,0.0,3.5,7.9,0.44299999999999995,0.44,0.6,0.9,0.7020000000000001,1.8,2.7,4.5,0.8,0.4,0.6,0.8,1.8,7.7
348,Chris Paul,11-12,PG,26,LAC,60,60,36.4,7.1,14.8,0.478,1.3,3.6,0.371,5.8,11.3,0.511,0.522,4.3,5.0,0.861,0.7,2.9,3.6,9.1,2.5,0.1,2.1,2.3,19.8
349,Sasha Pavlović,11-12,SF,28,BOS,45,7,11.7,1.1,2.8,0.391,0.4,1.3,0.293,0.7,1.6,0.47100000000000003,0.457,0.1,0.2,0.375,0.1,1.5,1.6,0.4,0.4,0.3,0.4,1.2,2.7
350,Nikola Peković,11-12,C,26,MIN,47,35,26.9,5.4,9.7,0.564,0.0,0.0,,5.4,9.7,0.564,0.564,3.0,4.0,0.743,3.9,3.5,7.4,0.7,0.6,0.7,1.9,2.1,13.9
351,Kendrick Perkins,11-12,C,27,OKC,65,65,26.8,2.0,4.0,0.489,0.0,0.0,,2.0,4.0,0.489,0.489,1.1,1.7,0.652,1.8,4.7,6.6,1.2,0.4,1.1,1.8,2.9,5.1
352,Johan Petro,11-12,C,26,NJN,59,10,15.6,1.8,4.4,0.419,0.0,0.0,1.0,1.8,4.4,0.41700000000000004,0.42100000000000004,0.5,0.6,0.838,1.2,2.6,3.8,0.8,0.4,0.4,0.6,2.1,4.2
353,Paul Pierce,11-12,SF,34,BOS,61,61,34.0,6.5,14.6,0.44299999999999995,1.6,4.5,0.366,4.8,10.1,0.47600000000000003,0.499,4.8,5.6,0.852,0.6,4.6,5.2,4.5,1.1,0.4,2.8,2.4,19.4
354,Mickaël Piétrus,11-12,SG,29,BOS,42,6,21.9,2.5,6.4,0.385,1.5,4.3,0.335,1.0,2.1,0.489,0.498,0.5,0.7,0.645,0.4,2.7,3.1,0.6,0.5,0.2,0.8,1.9,6.9
355,Dexter Pittman,11-12,C,23,MIA,35,6,8.6,1.3,2.7,0.46799999999999997,0.0,0.0,,1.3,2.7,0.46799999999999997,0.46799999999999997,0.5,0.8,0.643,0.8,1.3,2.0,0.3,0.2,0.2,0.5,2.1,3.0
356,Quincy Pondexter,11-12,SF,23,MEM,64,8,15.7,1.7,3.7,0.452,0.3,1.1,0.301,1.3,2.6,0.518,0.498,0.5,0.8,0.623,0.9,1.1,2.0,0.4,0.4,0.1,0.5,1.4,4.2
357,A.J. Price,11-12,PG,25,IND,44,1,12.9,1.3,4.0,0.33899999999999997,0.6,2.0,0.295,0.8,2.0,0.384,0.414,0.6,0.8,0.8,0.3,1.1,1.4,2.0,0.5,0.0,0.7,0.7,3.9
358,Ronnie Price,11-12,PG,28,PHO,36,8,14.4,1.4,3.6,0.377,0.4,1.2,0.295,1.0,2.4,0.419,0.42700000000000005,0.6,0.7,0.8,0.5,1.1,1.6,1.9,0.9,0.1,1.3,2.0,3.6
359,Tayshaun Prince,11-12,SF,31,DET,63,63,33.1,5.3,12.7,0.42100000000000004,0.6,1.7,0.35600000000000004,4.7,11.0,0.431,0.444,1.4,1.8,0.774,1.1,3.3,4.5,2.4,0.4,0.5,1.2,1.2,12.7
360,Joel Przybilla,11-12,C,32,POR,27,19,16.6,0.8,1.8,0.45799999999999996,0.0,0.0,,0.8,1.8,0.45799999999999996,0.45799999999999996,0.4,0.7,0.611,1.1,4.0,5.1,0.2,0.1,0.6,0.8,2.4,2.0
361,Vladimir Radmanović,11-12,SF,31,ATL,49,3,15.4,1.5,4.0,0.376,1.0,2.8,0.37,0.5,1.3,0.387,0.503,0.4,0.6,0.759,0.7,2.2,2.9,1.1,0.4,0.3,0.7,1.3,4.5
362,Anthony Randolph,11-12,PF,22,MIN,34,5,15.2,2.8,5.9,0.47,0.0,0.0,0.0,2.8,5.9,0.47200000000000003,0.47,1.9,2.5,0.762,1.2,2.4,3.6,0.6,0.4,1.0,1.2,1.6,7.4
363,Zach Randolph,11-12,PF,30,MEM,28,8,26.3,4.7,10.2,0.46299999999999997,0.1,0.3,0.25,4.6,9.9,0.469,0.467,2.1,3.1,0.659,2.8,5.3,8.0,1.7,0.8,0.1,1.4,2.0,11.6
364,Michael Redd,11-12,SG,32,PHO,51,2,15.1,2.8,7.1,0.4,0.8,2.6,0.318,2.0,4.5,0.447,0.45799999999999996,1.7,2.2,0.7929999999999999,0.3,1.2,1.5,0.6,0.3,0.0,0.7,0.6,8.2
365,J.J. Redick,11-12,SG,27,ORL,65,22,27.2,3.8,9.0,0.425,1.7,4.1,0.418,2.1,4.9,0.43,0.521,2.2,2.4,0.9109999999999999,0.3,2.0,2.3,2.5,0.4,0.1,1.0,1.4,11.6
366,Ryan Reid,11-12,PF,25,OKC,5,0,3.4,0.8,1.0,0.8,0.0,0.0,,0.8,1.0,0.8,0.8,0.0,0.0,,0.2,0.2,0.4,0.0,0.0,0.0,0.2,0.2,1.6
367,Jason Richardson,11-12,SG,31,ORL,54,54,29.5,4.5,11.0,0.408,1.9,5.1,0.368,2.6,5.9,0.442,0.493,0.8,1.3,0.594,0.7,2.9,3.6,2.0,1.0,0.4,1.1,1.7,11.6
368,Quentin Richardson,11-12,SF,31,ORL,48,3,18.0,1.5,4.1,0.376,0.9,2.5,0.34700000000000003,0.7,1.6,0.42100000000000004,0.48200000000000004,0.5,0.6,0.833,0.3,2.3,2.6,0.8,0.6,0.1,0.6,1.5,4.5
369,Luke Ridnour,11-12,SG,30,MIN,53,53,33.0,4.6,10.4,0.44,0.9,2.9,0.322,3.6,7.5,0.485,0.485,2.0,2.2,0.8909999999999999,0.4,2.3,2.7,4.8,1.1,0.3,1.8,2.6,12.1
370,Nate Robinson,11-12,PG,27,GSW,51,9,23.4,4.0,9.5,0.424,1.3,3.5,0.365,2.7,5.9,0.45899999999999996,0.49200000000000005,1.8,2.2,0.8320000000000001,0.3,1.7,2.0,4.5,1.2,0.0,1.5,2.3,11.2
371,Rajon Rondo,11-12,PG,25,BOS,53,53,36.9,4.8,10.8,0.44799999999999995,0.2,0.8,0.23800000000000002,4.6,10.0,0.46399999999999997,0.456,2.0,3.4,0.597,1.2,3.7,4.8,11.7,1.8,0.1,3.6,1.9,11.9
372,Derrick Rose,11-12,PG,23,CHI,39,39,35.3,7.7,17.8,0.435,1.4,4.4,0.312,6.4,13.4,0.475,0.473,5.0,6.1,0.812,0.7,2.7,3.4,7.9,0.9,0.7,3.1,1.3,21.8
373,Ricky Rubio,11-12,PG,21,MIN,41,31,34.2,3.4,9.5,0.35700000000000004,0.8,2.3,0.34,2.6,7.2,0.363,0.39799999999999996,3.1,3.8,0.8029999999999999,0.5,3.7,4.2,8.2,2.2,0.2,3.2,2.4,10.6
374,Brandon Rush,11-12,SF,26,GSW,65,1,26.4,3.6,7.2,0.501,1.5,3.4,0.452,2.1,3.8,0.544,0.607,1.0,1.3,0.7929999999999999,0.5,3.4,3.9,1.4,0.5,0.9,1.0,1.0,9.8
375,Walker Russell,11-12,PG,29,DET,28,0,12.8,1.2,3.4,0.34700000000000003,0.1,0.5,0.308,1.0,2.9,0.354,0.368,0.5,0.8,0.636,0.3,0.7,0.9,2.1,0.6,0.0,1.2,1.0,3.0
376,John Salmons,11-12,SF,32,SAC,46,32,27.2,3.1,7.5,0.409,0.7,2.4,0.295,2.3,5.1,0.46399999999999997,0.457,0.6,1.0,0.644,0.4,2.5,2.9,2.0,0.8,0.2,1.0,1.7,7.5
377,Samardo Samuels,11-12,C,23,CLE,54,0,15.3,1.9,4.3,0.455,0.0,0.0,,1.9,4.3,0.455,0.455,1.5,2.2,0.701,1.2,2.2,3.3,0.4,0.4,0.4,1.0,2.1,5.4
378,Larry Sanders,11-12,PF,23,MIL,52,0,12.4,1.6,3.5,0.457,0.0,0.0,0.0,1.6,3.5,0.462,0.457,0.3,0.7,0.474,1.2,1.9,3.1,0.6,0.6,1.5,0.8,2.6,3.6
379,Brian Scalabrine,11-12,PF,33,CHI,28,0,4.4,0.5,1.1,0.467,0.0,0.3,0.14300000000000002,0.5,0.8,0.565,0.483,0.1,0.2,0.5,0.3,0.5,0.8,0.5,0.2,0.2,0.3,0.3,1.1
380,Luis Scola,11-12,PF,31,HOU,66,66,31.3,6.6,13.5,0.491,0.0,0.0,0.0,6.6,13.4,0.493,0.491,2.3,3.0,0.773,1.8,4.6,6.5,2.1,0.5,0.4,2.3,3.2,15.5
381,Thabo Sefolosha,11-12,SG,27,OKC,42,42,21.8,1.6,3.7,0.43200000000000005,0.7,1.7,0.43700000000000006,0.9,2.0,0.429,0.532,0.9,1.0,0.884,0.5,2.5,3.0,1.1,0.9,0.4,1.0,1.9,4.8
382,Josh Selby,11-12,PG,20,MEM,28,0,8.5,0.9,2.6,0.34700000000000003,0.1,0.5,0.133,0.8,2.0,0.40399999999999997,0.361,0.4,0.5,0.7859999999999999,0.1,0.5,0.5,1.1,0.3,0.0,1.0,0.6,2.3
383,Kevin Séraphin,11-12,C,22,WAS,57,21,20.6,3.6,6.7,0.531,0.0,0.0,0.0,3.6,6.7,0.5329999999999999,0.531,0.8,1.2,0.6709999999999999,1.8,3.1,4.9,0.6,0.3,1.3,1.2,2.3,7.9
384,Ramon Sessions,11-12,PG,25,TOT,64,23,26.7,3.8,8.8,0.428,0.7,1.5,0.44299999999999995,3.1,7.3,0.425,0.466,3.0,3.9,0.782,0.5,2.8,3.3,5.5,0.7,0.0,2.2,1.6,11.3
385,Iman Shumpert,11-12,PG,21,NYK,59,35,28.9,3.6,9.1,0.401,0.8,2.7,0.306,2.8,6.4,0.44,0.446,1.5,1.8,0.7979999999999999,0.7,2.4,3.2,2.8,1.7,0.1,1.9,2.9,9.5
386,Xavier Silas,11-12,SG,24,PHI,2,0,19.5,2.0,7.5,0.267,0.5,3.0,0.16699999999999998,1.5,4.5,0.33299999999999996,0.3,1.0,1.5,0.667,1.0,1.0,2.0,1.5,0.0,0.0,1.5,2.5,5.5
387,Bobby Simmons,11-12,SF,31,LAC,28,0,14.9,1.0,3.2,0.311,0.7,2.1,0.33299999999999996,0.3,1.1,0.267,0.42200000000000004,0.1,0.3,0.5710000000000001,0.6,1.4,2.0,0.4,0.5,0.1,0.4,1.5,2.9
388,Chris Singleton,11-12,SF,22,WAS,66,51,21.7,1.8,4.7,0.37200000000000005,0.7,1.9,0.34600000000000003,1.1,2.8,0.389,0.442,0.5,0.7,0.682,0.7,2.9,3.5,0.7,1.1,0.5,0.6,2.7,4.6
389,James Singleton,11-12,PF,30,WAS,12,0,21.8,3.4,6.3,0.547,0.2,0.8,0.222,3.3,5.5,0.591,0.56,1.2,1.3,0.9329999999999999,2.1,4.7,6.8,1.3,0.8,0.7,0.8,2.3,8.2
390,Brian Skinner,11-12,C,35,MEM,1,0,4.0,0.0,1.0,0.0,0.0,0.0,,0.0,1.0,0.0,0.0,0.0,0.0,,0.0,0.0,0.0,0.0,0.0,0.0,0.0,1.0,0.0
391,Donald Sloan,11-12,PG,24,TOT,33,11,20.3,2.4,6.0,0.39899999999999997,0.1,0.8,0.08,2.3,5.2,0.445,0.40399999999999997,0.7,0.9,0.767,0.5,1.5,2.0,3.2,0.4,0.1,1.5,1.1,5.5
392,Craig Smith,11-12,PF,28,POR,47,0,9.9,1.3,2.5,0.504,0.0,0.0,0.0,1.3,2.5,0.509,0.504,0.8,1.1,0.7170000000000001,0.7,1.6,2.3,0.4,0.3,0.1,0.5,1.2,3.3
393,Greg Smith,11-12,C,21,HOU,8,0,8.6,0.9,1.4,0.636,0.0,0.0,,0.9,1.4,0.636,0.636,0.0,0.0,,0.6,1.9,2.5,0.1,0.3,0.6,0.1,2.1,1.8
394,Ish Smith,11-12,PG,23,TOT,26,1,9.0,1.2,3.1,0.38299999999999995,0.1,0.3,0.33299999999999996,1.1,2.8,0.389,0.401,0.3,0.4,0.7,0.3,1.1,1.3,1.6,0.6,0.1,0.5,0.6,2.8
395,J.R. Smith,11-12,SG,26,NYK,35,1,27.6,4.7,11.6,0.40700000000000003,1.9,5.5,0.34700000000000003,2.8,6.1,0.462,0.49,1.1,1.6,0.7090000000000001,0.8,3.1,3.9,2.4,1.5,0.2,1.3,2.5,12.5
396,Jason Smith,11-12,PF,25,NOH,40,29,23.7,4.5,8.7,0.52,0.0,0.2,0.111,4.5,8.5,0.531,0.522,0.8,1.2,0.7020000000000001,1.8,3.1,4.9,0.9,0.5,1.0,1.0,2.6,9.9
397,Jerry Smith,11-12,PG,24,NJN,5,0,9.2,0.6,2.8,0.214,0.2,1.2,0.16699999999999998,0.4,1.6,0.25,0.25,0.0,0.0,,0.4,1.0,1.4,0.8,1.0,0.0,0.0,1.0,1.4
398,Josh Smith,11-12,PF,26,ATL,66,66,35.3,7.6,16.7,0.45799999999999996,0.4,1.7,0.257,7.2,15.0,0.48,0.47,3.1,4.9,0.63,2.1,7.5,9.6,3.9,1.4,1.7,2.5,2.6,18.8
399,Nolan Smith,11-12,PG,23,POR,44,4,12.3,1.5,4.1,0.37200000000000005,0.3,1.0,0.289,1.2,3.1,0.4,0.408,0.5,0.6,0.7140000000000001,0.4,0.9,1.3,1.4,0.4,0.1,1.0,1.3,3.8
400,Marreese Speights,11-12,PF,24,MEM,60,54,22.4,3.7,8.1,0.45299999999999996,0.0,0.1,0.0,3.7,8.1,0.456,0.45299999999999996,1.4,1.8,0.7709999999999999,2.2,4.0,6.2,0.8,0.4,0.5,1.2,2.5,8.8
401,Tiago Splitter,11-12,C,27,SAS,59,2,19.0,3.6,5.8,0.618,0.0,0.0,,3.6,5.8,0.618,0.618,2.1,3.1,0.691,1.6,3.6,5.2,1.1,0.4,0.8,1.5,2.3,9.3
402,Jerry Stackhouse,11-12,SF,37,ATL,30,0,9.1,1.2,3.3,0.37,0.4,1.3,0.342,0.8,2.1,0.387,0.435,0.7,0.8,0.9129999999999999,0.2,0.6,0.8,0.5,0.3,0.1,0.4,0.4,3.6
403,Lance Stephenson,11-12,SG,21,IND,42,1,10.5,1.1,3.0,0.376,0.1,0.7,0.133,1.0,2.3,0.45299999999999996,0.392,0.2,0.4,0.47100000000000003,0.3,1.0,1.3,1.1,0.5,0.1,0.9,0.7,2.5
404,DeShawn Stevenson,11-12,SF,30,NJN,51,30,18.8,1.0,3.4,0.285,0.8,2.8,0.28300000000000003,0.2,0.5,0.29600000000000004,0.40399999999999997,0.2,0.3,0.563,0.1,1.8,2.0,0.8,0.4,0.1,0.4,1.2,2.9
405,Greg Stiemsma,11-12,C,26,BOS,55,3,13.9,1.2,2.2,0.545,0.0,0.0,,1.2,2.2,0.545,0.545,0.5,0.7,0.7070000000000001,0.9,2.3,3.2,0.5,0.7,1.5,0.6,2.6,2.9
406,Julyan Stone,11-12,SG,23,DEN,22,2,8.1,0.6,1.4,0.419,0.1,0.5,0.182,0.5,0.9,0.55,0.452,0.4,0.5,0.727,0.2,0.9,1.1,1.7,0.4,0.3,0.5,0.8,1.6
407,Amar'e Stoudemire,11-12,PF,29,NYK,47,47,32.8,6.7,13.9,0.483,0.1,0.4,0.23800000000000002,6.6,13.5,0.491,0.48700000000000004,4.0,5.2,0.765,2.3,5.6,7.8,1.1,0.8,1.0,2.4,2.9,17.5
408,Rodney Stuckey,11-12,SG,25,DET,55,48,29.9,4.7,10.9,0.429,0.6,1.9,0.317,4.1,9.0,0.452,0.456,4.9,5.8,0.8340000000000001,0.7,1.9,2.6,3.8,0.8,0.2,1.9,2.3,14.8
409,DaJuan Summers,11-12,SF,24,NOH,15,6,13.9,1.9,4.3,0.431,0.3,1.1,0.313,1.5,3.3,0.469,0.469,0.5,0.6,0.778,0.5,1.0,1.5,0.7,0.5,0.0,0.5,2.1,4.5
410,Jeff Teague,11-12,PG,23,ATL,66,66,33.1,4.8,10.2,0.47600000000000003,0.8,2.3,0.342,4.1,7.9,0.514,0.514,2.1,2.8,0.757,0.3,2.1,2.4,4.9,1.6,0.6,2.0,2.2,12.6
411,Sebastian Telfair,11-12,PG,26,PHO,60,1,14.9,2.4,5.7,0.41200000000000003,0.6,1.8,0.314,1.8,4.0,0.456,0.461,0.9,1.1,0.7909999999999999,0.3,1.2,1.5,2.3,0.7,0.2,1.1,2.0,6.1
412,Jason Terry,11-12,SG,34,DAL,63,1,31.7,5.7,13.2,0.43,2.2,5.8,0.37799999999999995,3.5,7.4,0.47100000000000003,0.513,1.6,1.8,0.883,0.3,2.1,2.4,3.6,1.2,0.2,2.0,1.1,15.1
413,Hasheem Thabeet,11-12,C,24,TOT,20,3,7.0,0.6,1.1,0.524,0.0,0.0,,0.6,1.1,0.524,0.524,0.7,1.0,0.65,0.8,1.3,2.1,0.0,0.1,0.5,0.4,1.0,1.8
414,Isaiah Thomas,11-12,PG,22,SAC,65,37,25.5,3.9,8.8,0.44799999999999995,1.3,3.4,0.379,2.7,5.4,0.491,0.521,2.4,2.8,0.8320000000000001,0.7,1.8,2.6,4.1,0.8,0.1,1.6,1.9,11.5
415,Kurt Thomas,11-12,C,39,POR,53,3,15.2,1.4,3.0,0.465,0.0,0.0,,1.4,3.0,0.465,0.465,0.3,0.4,0.7,0.7,2.8,3.5,0.9,0.5,0.6,0.6,2.3,3.0
416,Lance Thomas,11-12,PF,23,NOH,42,10,15.0,1.4,3.0,0.452,0.0,0.0,0.0,1.4,3.0,0.456,0.452,1.2,1.5,0.8390000000000001,1.2,1.8,3.0,0.3,0.2,0.2,0.6,1.9,4.0
417,Malcolm Thomas,11-12,PF,23,SAS,3,0,5.0,0.0,1.0,0.0,0.0,0.0,,0.0,1.0,0.0,0.0,0.3,0.7,0.5,0.3,0.7,1.0,0.3,0.3,0.3,0.0,0.0,0.3
418,Tyrus Thomas,11-12,PF,25,CHA,54,30,18.8,2.2,6.1,0.36700000000000005,0.0,0.1,0.33299999999999996,2.2,6.0,0.36700000000000005,0.369,1.2,1.5,0.759,0.9,2.8,3.7,0.6,0.7,1.1,1.0,2.7,5.6
419,Trey Thompkins,11-12,C,21,LAC,24,0,5.0,1.0,2.5,0.39299999999999996,0.2,0.5,0.308,0.8,2.0,0.41700000000000004,0.426,0.2,0.3,0.7140000000000001,0.2,0.8,1.0,0.1,0.1,0.1,0.3,0.4,2.4
420,Jason Thompson,11-12,PF,25,SAC,64,47,25.9,3.7,6.9,0.535,0.0,0.0,0.0,3.7,6.9,0.537,0.535,1.7,2.8,0.602,2.6,4.3,6.9,1.2,0.7,0.7,1.1,2.3,9.1
421,Klay Thompson,11-12,SG,21,GSW,66,29,24.4,4.8,10.9,0.44299999999999995,1.7,4.1,0.414,3.1,6.8,0.46,0.52,1.2,1.4,0.868,0.4,2.1,2.4,2.0,0.7,0.3,1.6,2.3,12.5
422,Mychel Thompson,11-12,SG,23,CLE,5,3,19.0,1.4,4.8,0.292,0.8,2.2,0.364,0.6,2.6,0.231,0.375,0.0,0.0,,0.0,1.0,1.0,1.4,0.4,0.2,1.0,1.6,3.6
423,Tristan Thompson,11-12,PF,20,CLE,60,25,23.7,3.2,7.4,0.439,0.0,0.0,0.0,3.2,7.3,0.441,0.439,1.8,3.2,0.552,3.1,3.4,6.5,0.5,0.5,1.0,1.4,2.2,8.2
424,Marcus Thornton,11-12,SG,24,SAC,51,51,34.9,6.9,15.7,0.43799999999999994,2.1,6.1,0.345,4.8,9.7,0.49700000000000005,0.505,2.8,3.2,0.865,1.6,2.0,3.7,1.9,1.4,0.2,1.6,2.2,18.7
425,Jamaal Tinsley,11-12,PG,33,UTA,37,1,13.7,1.5,3.8,0.40399999999999997,0.3,1.0,0.27,1.3,2.8,0.452,0.44,0.4,0.5,0.765,0.2,1.1,1.2,3.3,0.5,0.2,1.4,1.3,3.7
426,Anthony Tolliver,11-12,SF,26,MIN,51,0,17.3,1.4,3.6,0.39,0.5,2.0,0.248,0.9,1.6,0.568,0.45899999999999996,0.8,1.1,0.745,1.0,2.0,3.0,0.4,0.4,0.4,0.7,1.7,4.1
427,Ronny Turiaf,11-12,C,29,TOT,17,5,16.4,1.1,1.9,0.5760000000000001,0.0,0.1,0.0,1.1,1.9,0.594,0.5760000000000001,0.8,1.3,0.591,1.2,2.9,4.1,0.6,0.8,1.0,0.8,2.3,3.0
428,Hedo Türkoğlu,11-12,SF,32,ORL,53,53,31.2,3.9,9.5,0.415,1.7,4.9,0.353,2.2,4.6,0.48,0.505,1.3,1.8,0.705,0.5,3.3,3.8,4.4,0.8,0.3,2.7,2.6,10.9
429,Evan Turner,11-12,SF,23,PHI,65,20,26.4,4.0,9.1,0.446,0.2,0.8,0.22399999999999998,3.9,8.3,0.466,0.455,1.1,1.7,0.6759999999999999,0.4,5.4,5.8,2.8,0.6,0.3,1.6,1.8,9.4
430,Jeremy Tyler,11-12,C,20,GSW,42,23,13.5,2.1,5.0,0.42100000000000004,0.0,0.0,0.0,2.1,5.0,0.423,0.42100000000000004,0.7,1.2,0.5579999999999999,1.3,2.0,3.3,0.4,0.4,0.5,0.9,2.0,4.9
431,Edwin Ubiles,11-12,SF,25,WAS,4,0,13.0,1.3,4.5,0.278,0.3,1.3,0.2,1.0,3.3,0.308,0.306,0.8,0.8,1.0,0.5,2.0,2.5,0.3,0.3,0.3,0.3,0.3,3.5
432,Ekpe Udoh,11-12,C,24,TOT,61,11,21.1,2.1,4.8,0.431,0.0,0.0,0.0,2.1,4.8,0.433,0.431,1.4,1.9,0.754,1.6,2.5,4.2,0.9,0.7,1.7,0.9,2.9,5.6
433,Beno Udrih,11-12,SG,29,MIL,59,0,18.3,2.5,5.6,0.44,0.3,1.0,0.28800000000000003,2.2,4.6,0.473,0.465,0.7,0.9,0.7090000000000001,0.4,1.3,1.7,3.8,0.6,0.0,1.3,1.2,5.9
434,Ben Uzoh,11-12,PG,23,TOT,18,8,20.6,1.9,5.5,0.354,0.0,0.1,0.0,1.9,5.4,0.35700000000000004,0.354,0.6,1.1,0.579,1.1,2.7,3.7,3.4,0.9,0.2,1.1,1.7,4.5
435,Anderson Varejão,11-12,C,29,CLE,25,25,31.4,4.6,8.9,0.514,0.0,0.2,0.0,4.6,8.7,0.523,0.514,1.7,2.6,0.672,4.4,7.1,11.5,1.7,1.4,0.7,1.8,2.5,10.8
436,Greivis Vásquez,11-12,SG,25,NOH,66,26,25.8,3.4,7.9,0.43,0.7,2.0,0.319,2.8,5.9,0.469,0.47100000000000003,1.5,1.8,0.821,0.3,2.3,2.6,5.4,0.9,0.1,2.2,1.9,8.9
437,Jan Veselý,11-12,PF,21,WAS,57,20,18.9,2.1,3.8,0.537,0.0,0.0,0.0,2.1,3.8,0.539,0.537,0.6,1.1,0.532,1.8,2.6,4.4,0.8,0.7,0.6,1.1,2.7,4.7
438,Charlie Villanueva,11-12,PF,27,DET,13,0,13.8,2.7,7.0,0.385,1.2,3.5,0.33299999999999996,1.5,3.5,0.435,0.467,0.5,0.5,0.857,0.7,3.0,3.7,0.5,0.5,0.4,0.5,1.9,7.0
439,Nikola Vučević,11-12,C,21,PHI,51,15,15.9,2.6,5.7,0.45,0.1,0.2,0.375,2.5,5.5,0.452,0.455,0.4,0.7,0.529,1.7,3.1,4.8,0.6,0.4,0.7,0.6,2.2,5.5
440,Dwyane Wade,11-12,SG,30,MIA,49,49,33.2,8.5,17.1,0.49700000000000005,0.3,1.1,0.268,8.2,15.9,0.513,0.506,4.8,6.1,0.7909999999999999,1.5,3.3,4.8,4.6,1.7,1.3,2.6,2.2,22.1
441,Von Wafer,11-12,SG,26,ORL,33,1,14.2,2.2,4.8,0.452,0.4,1.2,0.359,1.7,3.6,0.483,0.49700000000000005,1.2,1.6,0.7040000000000001,0.2,1.2,1.4,0.9,0.3,0.1,1.1,0.8,5.9
442,Henry Walker,11-12,SG,24,NYK,32,8,19.4,2.1,5.3,0.39799999999999996,1.1,3.5,0.319,1.0,1.8,0.552,0.503,0.5,0.6,0.85,0.3,2.2,2.5,1.2,0.6,0.2,1.1,2.6,5.9
443,Kemba Walker,11-12,PG,21,CHA,66,25,27.2,4.3,11.6,0.366,1.0,3.4,0.305,3.2,8.2,0.392,0.41100000000000003,2.5,3.2,0.789,0.5,3.1,3.5,4.4,0.9,0.3,1.8,1.2,12.1
444,John Wall,11-12,PG,21,WAS,66,66,36.2,5.7,13.5,0.423,0.0,0.6,0.071,5.7,12.9,0.44,0.424,4.8,6.1,0.789,0.7,3.8,4.5,8.0,1.4,0.9,3.9,2.1,16.3
445,Ben Wallace,11-12,C,37,DET,62,11,15.8,0.5,1.4,0.395,0.0,0.1,0.25,0.5,1.3,0.402,0.401,0.3,0.8,0.34,1.3,3.0,4.3,0.7,0.8,0.8,0.5,1.0,1.4
446,Gerald Wallace,11-12,SF,29,TOT,58,58,35.8,4.9,10.9,0.45399999999999996,0.8,2.6,0.307,4.2,8.3,0.5,0.491,3.1,3.9,0.8,1.5,5.2,6.7,2.8,1.5,0.6,1.9,2.5,13.8
447,Luke Walton,11-12,PF-SF,31,TOT,30,0,12.1,0.8,2.2,0.369,0.2,0.7,0.35,0.6,1.5,0.37799999999999995,0.423,0.0,0.0,,0.4,1.2,1.6,1.2,0.2,0.0,0.9,1.4,1.8
448,Hakim Warrick,11-12,PF,29,PHO,35,0,14.4,2.1,5.1,0.41100000000000003,0.0,0.3,0.1,2.1,4.9,0.429,0.414,2.2,2.8,0.768,0.9,1.7,2.6,0.9,0.2,0.1,1.0,1.0,6.4
449,Darryl Watkins,11-12,C,27,NOH,5,0,19.6,1.4,2.8,0.5,0.0,0.0,,1.4,2.8,0.5,0.5,1.8,3.6,0.5,1.6,3.8,5.4,0.6,1.0,0.8,1.6,2.8,4.6
450,C.J. Watson,11-12,PG,27,CHI,49,25,23.7,3.3,8.9,0.368,1.4,3.5,0.39299999999999996,1.9,5.4,0.35200000000000004,0.446,1.7,2.1,0.8079999999999999,0.4,1.7,2.1,4.1,0.9,0.2,2.0,2.1,9.7
451,Earl Watson,11-12,PG,32,UTA,50,2,20.7,1.1,3.2,0.33799999999999997,0.2,1.0,0.192,0.9,2.2,0.40700000000000003,0.369,0.6,0.9,0.674,0.6,1.8,2.4,4.3,1.1,0.4,1.7,2.1,3.0
452,Martell Webster,11-12,SF,25,MIN,47,26,24.3,2.4,5.8,0.423,0.8,2.3,0.33899999999999997,1.7,3.5,0.479,0.491,1.2,1.5,0.792,0.9,2.7,3.6,0.9,0.7,0.4,1.0,1.8,6.9
453,David West,11-12,PF,31,IND,66,66,29.2,5.3,10.8,0.48700000000000004,0.0,0.1,0.222,5.3,10.7,0.491,0.489,2.2,2.7,0.807,1.8,4.8,6.6,2.1,0.8,0.7,1.4,2.4,12.8
454,Delonte West,11-12,PG,28,DAL,44,33,24.1,3.8,8.2,0.461,0.6,1.7,0.355,3.2,6.5,0.489,0.499,1.4,1.6,0.8859999999999999,0.3,2.0,2.3,3.2,1.3,0.3,1.7,1.5,9.6
455,Russell Westbrook,11-12,PG,23,OKC,66,66,35.3,8.8,19.2,0.457,0.9,3.0,0.316,7.8,16.2,0.48200000000000004,0.48100000000000004,5.2,6.3,0.823,1.5,3.1,4.6,5.5,1.7,0.3,3.6,2.2,23.6
456,D.J. White,11-12,PF,25,CHA,58,11,18.9,3.0,6.1,0.493,0.0,0.0,1.0,3.0,6.1,0.491,0.494,0.7,1.1,0.705,0.9,2.7,3.6,0.8,0.3,0.4,0.7,1.6,6.8
457,Hassan Whiteside,11-12,C,22,SAC,18,0,6.1,0.7,1.5,0.444,0.0,0.0,,0.7,1.5,0.444,0.444,0.3,0.7,0.41700000000000004,0.9,1.3,2.2,0.0,0.2,0.8,0.3,0.7,1.6
458,Chris Wilcox,11-12,C,29,BOS,28,4,17.2,2.3,3.8,0.598,0.0,0.0,,2.3,3.8,0.598,0.598,0.9,1.4,0.615,1.4,3.0,4.4,0.4,0.4,0.3,1.1,2.3,5.4
459,Damien Wilkins,11-12,SF,32,DET,60,2,15.4,1.3,3.2,0.39399999999999996,0.1,0.4,0.304,1.2,2.8,0.406,0.41200000000000003,0.6,0.9,0.63,0.4,1.3,1.7,0.7,0.5,0.2,0.5,1.4,3.2
460,Deron Williams,11-12,PG,27,NJN,55,55,36.3,7.1,17.5,0.40700000000000003,2.1,6.2,0.336,5.0,11.3,0.446,0.467,4.7,5.5,0.843,0.4,2.9,3.3,8.7,1.2,0.4,4.0,2.2,21.0
461,Derrick Williams,11-12,PF,20,MIN,66,15,21.5,3.1,7.5,0.41200000000000003,0.6,2.1,0.268,2.5,5.5,0.467,0.449,2.1,3.0,0.6970000000000001,1.2,3.5,4.7,0.6,0.5,0.5,1.2,1.4,8.8
462,Elliot Williams,11-12,SG,22,POR,24,0,6.2,1.5,3.1,0.5,0.3,1.1,0.29600000000000004,1.2,2.0,0.617,0.5539999999999999,0.3,0.8,0.33299999999999996,0.3,0.5,0.8,0.3,0.3,0.1,0.2,0.8,3.7
463,Jordan Williams,11-12,C,21,NJN,43,5,14.8,1.8,3.5,0.507,0.0,0.0,,1.8,3.5,0.507,0.507,1.0,1.5,0.652,1.5,2.1,3.6,0.3,0.5,0.3,0.5,1.4,4.6
464,Lou Williams,11-12,PG,25,PHI,64,0,26.3,5.0,12.2,0.40700000000000003,1.3,3.6,0.36200000000000004,3.7,8.6,0.425,0.46,3.7,4.6,0.812,0.5,2.0,2.4,3.5,0.8,0.3,1.1,1.4,14.9
465,Marvin Williams,11-12,SF,25,ATL,57,37,26.3,3.6,8.2,0.43200000000000005,1.0,2.6,0.389,2.5,5.6,0.452,0.494,2.0,2.6,0.7879999999999999,1.3,3.8,5.2,1.2,0.8,0.3,0.7,1.5,10.2
466,Mo Williams,11-12,SG,29,LAC,52,1,28.3,5.0,11.8,0.426,1.8,4.6,0.389,3.2,7.2,0.449,0.502,1.4,1.5,0.9,0.4,1.5,1.9,3.1,1.0,0.1,1.7,2.0,13.2
467,Reggie Williams,11-12,SF,25,CHA,33,13,22.6,3.2,7.7,0.41600000000000004,1.0,3.2,0.308,2.2,4.5,0.493,0.48,0.9,1.2,0.725,0.8,2.0,2.8,1.8,0.6,0.1,1.0,1.0,8.3
468,Sean Williams,11-12,C,25,TOT,11,0,9.7,1.3,2.0,0.636,0.0,0.0,,1.3,2.0,0.636,0.636,1.1,1.2,0.9229999999999999,1.2,1.1,2.3,0.5,0.4,0.7,0.9,1.6,3.6
469,Shawne Williams,11-12,SF,25,NJN,25,6,20.6,1.7,5.9,0.28600000000000003,0.8,3.5,0.24100000000000002,0.8,2.4,0.35,0.35700000000000004,0.3,0.4,0.727,0.8,1.9,2.7,0.6,0.4,0.4,0.5,1.8,4.5
470,Shelden Williams,11-12,C,28,NJN,58,35,22.0,1.7,3.5,0.478,0.0,0.0,,1.7,3.5,0.478,0.478,1.3,1.8,0.731,2.4,3.6,6.0,0.6,0.8,0.7,1.1,2.6,4.6
471,Terrence Williams,11-12,SG,24,TOT,30,0,18.3,2.8,6.6,0.429,0.5,1.5,0.348,2.3,5.1,0.45399999999999996,0.47,0.9,1.5,0.5870000000000001,0.4,3.0,3.4,2.2,0.7,0.2,1.4,1.2,7.1
472,Metta World Peace,11-12,SF,32,LAL,64,45,26.9,2.9,7.3,0.39399999999999996,0.9,3.0,0.29600000000000004,2.0,4.3,0.46,0.45399999999999996,1.1,1.8,0.617,1.1,2.3,3.4,2.2,1.1,0.4,1.1,2.1,7.7
473,Brandan Wright,11-12,C,24,DAL,49,0,16.1,2.9,4.8,0.618,0.0,0.0,0.0,2.9,4.7,0.621,0.618,1.1,1.7,0.634,1.3,2.3,3.6,0.3,0.4,1.3,0.4,1.2,6.9
474,Chris Wright,11-12,SF,23,GSW,24,1,7.8,1.0,1.9,0.511,0.0,0.0,,1.0,1.9,0.511,0.511,1.0,1.3,0.774,0.8,1.1,1.9,0.2,0.3,0.5,0.3,0.9,2.9
475,Dorell Wright,11-12,SF,26,GSW,61,61,27.0,3.6,8.6,0.42200000000000004,1.7,4.8,0.36,1.9,3.8,0.5,0.522,1.3,1.6,0.816,1.0,3.6,4.6,1.5,1.0,0.4,0.8,1.6,10.3
476,Nick Young,11-12,SG,26,TOT,62,35,27.9,5.1,12.6,0.40299999999999997,1.7,4.5,0.365,3.4,8.1,0.424,0.469,2.3,2.7,0.852,0.5,1.6,2.1,0.9,0.7,0.3,1.3,2.3,14.2
477,Sam Young,11-12,SF,26,TOT,35,2,10.7,1.3,3.6,0.354,0.1,0.5,0.294,1.1,3.1,0.364,0.374,0.5,0.7,0.731,0.6,1.2,1.8,0.4,0.5,0.2,0.5,0.7,3.3
478,Thaddeus Young,11-12,PF,23,PHI,63,1,27.9,5.5,10.9,0.507,0.0,0.1,0.25,5.5,10.8,0.508,0.507,1.8,2.3,0.7709999999999999,2.2,3.0,5.2,1.2,1.0,0.7,0.9,2.0,12.8
472,Jeff Withey,11-12,C,23,NOP,58,4,11.8,1.2,2.2,0.535,0.0,0.0,0.0,1.2,2.2,0.539,0.535,0.9,1.3,0.7120000000000001,0.8,1.7,2.6,0.4,0.3,0.9,0.3,1.3,3.3
473,Nate Wolters,11-12,PG,22,MIL,58,31,22.6,2.9,6.7,0.43700000000000006,0.3,1.1,0.29,2.6,5.6,0.465,0.46,1.0,1.6,0.6559999999999999,0.6,2.0,2.6,3.2,0.6,0.3,1.0,1.2,7.2
478,Tony Wroten,11-12,PG,20,PHI,72,16,24.5,4.8,11.2,0.42700000000000005,0.6,2.6,0.213,4.2,8.6,0.49200000000000005,0.452,2.9,4.5,0.6409999999999999,1.0,2.2,3.2,3.0,1.1,0.2,2.8,2.1,13.0
481,Cody Zeller,11-12,C,21,CHA,82,3,17.3,2.1,4.9,0.426,0.0,0.0,0.0,2.1,4.9,0.42700000000000005,0.426,1.8,2.4,0.73,1.4,2.9,4.3,1.1,0.5,0.5,1.1,2.1,6.0
482,Tyler Zeller,11-12,C,24,CLE,70,9,15.0,2.2,4.1,0.5379999999999999,0.0,0.0,0.0,2.2,4.1,0.54,0.5379999999999999,1.2,1.7,0.7190000000000001,1.5,2.6,4.0,0.5,0.3,0.5,0.9,2.0,5.7
488,James Young,11-12,SG,19,BOS,31,0,10.7,1.2,3.3,0.353,0.5,2.1,0.258,0.6,1.2,0.528,0.436,0.5,0.9,0.552,0.3,1.1,1.4,0.4,0.3,0.1,0.2,0.7,3.4
