Player,Season,Pos,Age,Tm,G,GS,MP,FG,FGA,FG%,3P,3PA,3P%,2P,2PA,2P%,eFG%,FT,FTA,FT%,ORB,DRB,TRB,AST,STL,BLK,TOV,PF,PTS,2019-20
Steven Adams,19-20,C,26.0,OKC,63.0,63.0,26.7,4.5,7.6,0.5920000000000001,0.0,0.0,0.33299999999999996,4.5,7.5,0.594,0.593,1.9,3.2,0.5820000000000001,3.3,6.0,9.3,2.3,0.8,1.1,1.5,1.9,10.9,25842697
Bam Adebayo,19-20,PF,22.0,MIA,72.0,72.0,33.6,6.1,11.0,0.557,0.0,0.2,0.14300000000000002,6.1,10.8,0.564,0.5579999999999999,3.7,5.3,0.691,2.4,7.8,10.2,5.1,1.1,1.3,2.8,2.5,15.9,3454080
LaMarcus Aldridge,19-20,C,34.0,SAS,53.0,53.0,33.1,7.4,15.0,0.493,1.2,3.0,0.389,6.2,12.0,0.519,0.532,3.0,3.6,0.8270000000000001,1.9,5.5,7.4,2.4,0.7,1.6,1.4,2.4,18.9,26000000
Nickeil Alexander-Walker,19-20,SG,21.0,NOP,47.0,1.0,12.6,2.1,5.7,0.368,1.0,2.8,0.34600000000000003,1.1,2.8,0.391,0.455,0.5,0.8,0.6759999999999999,0.2,1.6,1.8,1.9,0.4,0.2,1.1,1.2,5.7,2964840
Grayson Allen,19-20,SG,24.0,MEM,38.0,0.0,18.9,3.1,6.6,0.466,1.5,3.7,0.40399999999999997,1.6,2.9,0.545,0.58,1.0,1.2,0.867,0.2,2.0,2.2,1.4,0.3,0.1,0.9,1.4,8.7,2429400
Jarrett Allen,19-20,C,21.0,BRK,70.0,64.0,26.5,4.3,6.6,0.649,0.0,0.1,0.0,4.3,6.6,0.6579999999999999,0.649,2.4,3.9,0.633,3.1,6.5,9.6,1.6,0.6,1.3,1.1,2.3,11.1,2376840
Al-Farouq Aminu,19-20,PF,29.0,ORL,18.0,2.0,21.1,1.4,4.8,0.29100000000000004,0.5,2.0,0.25,0.9,2.8,0.32,0.34299999999999997,1.1,1.6,0.655,1.3,3.5,4.8,1.2,1.0,0.4,0.9,1.5,4.3,9258000
Justin Anderson,19-20,SF,26.0,BRK,10.0,1.0,10.7,1.0,3.8,0.263,0.6,2.9,0.207,0.4,0.9,0.444,0.342,0.2,0.4,0.5,0.1,2.0,2.1,0.8,0.0,0.6,0.4,1.3,2.8,196288
Kyle Anderson,19-20,PF,26.0,MEM,67.0,28.0,19.9,2.3,4.9,0.474,0.4,1.3,0.282,2.0,3.7,0.541,0.511,0.8,1.2,0.667,0.9,3.4,4.3,2.4,0.8,0.6,1.0,1.7,5.8,9073050
Ryan Anderson,19-20,C,31.0,HOU,2.0,0.0,7.0,1.0,3.5,0.28600000000000003,0.5,2.5,0.2,0.5,1.0,0.5,0.35700000000000004,0.0,0.0,,0.0,3.5,3.5,1.0,0.5,0.0,0.5,0.5,2.5,5214583
Giannis Antetokounmpo,19-20,PF,25.0,MIL,63.0,63.0,30.4,10.9,19.7,0.5529999999999999,1.4,4.7,0.304,9.5,15.0,0.631,0.589,6.3,10.0,0.633,2.2,11.4,13.6,5.6,1.0,1.0,3.7,3.1,29.5,25842697
Thanasis Antetokounmpo,19-20,SF,27.0,MIL,20.0,2.0,6.5,1.2,2.4,0.5,0.0,0.5,0.0,1.2,1.9,0.632,0.5,0.4,0.9,0.41200000000000003,0.6,0.6,1.2,0.8,0.4,0.1,0.6,0.9,2.8,1445697
Carmelo Anthony,19-20,PF,35.0,POR,58.0,58.0,32.8,5.8,13.5,0.43,1.5,3.9,0.385,4.3,9.6,0.44799999999999995,0.485,2.3,2.8,0.845,1.2,5.1,6.3,1.5,0.8,0.5,1.7,2.9,15.4,2159029
OG Anunoby,19-20,SF,22.0,TOR,69.0,68.0,29.9,4.1,8.2,0.505,1.3,3.3,0.39,2.9,4.9,0.583,0.584,1.0,1.5,0.706,1.2,4.1,5.3,1.6,1.4,0.7,1.1,2.4,10.6,2281800
Ryan Arcidiacono,19-20,PG,25.0,CHI,58.0,4.0,16.0,1.6,3.8,0.409,0.9,2.4,0.391,0.6,1.4,0.439,0.532,0.5,0.7,0.711,0.3,1.6,1.9,1.7,0.5,0.1,0.6,1.7,4.5,3000000
Trevor Ariza,19-20,SF,34.0,TOT,53.0,21.0,28.2,2.7,6.1,0.43799999999999994,1.5,3.9,0.37200000000000005,1.2,2.2,0.556,0.557,1.2,1.4,0.838,0.6,4.0,4.6,1.7,1.3,0.3,1.1,2.1,8.0,12200000
D.J. Augustin,19-20,PG,32.0,ORL,57.0,13.0,24.9,3.2,8.1,0.39899999999999997,1.2,3.5,0.348,2.0,4.6,0.43799999999999994,0.475,2.8,3.2,0.89,0.4,1.8,2.1,4.6,0.6,0.0,1.5,1.3,10.5,7250000
Deandre Ayton,19-20,C,21.0,PHO,38.0,32.0,32.5,8.2,14.9,0.546,0.1,0.3,0.231,8.1,14.6,0.5529999999999999,0.5479999999999999,1.8,2.3,0.753,3.9,7.6,11.5,1.9,0.7,1.5,2.1,3.1,18.2,9562920
Dwayne Bacon,19-20,SG,24.0,CHO,39.0,11.0,17.6,2.2,6.3,0.348,0.5,1.7,0.284,1.7,4.5,0.373,0.387,0.9,1.4,0.66,0.4,2.2,2.6,1.3,0.6,0.1,0.9,1.3,5.7,1618520
Lonzo Ball,19-20,PG,22.0,NOP,63.0,54.0,32.1,4.4,10.9,0.40299999999999997,2.3,6.3,0.375,2.0,4.6,0.442,0.511,0.7,1.2,0.5660000000000001,1.1,5.0,6.1,7.0,1.4,0.6,3.1,2.0,11.8,8719320
J.J. Barea,19-20,PG,35.0,DAL,29.0,6.0,15.5,2.9,7.1,0.41100000000000003,1.1,2.9,0.376,1.8,4.2,0.434,0.488,0.7,0.8,0.909,0.3,1.5,1.8,3.9,0.2,0.1,1.3,0.9,7.7,2564753
Harrison Barnes,19-20,PF,27.0,SAC,72.0,72.0,34.5,5.1,11.0,0.46,1.4,3.7,0.381,3.7,7.3,0.501,0.525,3.0,3.7,0.8009999999999999,1.1,3.9,4.9,2.2,0.6,0.2,1.2,1.3,14.5,24147727
RJ Barrett,19-20,SG,19.0,NYK,56.0,55.0,30.4,5.2,13.0,0.402,1.1,3.5,0.32,4.1,9.5,0.43200000000000005,0.445,2.8,4.5,0.614,0.9,4.1,5.0,2.6,1.0,0.3,2.2,2.2,14.3,7839960
Will Barton,19-20,SF,29.0,DEN,58.0,58.0,33.0,5.7,12.7,0.45,1.9,5.0,0.375,3.9,7.8,0.498,0.523,1.8,2.3,0.767,1.3,5.0,6.3,3.7,1.1,0.5,1.5,2.1,15.1,12960000
Keita Bates-Diop,19-20,SF,24.0,TOT,44.0,0.0,16.9,2.3,5.3,0.42700000000000005,0.8,2.3,0.33,1.5,3.0,0.504,0.5,1.2,1.7,0.72,0.6,2.3,2.9,0.7,0.4,0.5,0.4,1.0,6.5,1416852
Nicolas Batum,19-20,SF,31.0,CHO,22.0,3.0,23.0,1.3,3.7,0.34600000000000003,0.6,2.2,0.28600000000000003,0.6,1.5,0.43799999999999994,0.43200000000000005,0.4,0.5,0.9,1.1,3.4,4.5,3.0,0.8,0.4,1.0,1.9,3.6,25565217
Aron Baynes,19-20,C,33.0,PHO,42.0,28.0,22.2,4.4,9.1,0.48,1.4,4.0,0.35100000000000003,3.0,5.1,0.5820000000000001,0.5579999999999999,1.3,1.8,0.747,1.7,4.0,5.6,1.6,0.2,0.5,1.2,3.4,11.5,5453280
Kent Bazemore,19-20,SF-SG,30.0,TOT,68.0,21.0,24.8,2.9,7.9,0.375,1.2,3.6,0.344,1.7,4.3,0.4,0.45299999999999996,1.7,2.2,0.769,0.4,3.9,4.3,1.4,1.1,0.6,1.3,2.9,8.8,19269662
Darius Bazley,19-20,PF,19.0,OKC,61.0,9.0,18.5,2.0,5.2,0.39399999999999996,0.8,2.3,0.348,1.2,2.9,0.43200000000000005,0.47200000000000003,0.7,1.0,0.6940000000000001,0.5,3.5,4.0,0.7,0.4,0.7,0.7,0.9,5.6,2284800
Bradley Beal,19-20,SG,26.0,WAS,57.0,57.0,36.0,10.4,22.9,0.455,3.0,8.4,0.353,7.4,14.4,0.515,0.52,6.8,8.0,0.8420000000000001,0.9,3.3,4.2,6.1,1.2,0.4,3.4,2.2,30.5,27093019
Malik Beasley,19-20,SG,23.0,TOT,55.0,14.0,22.0,4.1,9.7,0.425,1.9,5.0,0.38799999999999996,2.2,4.7,0.465,0.525,1.0,1.2,0.818,0.3,2.4,2.7,1.4,0.7,0.1,1.0,1.4,11.2,2731714
Marco Belinelli,19-20,SG,33.0,SAS,57.0,0.0,15.5,2.2,5.5,0.392,1.2,3.1,0.376,1.0,2.4,0.41200000000000003,0.498,0.8,1.0,0.828,0.1,1.6,1.7,1.2,0.2,0.0,0.3,0.8,6.3,5846154
Jordan Bell,19-20,C-PF,25.0,TOT,29.0,0.0,8.8,1.2,2.3,0.522,0.1,0.4,0.33299999999999996,1.1,1.9,0.564,0.552,0.7,1.1,0.613,1.0,1.8,2.8,0.6,0.1,0.3,0.7,0.7,3.2,1620564
DeAndre' Bembry,19-20,SG,25.0,ATL,43.0,4.0,21.3,2.4,5.3,0.456,0.3,1.5,0.231,2.1,3.8,0.546,0.489,0.6,1.1,0.542,0.8,2.7,3.5,1.9,1.3,0.4,1.4,2.0,5.8,2603982
Dragan Bender,19-20,SF,22.0,TOT,16.0,3.0,17.9,2.6,5.8,0.446,0.9,2.7,0.349,1.6,3.1,0.531,0.527,0.6,0.9,0.7140000000000001,1.0,3.6,4.6,1.8,0.3,0.6,1.3,2.6,6.7,1678854
Dāvis Bertāns,19-20,PF,27.0,WAS,54.0,4.0,29.3,4.9,11.3,0.434,3.7,8.7,0.424,1.2,2.6,0.47100000000000003,0.598,1.9,2.3,0.852,0.6,3.9,4.5,1.7,0.7,0.6,1.1,2.6,15.4,7000000
Patrick Beverley,19-20,PG,31.0,LAC,51.0,50.0,26.3,2.9,6.7,0.431,1.6,4.0,0.38799999999999996,1.3,2.6,0.496,0.5479999999999999,0.6,0.9,0.66,1.1,4.1,5.2,3.6,1.1,0.5,1.3,3.1,7.9,12345679
Khem Birch,19-20,C,27.0,ORL,48.0,24.0,19.2,1.5,3.0,0.51,0.0,0.0,0.0,1.5,3.0,0.514,0.51,1.4,2.1,0.653,1.9,2.7,4.6,1.0,0.4,0.5,0.6,1.9,4.4,3000000
Goga Bitadze,19-20,C,20.0,IND,54.0,2.0,8.7,1.3,2.8,0.467,0.1,0.8,0.19,1.1,2.0,0.574,0.493,0.4,0.6,0.727,0.5,1.5,2.0,0.4,0.2,0.7,0.5,1.2,3.2,2816760
Bismack Biyombo,19-20,C,27.0,CHO,53.0,29.0,19.4,2.8,5.2,0.5429999999999999,0.0,0.0,,2.8,5.2,0.5429999999999999,0.5429999999999999,1.7,2.8,0.603,2.3,3.5,5.8,0.9,0.2,0.9,0.9,2.2,7.4,17000000
Nemanja Bjelica,19-20,PF,31.0,SAC,72.0,67.0,27.9,4.4,9.1,0.48100000000000004,1.9,4.4,0.419,2.5,4.6,0.541,0.583,1.0,1.2,0.821,1.5,4.8,6.4,2.8,0.9,0.6,1.4,3.0,11.5,6825000
Eric Bledsoe,19-20,PG,30.0,MIL,61.0,61.0,27.0,5.5,11.5,0.475,1.2,3.5,0.344,4.3,8.0,0.5329999999999999,0.528,2.8,3.5,0.79,0.7,3.9,4.6,5.4,0.9,0.4,2.4,2.1,14.9,15625000
Bogdan Bogdanović,19-20,SG,27.0,SAC,61.0,28.0,29.0,5.5,12.6,0.44,2.7,7.2,0.37200000000000005,2.8,5.3,0.532,0.547,1.4,1.9,0.741,0.4,3.0,3.4,3.4,1.0,0.2,1.7,2.2,15.1,8529386
Bojan Bogdanović,19-20,SF,30.0,UTA,63.0,63.0,33.1,6.6,14.8,0.447,3.0,7.3,0.414,3.6,7.6,0.479,0.5479999999999999,4.0,4.4,0.903,0.6,3.5,4.1,2.1,0.5,0.1,2.5,1.7,20.2,17000000
Jonah Bolden,19-20,PF,24.0,TOT,7.0,0.0,6.7,0.6,1.6,0.364,0.0,0.6,0.0,0.6,1.0,0.5710000000000001,0.364,0.3,0.6,0.5,0.4,0.9,1.3,0.0,0.4,0.3,0.3,1.4,1.4,1698450
Marques Bolden,19-20,C,21.0,CLE,1.0,0.0,3.0,0.0,0.0,,0.0,0.0,,0.0,0.0,,,0.0,0.0,,0.0,2.0,2.0,0.0,1.0,0.0,0.0,1.0,0.0,50752
Isaac Bonga,19-20,SF,20.0,WAS,66.0,49.0,18.9,1.8,3.5,0.504,0.4,1.1,0.35200000000000004,1.4,2.5,0.5710000000000001,0.5579999999999999,1.0,1.3,0.812,1.1,2.3,3.4,1.2,0.7,0.3,0.9,2.4,5.0,1416852
Devin Booker,19-20,SG,23.0,PHO,70.0,70.0,35.9,9.0,18.3,0.489,2.0,5.7,0.354,6.9,12.6,0.5489999999999999,0.544,6.7,7.3,0.919,0.4,3.8,4.2,6.5,0.7,0.3,3.8,3.0,26.6,27250000
Chris Boucher,19-20,PF,27.0,TOR,62.0,0.0,13.2,2.3,4.8,0.47200000000000003,0.6,1.9,0.322,1.7,2.9,0.569,0.535,1.5,1.9,0.784,1.7,2.7,4.5,0.4,0.4,1.0,0.5,1.8,6.6,1588231
Ky Bowman,19-20,PG,22.0,GSW,45.0,12.0,22.6,3.0,7.1,0.41700000000000004,0.7,2.4,0.308,2.2,4.8,0.47200000000000003,0.469,0.8,0.9,0.8290000000000001,0.5,2.2,2.7,2.9,1.0,0.2,1.6,2.3,7.4,350189
Avery Bradley,19-20,SG,29.0,LAL,49.0,44.0,24.2,3.5,7.8,0.444,1.3,3.5,0.364,2.2,4.3,0.51,0.526,0.4,0.5,0.833,0.4,2.0,2.3,1.3,0.9,0.1,1.0,2.2,8.6,4767000
Tony Bradley,19-20,C,22.0,UTA,58.0,3.0,11.4,2.2,3.3,0.667,0.1,0.1,1.0,2.1,3.2,0.6609999999999999,0.675,0.5,0.8,0.652,1.9,2.7,4.6,0.4,0.2,0.6,0.5,2.0,4.9,1962360
Ignas Brazdeikis,19-20,SF,21.0,NYK,9.0,0.0,5.9,0.7,2.4,0.273,0.1,1.0,0.111,0.6,1.4,0.385,0.295,0.4,0.6,0.8,0.2,0.3,0.6,0.4,0.0,0.1,0.2,0.3,1.9,898310
Corey Brewer,19-20,SG,33.0,SAC,5.0,0.0,6.6,0.4,0.8,0.5,0.0,0.2,0.0,0.4,0.6,0.667,0.5,0.2,0.6,0.33299999999999996,0.4,1.2,1.6,0.4,0.8,0.0,0.4,1.4,1.0,289803
Mikal Bridges,19-20,SF,23.0,PHO,73.0,32.0,28.0,3.4,6.6,0.51,1.0,2.7,0.361,2.4,4.0,0.61,0.583,1.4,1.7,0.8440000000000001,0.9,3.1,4.0,1.8,1.4,0.6,1.0,2.2,9.1,4161000
Miles Bridges,19-20,SF,21.0,CHO,65.0,64.0,30.7,4.9,11.6,0.424,1.5,4.6,0.33,3.4,7.0,0.486,0.489,1.6,2.0,0.809,1.4,4.2,5.6,1.8,0.6,0.7,1.5,2.0,13.0,3755400
Ryan Broekhoff,19-20,SG,29.0,DAL,17.0,1.0,10.6,1.3,3.5,0.373,1.2,3.0,0.392,0.1,0.5,0.25,0.542,0.4,0.5,0.875,0.3,2.2,2.5,0.6,0.3,0.2,0.4,0.9,4.2,1443842
Malcolm Brogdon,19-20,PG,27.0,IND,54.0,54.0,30.9,6.0,13.8,0.43799999999999994,1.4,4.3,0.326,4.6,9.5,0.488,0.489,3.1,3.4,0.892,0.9,4.0,4.9,7.1,0.6,0.2,2.4,1.8,16.5,20000000
Dillon Brooks,19-20,SG,24.0,MEM,73.0,73.0,28.9,6.0,14.6,0.40700000000000003,2.0,5.6,0.358,3.9,9.0,0.43799999999999994,0.47600000000000003,2.2,2.8,0.8079999999999999,0.9,2.4,3.3,2.1,0.9,0.4,1.7,3.8,16.2,1618520
Bruce Brown,19-20,SG,23.0,DET,58.0,43.0,28.2,3.4,7.7,0.44299999999999995,0.6,1.7,0.344,2.8,6.1,0.47,0.48,1.5,2.1,0.7390000000000001,1.1,3.7,4.7,4.0,1.1,0.5,1.7,2.8,8.9,1416852
Jaylen Brown,19-20,SF,23.0,BOS,57.0,57.0,33.9,7.5,15.6,0.48100000000000004,2.3,5.9,0.382,5.2,9.6,0.5429999999999999,0.5539999999999999,3.1,4.3,0.7240000000000001,1.1,5.3,6.4,2.1,1.1,0.4,2.2,2.9,20.3,6534829
Sterling Brown,19-20,SF,24.0,MIL,52.0,1.0,14.8,1.8,4.9,0.371,0.8,2.6,0.324,1.0,2.3,0.425,0.457,0.6,0.8,0.8,0.6,2.9,3.5,1.0,0.6,0.1,0.8,1.0,5.1,1618520
Jalen Brunson,19-20,PG,23.0,DAL,57.0,16.0,17.9,3.2,6.8,0.466,0.8,2.1,0.358,2.4,4.7,0.515,0.522,1.1,1.3,0.813,0.4,2.0,2.4,3.3,0.4,0.1,1.2,1.3,8.2,1416582
Thomas Bryant,19-20,C,22.0,WAS,46.0,36.0,24.9,5.3,9.1,0.581,0.8,2.0,0.40700000000000003,4.5,7.1,0.63,0.626,1.9,2.5,0.741,2.1,5.1,7.2,1.8,0.5,1.1,1.2,2.2,13.2,7936508
Reggie Bullock,19-20,SG,28.0,NYK,29.0,19.0,23.6,3.1,7.7,0.402,1.3,3.8,0.33299999999999996,1.8,3.9,0.469,0.484,0.6,0.7,0.81,0.4,1.9,2.3,1.4,0.9,0.1,0.7,1.9,8.1,4000000
Trey Burke,19-20,PG,27.0,TOT,33.0,1.0,15.8,2.8,6.3,0.45,1.0,2.3,0.42700000000000005,1.9,4.1,0.46299999999999997,0.526,0.7,0.9,0.7929999999999999,0.5,1.0,1.5,2.5,0.5,0.1,0.6,1.0,7.4,2028594
Alec Burks,19-20,SG,28.0,TOT,66.0,19.0,26.6,4.9,11.6,0.418,1.8,4.6,0.385,3.1,7.1,0.439,0.493,3.6,4.0,0.887,0.7,3.5,4.3,2.9,0.9,0.3,1.4,1.9,15.0,2320044
Deonte Burton,19-20,SG,26.0,OKC,39.0,0.0,9.1,1.1,3.2,0.344,0.3,1.4,0.18899999999999997,0.8,1.8,0.45799999999999996,0.384,0.2,0.4,0.5710000000000001,0.2,1.3,1.5,0.4,0.2,0.3,0.5,0.9,2.7,1416852
Jimmy Butler,19-20,SF,30.0,MIA,58.0,58.0,33.8,5.9,13.1,0.455,0.5,2.1,0.244,5.4,11.0,0.495,0.474,7.6,9.1,0.8340000000000001,1.8,4.8,6.7,6.0,1.8,0.6,2.2,1.4,19.9,32742000
Bruno Caboclo,19-20,C,24.0,TOT,30.0,0.0,8.1,1.3,3.0,0.42700000000000005,0.2,1.1,0.182,1.1,1.9,0.5710000000000001,0.461,0.3,0.3,0.889,0.8,1.2,2.0,0.4,0.5,0.6,0.4,1.0,3.0,1845301
Kentavious Caldwell-Pope,19-20,SG,26.0,LAL,69.0,26.0,25.5,3.4,7.3,0.467,1.3,3.5,0.385,2.1,3.9,0.541,0.5579999999999999,1.1,1.5,0.775,0.6,1.5,2.1,1.6,0.8,0.2,0.9,1.9,9.3,8089282
Vlatko Čančar,19-20,SF,22.0,DEN,14.0,0.0,3.2,0.4,1.1,0.4,0.1,0.4,0.16699999999999998,0.4,0.6,0.556,0.433,0.3,0.3,1.0,0.4,0.4,0.7,0.2,0.1,0.1,0.2,0.5,1.2,1517981
Clint Capela,19-20,C,25.0,HOU,39.0,39.0,32.8,6.3,9.9,0.629,0.0,0.0,,6.3,9.9,0.629,0.629,1.4,2.7,0.529,4.3,9.5,13.8,1.2,0.8,1.8,1.6,2.6,13.9,16456522
DeMarre Carroll,19-20,SF-PF,33.0,TOT,24.0,0.0,12.1,1.0,2.8,0.379,0.3,1.4,0.242,0.7,1.4,0.515,0.439,1.2,1.8,0.69,0.5,1.8,2.3,1.0,0.3,0.2,0.7,1.3,3.6,6842307
Jevon Carter,19-20,PG,24.0,PHO,58.0,2.0,16.3,1.7,4.2,0.41600000000000004,1.1,2.5,0.425,0.7,1.7,0.402,0.5429999999999999,0.4,0.5,0.852,0.5,1.5,2.0,1.4,0.8,0.3,0.6,1.5,4.9,1416852
Vince Carter,19-20,SF,43.0,ATL,60.0,0.0,14.6,1.8,5.1,0.35200000000000004,1.0,3.4,0.302,0.8,1.7,0.451,0.452,0.4,0.5,0.7929999999999999,0.3,1.8,2.1,0.8,0.4,0.4,0.6,1.5,5.0,2564753
Michael Carter-Williams,19-20,SG,28.0,ORL,45.0,0.0,18.5,2.5,5.8,0.42700000000000005,0.5,1.7,0.293,2.0,4.1,0.48100000000000004,0.469,1.8,2.1,0.8320000000000001,1.0,2.2,3.3,2.4,1.1,0.5,1.2,1.9,7.2,2028594
Alex Caruso,19-20,PG,25.0,LAL,64.0,2.0,18.4,1.9,4.5,0.41200000000000003,0.6,1.9,0.33299999999999996,1.3,2.7,0.46799999999999997,0.48100000000000004,1.1,1.5,0.7340000000000001,0.3,1.7,1.9,1.9,1.1,0.3,0.8,1.5,5.5,2750000
Willie Cauley-Stein,19-20,C,26.0,TOT,54.0,39.0,20.3,3.2,5.6,0.579,0.0,0.0,0.0,3.2,5.6,0.581,0.579,0.7,1.2,0.606,1.6,4.3,5.8,1.3,0.9,1.1,0.7,2.2,7.2,2177483
Tyson Chandler,19-20,C,37.0,HOU,26.0,5.0,8.4,0.5,0.7,0.778,0.0,0.0,,0.5,0.7,0.778,0.778,0.2,0.5,0.462,1.0,1.6,2.5,0.2,0.2,0.3,0.3,1.2,1.3,2564753
Wilson Chandler,19-20,SF,32.0,BRK,35.0,3.0,21.0,2.1,5.2,0.40399999999999997,1.1,3.5,0.306,1.1,1.8,0.597,0.505,0.6,0.7,0.87,0.3,3.8,4.1,1.1,0.5,0.3,1.0,2.3,5.9,2564753
Joe Chealey,19-20,PG,24.0,CHO,4.0,0.0,8.3,0.0,1.8,0.0,0.0,1.0,0.0,0.0,0.8,0.0,0.0,0.5,0.5,1.0,0.0,0.0,0.0,0.3,1.0,0.0,0.5,0.5,0.5,163356
Marquese Chriss,19-20,PF,22.0,GSW,59.0,21.0,20.3,3.6,6.5,0.545,0.1,0.7,0.205,3.4,5.9,0.584,0.556,2.0,2.6,0.769,1.9,4.3,6.2,1.9,0.7,1.1,1.3,2.1,9.3,758804
Gary Clark,19-20,PF,25.0,TOT,42.0,5.0,13.5,1.3,3.2,0.406,0.9,2.6,0.35100000000000003,0.4,0.5,0.682,0.5529999999999999,0.2,0.2,0.9,0.9,1.7,2.6,0.4,0.1,0.5,0.2,1.1,3.7,708426
Brandon Clarke,19-20,PF,23.0,MEM,58.0,4.0,22.4,5.1,8.3,0.618,0.4,1.1,0.359,4.7,7.2,0.6579999999999999,0.642,1.5,1.9,0.759,1.6,4.4,5.9,1.4,0.6,0.8,0.9,1.7,12.1,2478840
Jordan Clarkson,19-20,SG,27.0,TOT,71.0,2.0,24.0,5.5,12.2,0.45399999999999996,2.1,5.8,0.368,3.4,6.4,0.5329999999999999,0.542,1.9,2.3,0.836,0.7,1.9,2.6,1.9,0.6,0.2,1.4,1.5,15.2,13437500
Nicolas Claxton,19-20,PF,20.0,BRK,15.0,0.0,12.5,1.8,3.2,0.563,0.1,0.5,0.14300000000000002,1.7,2.7,0.634,0.573,0.7,1.4,0.524,1.3,1.7,2.9,1.1,0.1,0.5,0.6,0.9,4.4,898310
Chris Clemons,19-20,SG,22.0,HOU,33.0,0.0,8.8,1.7,4.3,0.401,1.1,3.2,0.34600000000000003,0.6,1.1,0.5710000000000001,0.532,0.3,0.3,0.909,0.1,0.8,0.9,0.8,0.3,0.2,0.6,0.8,4.9,568422
John Collins,19-20,PF,22.0,ATL,41.0,41.0,33.2,8.6,14.8,0.583,1.4,3.6,0.401,7.2,11.2,0.642,0.632,2.9,3.7,0.8,2.8,7.3,10.1,1.5,0.8,1.6,1.8,3.4,21.6,2686560
Zach Collins,19-20,PF,22.0,POR,11.0,11.0,26.4,2.9,6.2,0.47100000000000003,0.6,1.7,0.368,2.3,4.5,0.51,0.522,0.5,0.7,0.75,2.3,4.0,6.3,1.5,0.5,0.5,1.3,3.3,7.0,4240200
Mike Conley,19-20,PG,32.0,UTA,47.0,41.0,29.0,4.9,12.1,0.409,2.0,5.4,0.375,2.9,6.6,0.43700000000000006,0.494,2.4,3.0,0.8270000000000001,0.7,2.5,3.2,4.4,0.8,0.1,2.0,2.2,14.4,32511623
Pat Connaughton,19-20,SG,27.0,MIL,67.0,4.0,18.6,2.0,4.5,0.455,0.8,2.5,0.331,1.2,2.0,0.607,0.547,0.5,0.6,0.775,0.9,3.3,4.2,1.6,0.4,0.5,0.8,1.0,5.4,1723050
Quinn Cook,19-20,PG,26.0,LAL,44.0,1.0,11.5,2.1,4.9,0.425,0.7,1.9,0.365,1.4,2.9,0.465,0.498,0.3,0.3,0.7859999999999999,0.3,0.9,1.2,1.1,0.3,0.0,0.8,0.6,5.1,3000000
Tyler Cook,19-20,PF,22.0,TOT,13.0,0.0,4.2,0.6,0.9,0.667,0.0,0.0,,0.6,0.9,0.667,0.667,0.5,0.6,0.875,0.5,0.6,1.1,0.1,0.2,0.0,0.2,0.4,1.8,101504
Robert Covington,19-20,PF-C,29.0,TOT,70.0,68.0,30.5,4.4,10.3,0.42200000000000004,2.3,6.9,0.335,2.1,3.5,0.593,0.5329999999999999,1.4,1.8,0.7979999999999999,0.9,5.7,6.6,1.3,1.6,1.3,1.5,3.1,12.4,11301219
Allen Crabbe,19-20,SG,27.0,TOT,37.0,1.0,17.6,1.7,4.8,0.35600000000000004,1.0,3.2,0.303,0.7,1.6,0.466,0.45799999999999996,0.3,0.4,0.7140000000000001,0.3,1.8,2.1,0.9,0.4,0.1,0.5,1.3,4.6,17818456
Torrey Craig,19-20,SF,29.0,DEN,58.0,27.0,18.5,2.1,4.6,0.461,0.8,2.4,0.326,1.4,2.3,0.603,0.545,0.4,0.6,0.611,1.1,2.2,3.3,0.8,0.4,0.6,0.4,2.3,5.4,2100000
Jamal Crawford,19-20,SG,39.0,BRK,1.0,0.0,6.0,2.0,4.0,0.5,1.0,2.0,0.5,1.0,2.0,0.5,0.625,0.0,0.0,,0.0,0.0,0.0,3.0,0.0,0.0,0.0,1.0,5.0,289803
Jae Crowder,19-20,SF,29.0,TOT,65.0,53.0,28.8,3.5,8.7,0.401,2.1,6.1,0.34299999999999997,1.4,2.6,0.5379999999999999,0.521,1.5,1.9,0.7759999999999999,0.8,5.1,5.9,2.5,1.1,0.4,1.1,2.2,10.5,7815533
Jarrett Culver,19-20,SG,20.0,MIN,63.0,35.0,23.9,3.7,9.0,0.40399999999999997,1.0,3.5,0.299,2.6,5.5,0.47100000000000003,0.462,0.9,1.9,0.462,1.1,2.3,3.4,1.7,0.9,0.6,1.3,2.0,9.2,5813640
Seth Curry,19-20,SG,29.0,DAL,64.0,25.0,24.6,4.4,9.0,0.495,2.3,5.0,0.452,2.2,4.0,0.5489999999999999,0.621,1.3,1.5,0.825,0.4,1.8,2.3,1.9,0.6,0.1,1.0,1.8,12.4,7441860
Stephen Curry,19-20,PG,31.0,GSW,5.0,5.0,27.8,6.6,16.4,0.402,2.4,9.8,0.245,4.2,6.6,0.636,0.47600000000000003,5.2,5.2,1.0,0.8,4.4,5.2,6.6,1.0,0.4,3.2,2.2,20.8,40231758
Troy Daniels,19-20,SG,28.0,TOT,47.0,0.0,11.3,1.5,4.0,0.387,1.0,2.8,0.348,0.6,1.1,0.48100000000000004,0.511,0.2,0.3,0.625,0.3,0.9,1.1,0.4,0.2,0.1,0.3,0.8,4.3,2028594
Anthony Davis,19-20,PF,26.0,LAL,62.0,62.0,34.4,8.9,17.7,0.503,1.2,3.5,0.33,7.7,14.2,0.546,0.536,7.2,8.5,0.846,2.3,7.0,9.3,3.2,1.5,2.3,2.5,2.5,26.1,27093019
Ed Davis,19-20,C,30.0,UTA,28.0,1.0,10.8,0.8,1.6,0.478,0.0,0.0,,0.8,1.6,0.478,0.478,0.3,0.5,0.5,1.3,2.5,3.8,0.4,0.4,0.3,0.5,2.2,1.8,4767000
Terence Davis,19-20,SG,22.0,TOR,72.0,4.0,16.8,2.8,6.1,0.456,1.3,3.4,0.38799999999999996,1.5,2.7,0.541,0.564,0.7,0.8,0.8640000000000001,0.7,2.6,3.3,1.6,0.5,0.2,1.1,1.7,7.5,898310
Dewayne Dedmon,19-20,C,30.0,TOT,44.0,18.0,17.6,2.3,5.8,0.4,0.5,2.4,0.20600000000000002,1.8,3.4,0.541,0.44299999999999995,0.7,0.8,0.833,1.4,4.3,5.7,0.5,0.6,0.9,1.3,3.0,5.8,13333334
Matthew Dellavedova,19-20,PG,29.0,CLE,57.0,4.0,14.4,1.1,3.1,0.354,0.4,1.6,0.231,0.7,1.5,0.488,0.414,0.6,0.6,0.865,0.3,1.0,1.3,3.2,0.4,0.0,1.0,1.4,3.1,9607500
DeMar DeRozan,19-20,SF,30.0,SAS,68.0,68.0,34.1,8.2,15.4,0.531,0.1,0.5,0.257,8.1,14.9,0.54,0.535,5.6,6.6,0.845,0.6,4.9,5.5,5.6,1.0,0.3,2.4,2.6,22.1,27739975
Cheick Diallo,19-20,C,23.0,PHO,47.0,2.0,10.2,2.0,3.0,0.648,0.0,0.1,0.33299999999999996,1.9,3.0,0.655,0.6509999999999999,0.7,0.8,0.872,0.6,2.1,2.8,0.5,0.2,0.3,0.7,1.2,4.7,1678854
Hamidou Diallo,19-20,SF,21.0,OKC,46.0,3.0,19.5,2.9,6.4,0.446,0.3,1.2,0.281,2.5,5.2,0.485,0.473,0.8,1.4,0.603,1.0,2.7,3.6,0.8,0.8,0.2,1.1,2.2,6.9,1416852
Gorgui Dieng,19-20,C,30.0,TOT,63.0,17.0,17.4,2.6,5.8,0.456,0.9,2.4,0.355,1.8,3.4,0.528,0.53,1.2,1.6,0.772,1.4,4.2,5.6,1.2,0.8,0.9,1.0,2.0,7.4,16229213
Spencer Dinwiddie,19-20,SG,26.0,BRK,64.0,49.0,31.2,6.6,16.0,0.415,1.9,6.3,0.308,4.7,9.7,0.485,0.47600000000000003,5.4,7.0,0.778,0.5,3.0,3.5,6.8,0.6,0.3,2.7,2.8,20.6,10600000
Donte DiVincenzo,19-20,SG,23.0,MIL,66.0,24.0,23.0,3.5,7.7,0.455,1.3,3.7,0.336,2.3,4.0,0.5670000000000001,0.536,1.0,1.3,0.733,1.0,3.8,4.8,2.3,1.3,0.3,1.4,1.7,9.2,2905800
Luka Dončić,19-20,PG,20.0,DAL,61.0,61.0,33.6,9.5,20.6,0.46299999999999997,2.8,8.9,0.316,6.7,11.7,0.574,0.531,7.0,9.2,0.758,1.3,8.1,9.4,8.8,1.0,0.2,4.3,2.5,28.8,7683360
Luguentz Dort,19-20,SG,20.0,OKC,36.0,28.0,22.8,2.4,6.1,0.39399999999999996,0.8,2.8,0.297,1.6,3.3,0.479,0.46299999999999997,1.2,1.5,0.792,0.7,1.6,2.3,0.8,0.9,0.1,0.6,2.7,6.8,155647
Damyean Dotson,19-20,SG,25.0,NYK,48.0,0.0,17.4,2.5,6.0,0.414,1.2,3.4,0.36200000000000004,1.3,2.6,0.48,0.516,0.5,0.7,0.667,0.2,1.7,1.9,1.2,0.5,0.1,0.4,0.9,6.7,1618520
Sekou Doumbouya,19-20,SF,19.0,DET,38.0,19.0,19.8,2.4,6.2,0.39,0.7,2.6,0.28600000000000003,1.7,3.6,0.46399999999999997,0.449,0.8,1.2,0.674,0.5,2.6,3.1,0.5,0.5,0.2,0.9,2.1,6.4,3285120
PJ Dozier,19-20,PG,23.0,DEN,29.0,0.0,14.2,2.2,5.4,0.414,0.6,1.7,0.34700000000000003,1.7,3.7,0.444,0.46799999999999997,0.7,1.0,0.7240000000000001,0.3,1.6,1.9,2.2,0.5,0.2,0.9,1.6,5.8,183115
Goran Dragić,19-20,PG,33.0,MIA,59.0,3.0,28.2,5.4,12.3,0.441,2.1,5.7,0.36700000000000005,3.3,6.5,0.505,0.526,3.2,4.2,0.7759999999999999,0.5,2.7,3.2,5.1,0.7,0.2,2.4,2.1,16.2,19217900
Andre Drummond,19-20,C,26.0,TOT,57.0,56.0,33.0,7.3,13.8,0.5329999999999999,0.1,0.6,0.14300000000000002,7.2,13.1,0.551,0.536,3.0,5.2,0.575,4.4,10.8,15.2,2.7,1.9,1.6,3.6,3.5,17.7,27093019
Jared Dudley,19-20,SF,34.0,LAL,45.0,1.0,8.1,0.5,1.3,0.4,0.4,0.9,0.429,0.1,0.4,0.33299999999999996,0.55,0.0,0.0,1.0,0.1,1.0,1.2,0.6,0.3,0.1,0.2,0.9,1.5,2564753
Kris Dunn,19-20,PG,25.0,CHI,51.0,32.0,24.9,3.0,6.7,0.444,0.6,2.2,0.259,2.4,4.5,0.535,0.48700000000000004,0.8,1.1,0.741,0.5,3.2,3.6,3.4,2.0,0.3,1.3,3.1,7.3,5348007
Carsen Edwards,19-20,SG,21.0,BOS,37.0,0.0,9.5,1.1,3.5,0.32799999999999996,0.6,2.1,0.316,0.5,1.4,0.34600000000000003,0.42200000000000004,0.4,0.5,0.684,0.2,1.1,1.3,0.6,0.3,0.1,0.4,0.9,3.3,1228026
Wayne Ellington,19-20,SG,32.0,NYK,36.0,1.0,15.5,1.7,4.8,0.35100000000000003,1.4,4.0,0.35,0.3,0.9,0.355,0.494,0.3,0.4,0.846,0.1,1.7,1.8,1.2,0.4,0.1,0.5,1.1,5.1,7804878
Joel Embiid,19-20,C,25.0,PHI,51.0,51.0,29.5,7.5,15.7,0.47700000000000004,1.1,3.4,0.331,6.4,12.3,0.517,0.512,6.9,8.5,0.807,2.8,8.9,11.6,3.0,0.9,1.3,3.1,3.4,23.0,27504630
James Ennis,19-20,SF,29.0,TOT,69.0,18.0,18.3,2.3,5.2,0.446,0.8,2.4,0.325,1.5,2.8,0.5529999999999999,0.522,1.1,1.4,0.8059999999999999,1.0,2.5,3.6,0.9,0.5,0.3,0.8,2.0,6.6,1882867
Jacob Evans,19-20,SG,22.0,TOT,29.0,1.0,14.4,1.6,4.6,0.336,0.4,1.3,0.33299999999999996,1.1,3.3,0.337,0.384,0.9,1.0,0.862,0.3,1.1,1.4,1.1,0.4,0.4,0.9,1.4,4.4,1925880
Dante Exum,19-20,SG,24.0,TOT,35.0,1.0,13.9,1.6,3.4,0.47100000000000003,0.4,1.2,0.349,1.2,2.2,0.539,0.534,0.9,1.2,0.7440000000000001,0.3,1.6,1.9,1.1,0.4,0.2,0.9,1.1,4.5,9600000
Derrick Favors,19-20,C,28.0,NOP,51.0,49.0,24.4,4.1,6.6,0.617,0.0,0.1,0.14300000000000002,4.1,6.5,0.627,0.618,0.8,1.4,0.563,3.2,6.6,9.8,1.6,0.6,0.9,1.1,2.1,9.0,17650000
Cristiano Felício,19-20,PF,27.0,CHI,22.0,0.0,17.5,1.5,2.5,0.63,0.0,0.1,0.0,1.5,2.4,0.654,0.63,0.8,1.0,0.7829999999999999,2.5,2.1,4.6,0.7,0.5,0.1,0.8,1.5,3.9,8156500
Terrance Ferguson,19-20,SF,21.0,OKC,56.0,38.0,22.4,1.4,3.9,0.355,0.9,3.0,0.292,0.5,0.9,0.5579999999999999,0.466,0.3,0.4,0.75,0.4,0.9,1.3,0.9,0.5,0.3,0.6,2.8,3.9,2475840
Bruno Fernando,19-20,C,21.0,ATL,56.0,13.0,12.7,1.8,3.6,0.518,0.1,0.7,0.135,1.8,2.9,0.605,0.53,0.5,0.9,0.569,1.2,2.3,3.5,0.9,0.3,0.3,0.8,1.9,4.3,1400000
Yogi Ferrell,19-20,PG,26.0,SAC,50.0,0.0,10.6,1.6,3.8,0.42,0.5,1.6,0.304,1.1,2.2,0.505,0.484,0.7,0.8,0.857,0.1,0.9,1.0,1.4,0.4,0.1,0.6,0.8,4.4,3150000
Dorian Finney-Smith,19-20,PF,26.0,DAL,71.0,68.0,29.9,3.4,7.4,0.466,1.6,4.3,0.376,1.8,3.1,0.589,0.575,1.1,1.5,0.722,2.0,3.7,5.7,1.6,0.6,0.5,1.0,2.5,9.5,4000000
Bryn Forbes,19-20,SG,26.0,SAS,63.0,62.0,25.1,3.8,9.2,0.41700000000000004,2.3,6.0,0.38799999999999996,1.5,3.2,0.47,0.544,1.2,1.4,0.833,0.2,1.8,2.0,1.7,0.5,0.0,0.9,1.8,11.2,2875000
Evan Fournier,19-20,SG,27.0,ORL,66.0,66.0,31.5,6.6,14.1,0.467,2.6,6.6,0.39899999999999997,4.0,7.5,0.527,0.56,2.7,3.3,0.818,0.3,2.3,2.6,3.2,1.1,0.2,1.9,2.4,18.5,17000000
De'Aaron Fox,19-20,PG,22.0,SAC,51.0,49.0,32.0,7.7,16.0,0.48,1.1,3.6,0.292,6.6,12.4,0.535,0.513,4.7,6.7,0.705,0.7,3.2,3.8,6.8,1.5,0.5,3.1,2.8,21.1,6392760
Melvin Frazier,19-20,SG,23.0,ORL,19.0,0.0,6.6,0.8,1.8,0.441,0.4,0.8,0.5,0.4,0.9,0.389,0.5589999999999999,0.1,0.2,0.5,0.1,0.4,0.5,0.2,0.5,0.1,0.3,0.6,2.1,1416852
Tim Frazier,19-20,PG,29.0,DET,27.0,11.0,13.1,1.3,3.5,0.36200000000000004,0.4,1.1,0.33299999999999996,0.9,2.4,0.375,0.415,0.7,0.9,0.792,0.3,0.9,1.2,3.4,0.5,0.1,1.3,1.6,3.6,1882867
Markelle Fultz,19-20,PG,21.0,ORL,72.0,60.0,27.7,5.0,10.7,0.465,0.5,1.9,0.267,4.5,8.8,0.507,0.488,1.6,2.2,0.73,0.6,2.7,3.3,5.1,1.3,0.2,2.0,2.0,12.1,9745200
Wenyen Gabriel,19-20,PF,22.0,TOT,30.0,1.0,7.8,0.7,1.6,0.43799999999999994,0.2,0.7,0.3,0.5,0.9,0.536,0.5,0.5,0.7,0.682,0.7,1.0,1.7,0.3,0.4,0.2,0.5,1.3,2.1,898310
Daniel Gafford,19-20,C,21.0,CHI,43.0,7.0,14.2,2.2,3.1,0.701,0.0,0.0,,2.2,3.1,0.701,0.701,0.7,1.4,0.5329999999999999,1.2,1.3,2.5,0.5,0.3,1.3,0.7,2.3,5.1,898310
Danilo Gallinari,19-20,PF,31.0,OKC,62.0,62.0,29.6,5.8,13.2,0.43799999999999994,2.9,7.1,0.405,2.9,6.1,0.47600000000000003,0.547,4.3,4.8,0.893,0.5,4.6,5.2,1.9,0.7,0.1,1.2,1.2,18.7,22615559
Langston Galloway,19-20,SG,28.0,DET,66.0,6.0,25.8,3.6,8.2,0.435,2.0,5.0,0.39899999999999997,1.6,3.2,0.493,0.557,1.1,1.3,0.8590000000000001,0.5,1.8,2.3,1.5,0.7,0.2,0.6,1.5,10.3,7333333
Darius Garland,19-20,PG,20.0,CLE,59.0,59.0,30.9,4.7,11.8,0.401,1.8,5.0,0.355,3.0,6.8,0.434,0.47600000000000003,1.1,1.2,0.875,0.5,1.4,1.9,3.9,0.7,0.1,2.6,1.6,12.3,6400920
Marc Gasol,19-20,C,35.0,TOR,44.0,43.0,26.4,2.7,6.3,0.42700000000000005,1.3,3.4,0.385,1.4,3.0,0.473,0.529,0.8,1.1,0.735,0.7,5.5,6.3,3.3,0.8,0.9,1.3,2.8,7.5,25595700
Rudy Gay,19-20,PF,33.0,SAS,67.0,5.0,21.8,4.0,8.9,0.446,1.1,3.3,0.336,2.9,5.6,0.511,0.508,1.8,2.0,0.882,0.9,4.5,5.4,1.7,0.5,0.5,1.3,1.5,10.8,14000000
Paul George,19-20,SF,29.0,LAC,48.0,48.0,29.6,7.1,16.3,0.439,3.3,7.9,0.41200000000000003,3.9,8.4,0.46399999999999997,0.539,4.0,4.5,0.8759999999999999,0.5,5.2,5.7,3.9,1.4,0.4,2.6,2.4,21.5,33005556
Taj Gibson,19-20,C,34.0,NYK,62.0,56.0,16.5,2.7,4.6,0.584,0.1,0.2,0.28600000000000003,2.6,4.4,0.599,0.591,0.7,0.9,0.732,1.8,2.5,4.3,0.8,0.4,0.5,0.8,2.0,6.1,9800000
Harry Giles,19-20,PF,21.0,SAC,46.0,17.0,14.5,3.0,5.5,0.5539999999999999,0.0,0.0,0.0,3.0,5.4,0.5579999999999999,0.5539999999999999,0.8,1.1,0.7759999999999999,0.9,3.2,4.1,1.3,0.5,0.4,1.0,2.6,6.9,2578800
Shai Gilgeous-Alexander,19-20,SG,21.0,OKC,70.0,70.0,34.7,6.8,14.5,0.47100000000000003,1.2,3.6,0.34700000000000003,5.6,10.9,0.512,0.514,4.1,5.1,0.807,0.7,5.2,5.9,3.3,1.1,0.7,1.9,1.7,19.0,3952920
Rudy Gobert,19-20,C,27.0,UTA,68.0,68.0,34.3,5.7,8.2,0.693,0.0,0.0,,5.7,8.2,0.693,0.693,3.7,5.9,0.63,3.4,10.1,13.5,1.5,0.8,2.0,1.9,3.2,15.1,25008427
Brandon Goodwin,19-20,PG,24.0,ATL,34.0,1.0,12.6,2.2,5.6,0.4,0.8,2.6,0.299,1.5,3.0,0.485,0.46799999999999997,0.8,0.9,0.9329999999999999,0.3,1.8,2.1,1.5,0.4,0.1,0.9,1.3,6.1,522738
Aaron Gordon,19-20,PF,24.0,ORL,62.0,62.0,32.5,5.4,12.4,0.43700000000000006,1.2,3.8,0.308,4.2,8.5,0.494,0.484,2.4,3.6,0.674,1.7,5.9,7.7,3.7,0.8,0.6,1.6,2.0,14.4,19863636
Eric Gordon,19-20,SF,31.0,HOU,36.0,15.0,28.2,4.8,12.9,0.369,2.7,8.4,0.317,2.1,4.4,0.469,0.473,2.3,3.0,0.7659999999999999,0.3,1.7,2.0,1.5,0.6,0.4,1.2,1.9,14.4,14057730
Devonte' Graham,19-20,PG,24.0,CHO,63.0,53.0,35.1,5.8,15.3,0.382,3.5,9.3,0.373,2.4,6.0,0.397,0.495,3.0,3.7,0.82,0.7,2.7,3.4,7.5,1.0,0.2,2.9,1.8,18.2,1416852
Treveon Graham,19-20,SG,26.0,TOT,55.0,20.0,16.9,1.6,4.4,0.36,0.6,2.2,0.275,1.0,2.2,0.44299999999999995,0.428,0.7,1.0,0.643,0.9,1.8,2.7,0.8,0.4,0.1,0.5,1.9,4.4,1678854
Jerami Grant,19-20,PF,25.0,DEN,71.0,24.0,26.6,4.3,8.9,0.478,1.4,3.5,0.389,2.9,5.4,0.537,0.555,2.1,2.8,0.75,0.8,2.7,3.5,1.2,0.7,0.8,0.9,2.2,12.0,9346153
Jerian Grant,19-20,PG,27.0,WAS,6.0,0.0,13.3,1.7,4.5,0.37,0.3,1.3,0.25,1.3,3.2,0.42100000000000004,0.40700000000000003,0.8,1.2,0.7140000000000001,0.3,0.7,1.0,1.5,0.2,0.2,0.5,1.8,4.5,196288
Danny Green,19-20,SG,32.0,LAL,68.0,68.0,24.8,2.9,7.0,0.41600000000000004,1.8,4.8,0.36700000000000005,1.1,2.2,0.524,0.542,0.5,0.7,0.688,0.8,2.6,3.3,1.3,1.3,0.5,0.9,2.0,8.0,14634146
Draymond Green,19-20,PF,29.0,GSW,43.0,43.0,28.4,2.9,7.3,0.389,0.8,3.0,0.27899999999999997,2.0,4.3,0.465,0.446,1.5,1.9,0.759,0.5,5.7,6.2,6.2,1.4,0.8,2.3,2.6,8.0,18539130
JaMychal Green,19-20,PF,29.0,LAC,63.0,1.0,20.7,2.4,5.6,0.429,1.5,3.8,0.387,0.9,1.8,0.518,0.56,0.6,0.8,0.75,1.2,4.9,6.2,0.8,0.5,0.4,0.9,2.8,6.8,4767000
Javonte Green,19-20,SF,26.0,BOS,48.0,2.0,9.8,1.3,2.6,0.5,0.2,0.7,0.273,1.1,1.9,0.581,0.536,0.6,0.9,0.667,0.5,1.4,1.9,0.5,0.5,0.2,0.5,0.9,3.4,898310
Jeff Green,19-20,PF-C,33.0,TOT,48.0,4.0,20.0,3.3,7.2,0.462,1.3,3.8,0.33899999999999997,2.0,3.4,0.602,0.552,1.5,1.9,0.802,0.5,2.3,2.8,1.0,0.5,0.4,0.9,1.9,9.4,2564753
Blake Griffin,19-20,PF,30.0,DET,18.0,18.0,28.4,4.9,13.9,0.35200000000000004,1.5,6.2,0.243,3.4,7.7,0.439,0.406,4.2,5.4,0.7759999999999999,0.9,3.7,4.7,3.3,0.4,0.4,2.2,1.5,15.5,34234964
Marko Guduric,19-20,SG,24.0,MEM,44.0,0.0,11.0,1.4,3.6,0.395,0.6,1.9,0.301,0.8,1.7,0.5,0.475,0.5,0.6,0.9229999999999999,0.3,1.3,1.7,1.0,0.3,0.2,0.8,0.8,3.9,2625000
Rui Hachimura,19-20,PF,21.0,WAS,48.0,48.0,30.1,5.3,11.4,0.466,0.5,1.8,0.287,4.8,9.5,0.5,0.489,2.4,2.9,0.8290000000000001,1.6,4.5,6.1,1.8,0.8,0.2,1.1,2.2,13.5,4469160
Donta Hall,19-20,PF,22.0,TOT,9.0,0.0,14.8,1.7,2.4,0.682,0.0,0.0,,1.7,2.4,0.682,0.682,1.0,2.0,0.5,1.6,2.7,4.2,0.4,0.3,0.7,0.6,2.6,4.3,101504
Dusty Hannahs,19-20,SG,26.0,MEM,2.0,0.0,6.5,2.0,4.5,0.444,1.0,1.5,0.667,1.0,3.0,0.33299999999999996,0.556,1.0,1.0,1.0,0.0,0.5,0.5,0.0,0.0,0.0,0.0,0.5,6.0,81678
James Harden,19-20,SG,30.0,HOU,68.0,68.0,36.5,9.9,22.3,0.444,4.4,12.4,0.355,5.5,9.9,0.556,0.5429999999999999,10.2,11.8,0.865,1.0,5.5,6.6,7.5,1.8,0.9,4.5,3.3,34.3,37800000
Maurice Harkless,19-20,SF,26.0,TOT,62.0,48.0,23.0,2.3,4.6,0.502,0.5,1.6,0.34700000000000003,1.7,3.0,0.584,0.562,0.6,1.1,0.591,0.9,3.0,3.9,1.1,0.9,0.5,0.9,2.4,5.8,11511234
Montrezl Harrell,19-20,C,26.0,LAC,63.0,2.0,27.8,7.5,12.9,0.58,0.0,0.3,0.0,7.5,12.6,0.593,0.58,3.7,5.6,0.6579999999999999,2.6,4.5,7.1,1.7,0.6,1.1,1.7,2.3,18.6,6000000
Gary Harris,19-20,SG,25.0,DEN,56.0,55.0,31.8,3.9,9.3,0.42,1.3,3.8,0.33299999999999996,2.6,5.5,0.479,0.48700000000000004,1.3,1.6,0.815,0.5,2.4,2.9,2.1,1.4,0.3,1.1,2.1,10.4,17839286
Joe Harris,19-20,SF,28.0,BRK,69.0,69.0,30.8,5.5,11.4,0.486,2.5,5.9,0.424,3.0,5.5,0.5529999999999999,0.596,0.9,1.3,0.7190000000000001,0.9,3.4,4.3,2.1,0.6,0.2,1.5,2.3,14.5,7670000
Tobias Harris,19-20,PF,27.0,PHI,72.0,72.0,34.3,7.7,16.3,0.47100000000000003,1.8,5.0,0.36700000000000005,5.9,11.3,0.517,0.527,2.4,3.0,0.8059999999999999,1.0,5.9,6.9,3.2,0.7,0.6,1.4,2.3,19.6,31034483
Shaquille Harrison,19-20,SF,26.0,CHI,43.0,10.0,11.3,1.8,3.8,0.467,0.4,1.0,0.381,1.4,2.9,0.496,0.515,0.9,1.2,0.78,0.5,1.5,2.0,1.1,0.8,0.4,0.4,1.3,4.9,898310
Josh Hart,19-20,SF,24.0,NOP,65.0,16.0,27.0,3.5,8.2,0.423,1.9,5.4,0.342,1.6,2.7,0.584,0.537,1.3,1.8,0.7390000000000001,0.9,5.6,6.5,1.7,1.0,0.4,1.2,2.5,10.1,1934160
Isaiah Hartenstein,19-20,C,21.0,HOU,23.0,2.0,11.6,1.9,2.9,0.657,0.0,0.2,0.0,1.9,2.7,0.71,0.657,0.8,1.2,0.679,1.3,2.7,3.9,0.8,0.4,0.5,0.7,1.8,4.7,1416852
Udonis Haslem,19-20,PF,39.0,MIA,4.0,1.0,11.0,1.0,2.8,0.364,0.3,0.8,0.33299999999999996,0.8,2.0,0.375,0.409,0.8,1.0,0.75,0.3,3.8,4.0,0.3,0.0,0.0,0.3,1.5,3.0,2564753
Jaxson Hayes,19-20,C,19.0,NOP,64.0,14.0,16.9,2.7,4.0,0.672,0.0,0.1,0.25,2.7,4.0,0.6779999999999999,0.674,1.9,3.0,0.647,1.5,2.5,4.0,0.9,0.4,0.9,0.8,2.5,7.4,4862040
Gordon Hayward,19-20,SF,29.0,BOS,52.0,52.0,33.5,6.7,13.5,0.5,1.6,4.3,0.38299999999999995,5.1,9.2,0.5539999999999999,0.561,2.4,2.8,0.855,1.1,5.6,6.7,4.1,0.7,0.4,1.8,1.8,17.5,32700690
John Henson,19-20,PF,29.0,TOT,40.0,8.0,15.0,2.4,4.3,0.556,0.2,0.9,0.222,2.2,3.4,0.644,0.579,0.6,1.2,0.5,1.2,2.9,4.1,1.4,0.6,1.1,0.9,2.0,5.5,9732396
Dewan Hernandez,19-20,C,23.0,TOR,6.0,0.0,4.7,0.8,2.3,0.35700000000000004,0.2,0.3,0.5,0.7,2.0,0.33299999999999996,0.39299999999999996,0.5,0.8,0.6,0.8,1.5,2.3,0.5,0.2,0.0,0.5,1.0,2.3,898310
Juan Hernangómez,19-20,PF,24.0,TOT,48.0,14.0,17.4,2.1,5.1,0.405,0.9,2.7,0.341,1.2,2.5,0.475,0.494,0.9,1.5,0.62,0.9,3.2,4.1,0.8,0.4,0.2,0.7,1.3,6.0,3321030
Willy Hernangómez,19-20,C,25.0,CHO,31.0,0.0,12.1,2.4,4.5,0.532,0.2,0.7,0.22699999999999998,2.2,3.8,0.59,0.55,1.2,1.9,0.627,1.4,2.9,4.3,0.9,0.3,0.2,1.0,1.0,6.1,1676735
Tyler Herro,19-20,SG,20.0,MIA,55.0,8.0,27.4,4.9,11.5,0.428,2.1,5.4,0.389,2.8,6.1,0.462,0.52,1.6,1.8,0.87,0.3,3.8,4.1,2.2,0.6,0.2,1.6,1.4,13.5,3640200
Mario Hezonja,19-20,PF,24.0,POR,53.0,4.0,16.4,1.7,4.1,0.42200000000000004,0.5,1.5,0.308,1.3,2.6,0.486,0.47700000000000004,0.9,1.1,0.8140000000000001,0.6,2.9,3.5,0.9,0.7,0.2,0.8,2.0,4.8,1737145
Buddy Hield,19-20,SG,27.0,SAC,72.0,44.0,30.8,6.9,16.1,0.429,3.8,9.6,0.39399999999999996,3.2,6.6,0.479,0.545,1.6,1.9,0.846,0.8,3.8,4.6,3.0,0.9,0.2,2.3,2.3,19.2,4861208
George Hill,19-20,PG,33.0,MIL,59.0,2.0,21.5,3.3,6.4,0.516,1.4,3.0,0.46,1.9,3.4,0.565,0.624,1.4,1.7,0.8420000000000001,0.8,2.2,3.0,3.1,0.8,0.1,1.0,1.4,9.4,9133907
Solomon Hill,19-20,SF,28.0,TOT,59.0,4.0,18.4,1.9,4.7,0.396,1.1,2.9,0.368,0.8,1.8,0.439,0.509,0.7,0.9,0.741,0.5,2.3,2.8,1.8,0.7,0.2,0.9,1.4,5.5,13258781
Aaron Holiday,19-20,PG,23.0,IND,66.0,33.0,24.5,3.5,8.5,0.414,1.3,3.3,0.39399999999999996,2.2,5.2,0.42700000000000005,0.491,1.1,1.3,0.851,0.3,2.0,2.4,3.4,0.8,0.2,1.3,1.8,9.5,2239200
Jrue Holiday,19-20,SG,29.0,NOP,61.0,61.0,34.7,7.5,16.5,0.455,2.0,5.7,0.353,5.5,10.8,0.509,0.516,2.1,3.0,0.7090000000000001,1.3,3.5,4.8,6.7,1.6,0.8,3.0,2.4,19.1,26131111
Justin Holiday,19-20,SG,30.0,IND,73.0,6.0,25.0,2.8,6.7,0.428,1.8,4.5,0.405,1.0,2.1,0.47700000000000004,0.5660000000000001,0.7,0.9,0.7909999999999999,0.4,2.8,3.3,1.3,1.2,0.6,0.6,1.9,8.3,4767000
Rondae Hollis-Jefferson,19-20,SF,25.0,TOR,60.0,6.0,18.7,2.6,5.5,0.47100000000000003,0.1,0.4,0.13,2.5,5.1,0.49700000000000005,0.47600000000000003,1.8,2.4,0.7340000000000001,1.8,2.9,4.7,1.8,0.8,0.4,1.0,1.9,7.0,2500000
Richaun Holmes,19-20,C,26.0,SAC,44.0,38.0,28.2,5.1,7.8,0.648,0.0,0.0,,5.1,7.8,0.648,0.648,2.1,2.7,0.7879999999999999,2.9,5.3,8.1,1.0,0.9,1.3,1.2,3.8,12.3,4767000
Rodney Hood,19-20,SF,27.0,POR,21.0,21.0,29.5,4.1,8.2,0.506,1.7,3.4,0.493,2.5,4.8,0.515,0.608,1.0,1.3,0.778,0.5,3.0,3.4,1.5,0.8,0.2,0.9,2.2,11.0,5718000
Al Horford,19-20,C,33.0,PHI,67.0,61.0,30.2,4.8,10.6,0.45,1.5,4.2,0.35,3.3,6.4,0.516,0.52,0.9,1.2,0.763,1.5,5.3,6.8,4.0,0.8,0.9,1.2,2.1,11.9,28000000
Talen Horton-Tucker,19-20,SG,19.0,LAL,6.0,1.0,13.5,2.3,5.0,0.467,0.7,2.2,0.308,1.7,2.8,0.588,0.5329999999999999,0.3,0.7,0.5,0.3,0.8,1.2,1.0,1.3,0.2,1.0,1.7,5.7,898310
Danuel House,19-20,SF,26.0,HOU,63.0,52.0,30.4,3.7,8.6,0.42700000000000005,2.0,5.6,0.363,1.6,2.9,0.5489999999999999,0.546,1.2,1.4,0.8109999999999999,0.9,3.3,4.2,1.3,1.1,0.5,0.9,2.1,10.5,3540000
Dwight Howard,19-20,C,34.0,LAL,69.0,2.0,18.9,2.9,4.0,0.7290000000000001,0.0,0.1,0.6,2.9,3.9,0.732,0.735,1.6,3.1,0.514,2.5,4.9,7.3,0.7,0.4,1.1,1.2,3.2,7.5,3039097
William Howard,19-20,PF,26.0,HOU,2.0,0.0,6.5,0.0,2.0,0.0,0.0,2.0,0.0,0.0,0.0,,0.0,0.0,0.0,,0.0,1.0,1.0,0.5,0.0,0.0,0.5,0.5,0.0,50000
Kevin Huerter,19-20,SG,21.0,ATL,56.0,48.0,31.4,4.5,10.9,0.413,2.3,6.0,0.38,2.2,4.9,0.45299999999999996,0.517,0.9,1.1,0.828,0.6,3.4,4.1,3.8,0.9,0.5,1.6,2.5,12.2,2636280
De'Andre Hunter,19-20,SF,22.0,ATL,63.0,62.0,32.0,4.4,10.8,0.41,1.7,4.8,0.355,2.7,6.0,0.45399999999999996,0.489,1.7,2.3,0.764,0.7,3.8,4.5,1.8,0.7,0.3,1.6,2.9,12.3,7068360
Chandler Hutchison,19-20,SF,23.0,CHI,28.0,10.0,18.8,2.9,6.3,0.457,0.4,1.4,0.316,2.4,4.9,0.496,0.491,1.6,2.8,0.59,0.6,3.2,3.9,0.9,1.0,0.3,1.0,1.7,7.8,2332320
Serge Ibaka,19-20,C,30.0,TOR,55.0,27.0,27.0,6.2,12.2,0.512,1.3,3.3,0.385,5.0,8.9,0.5589999999999999,0.564,1.6,2.3,0.718,2.1,6.1,8.2,1.4,0.5,0.8,2.0,2.8,15.4,23271604
Andre Iguodala,19-20,SG,36.0,MIA,21.0,0.0,19.9,1.8,4.2,0.43200000000000005,0.7,2.2,0.298,1.1,2.0,0.585,0.511,0.3,0.7,0.4,0.8,2.9,3.7,2.4,0.7,1.0,1.2,1.7,4.6,17185185
Ersan İlyasova,19-20,PF,32.0,MIL,63.0,8.0,15.7,2.3,5.0,0.466,0.8,2.2,0.365,1.5,2.8,0.545,0.546,1.1,1.4,0.828,1.0,3.8,4.8,0.8,0.4,0.3,0.5,1.5,6.6,7000000
Joe Ingles,19-20,SF,32.0,UTA,72.0,45.0,29.7,3.4,7.7,0.445,2.0,4.9,0.39899999999999997,1.5,2.8,0.525,0.5720000000000001,1.0,1.3,0.787,0.4,3.5,3.9,5.2,0.9,0.2,2.0,2.1,9.8,11954546
Brandon Ingram,19-20,PF,22.0,NOP,62.0,62.0,33.9,8.2,17.7,0.46299999999999997,2.4,6.2,0.391,5.8,11.5,0.501,0.531,5.0,5.9,0.851,0.8,5.3,6.1,4.2,1.0,0.6,3.0,2.9,23.8,7265485
Kyrie Irving,19-20,PG,27.0,BRK,20.0,20.0,32.9,10.0,20.8,0.478,2.8,7.1,0.39399999999999996,7.2,13.7,0.522,0.546,4.7,5.1,0.922,1.1,4.1,5.2,6.4,1.4,0.5,2.6,2.7,27.4,31742000
Jonathan Isaac,19-20,SF,22.0,ORL,34.0,32.0,28.8,4.6,9.8,0.47,0.9,2.8,0.34,3.6,7.0,0.521,0.518,1.8,2.3,0.779,1.7,5.1,6.8,1.4,1.6,2.3,1.4,2.4,11.9,5806440
Wesley Iwundu,19-20,SF,25.0,ORL,52.0,21.0,18.3,1.9,4.5,0.41600000000000004,0.5,1.6,0.341,1.3,2.9,0.457,0.47600000000000003,1.5,1.9,0.804,0.5,2.1,2.5,1.2,0.5,0.3,0.5,1.5,5.8,1618520
Frank Jackson,19-20,PG,21.0,NOP,59.0,2.0,13.5,2.3,5.6,0.405,0.8,2.4,0.326,1.5,3.2,0.465,0.47600000000000003,0.9,1.3,0.747,0.4,1.0,1.4,1.0,0.3,0.1,0.8,1.3,6.3,1618520
Josh Jackson,19-20,SG,22.0,MEM,22.0,0.0,17.3,3.2,7.2,0.44,1.0,3.3,0.319,2.1,4.0,0.54,0.513,1.6,2.3,0.7,0.5,2.5,3.0,1.6,0.8,0.4,1.3,1.8,9.0,7059480
Justin Jackson,19-20,PF,24.0,DAL,65.0,3.0,16.1,2.1,5.2,0.396,0.7,2.5,0.294,1.3,2.7,0.489,0.466,0.6,0.8,0.84,0.4,2.0,2.4,0.8,0.2,0.2,0.2,1.1,5.5,3280920
Reggie Jackson,19-20,PG,29.0,TOT,31.0,16.0,24.0,4.3,10.5,0.41100000000000003,1.8,4.7,0.39299999999999996,2.5,5.8,0.425,0.498,1.5,1.7,0.833,0.5,2.4,3.0,4.1,0.4,0.2,1.6,1.9,11.9,17286956
Justin James,19-20,SG,23.0,SAC,36.0,0.0,6.4,1.0,2.3,0.41700000000000004,0.3,0.8,0.31,0.7,1.5,0.473,0.47,0.3,0.6,0.47600000000000003,0.2,0.7,0.9,0.5,0.2,0.3,0.2,0.5,2.5,898310
LeBron James,19-20,PG,35.0,LAL,67.0,67.0,34.6,9.6,19.4,0.493,2.2,6.3,0.348,7.4,13.1,0.564,0.55,3.9,5.7,0.693,1.0,6.9,7.8,10.2,1.2,0.5,3.9,1.8,25.3,37436858
Amile Jefferson,19-20,PF,26.0,ORL,18.0,0.0,4.1,0.3,0.8,0.35700000000000004,0.0,0.0,,0.3,0.8,0.35700000000000004,0.35700000000000004,0.3,0.8,0.35700000000000004,0.6,0.7,1.3,0.2,0.1,0.2,0.2,0.4,0.8,1445697
Ty Jerome,19-20,PG,22.0,PHO,31.0,0.0,10.6,1.2,3.6,0.336,0.5,1.6,0.28,0.8,2.0,0.381,0.39799999999999996,0.4,0.5,0.75,0.2,1.3,1.5,1.4,0.5,0.1,0.6,0.9,3.3,2193480
Alize Johnson,19-20,SF,23.0,IND,17.0,1.0,6.9,0.7,1.7,0.414,0.2,0.5,0.375,0.5,1.2,0.429,0.466,0.4,0.6,0.7,0.9,1.9,2.8,0.4,0.2,0.1,0.4,0.7,2.0,1416852
Cameron Johnson,19-20,PF,23.0,PHO,57.0,9.0,22.0,3.1,7.1,0.435,1.9,4.8,0.39,1.2,2.3,0.526,0.565,0.8,1.0,0.807,0.9,2.4,3.3,1.2,0.6,0.4,0.6,1.5,8.8,4033440
James Johnson,19-20,PF,32.0,TOT,32.0,1.0,19.3,3.2,6.7,0.479,1.0,2.8,0.363,2.2,3.9,0.565,0.556,1.0,1.5,0.6459999999999999,0.8,2.9,3.7,2.3,0.8,1.0,1.5,2.5,8.4,15349400
Keldon Johnson,19-20,SF,20.0,SAS,17.0,1.0,17.7,3.1,5.2,0.596,0.8,1.3,0.591,2.4,3.9,0.597,0.669,2.1,2.6,0.795,0.6,2.8,3.4,0.9,0.8,0.1,0.8,1.6,9.1,1950600
Stanley Johnson,19-20,PF,23.0,TOR,25.0,0.0,6.0,0.9,2.4,0.373,0.3,1.0,0.292,0.6,1.4,0.429,0.43200000000000005,0.4,0.6,0.563,0.3,1.2,1.5,0.8,0.2,0.2,0.6,0.6,2.4,3623000
Tyler Johnson,19-20,SG,27.0,TOT,39.0,7.0,18.2,2.5,6.4,0.38799999999999996,1.0,3.1,0.319,1.5,3.4,0.45,0.46399999999999997,1.1,1.3,0.84,0.5,1.5,1.9,1.9,0.4,0.2,0.7,1.5,7.0,19245370
Nikola Jokić,19-20,C,24.0,DEN,73.0,73.0,32.0,7.7,14.7,0.528,1.1,3.5,0.314,6.6,11.2,0.594,0.565,3.4,4.1,0.8170000000000001,2.3,7.5,9.7,7.0,1.2,0.6,3.1,3.0,19.9,26573595
Damian Jones,19-20,C,24.0,ATL,55.0,27.0,16.1,2.2,3.2,0.68,0.0,0.2,0.222,2.2,3.1,0.7040000000000001,0.685,1.1,1.5,0.738,1.3,2.4,3.7,0.6,0.5,0.7,0.5,2.7,5.6,2305057
Tyus Jones,19-20,PG,23.0,MEM,65.0,6.0,19.0,3.0,6.6,0.45899999999999996,0.7,1.9,0.379,2.3,4.7,0.49200000000000005,0.514,0.7,0.9,0.741,0.1,1.4,1.6,4.4,0.9,0.1,0.8,0.7,7.4,8408000
DeAndre Jordan,19-20,C,31.0,BRK,56.0,6.0,22.0,3.4,5.1,0.6659999999999999,0.0,0.0,,3.4,5.1,0.6659999999999999,0.6659999999999999,1.5,2.2,0.68,2.5,7.5,10.0,1.9,0.3,0.9,1.3,2.0,8.3,9881598
Cory Joseph,19-20,PG,28.0,SAC,72.0,26.0,24.4,2.4,5.7,0.415,0.8,2.2,0.35200000000000004,1.6,3.5,0.455,0.483,0.8,1.0,0.857,0.6,2.0,2.6,3.5,0.7,0.3,1.1,1.8,6.4,12000000
Mfiondu Kabengele,19-20,C,22.0,LAC,12.0,0.0,5.3,1.2,2.7,0.43799999999999994,0.8,1.7,0.45,0.4,1.0,0.41700000000000004,0.578,0.4,0.4,1.0,0.1,0.8,0.9,0.2,0.2,0.2,0.2,0.8,3.5,1977000
Frank Kaminsky,19-20,C,26.0,PHO,39.0,13.0,19.9,3.5,7.9,0.45,1.1,3.2,0.331,2.5,4.7,0.53,0.516,1.6,2.3,0.6779999999999999,0.9,3.6,4.5,1.9,0.4,0.3,0.9,1.9,9.7,4767000
Enes Kanter,19-20,C,27.0,BOS,58.0,7.0,16.9,3.4,6.0,0.5720000000000001,0.0,0.1,0.14300000000000002,3.4,5.9,0.581,0.573,1.2,1.7,0.7070000000000001,2.8,4.6,7.4,1.0,0.4,0.7,1.0,1.7,8.1,4767000
Luke Kennard,19-20,SG,23.0,DET,28.0,25.0,32.9,5.4,12.2,0.442,2.6,6.5,0.39899999999999997,2.8,5.7,0.491,0.5479999999999999,2.4,2.7,0.893,0.3,3.2,3.5,4.1,0.4,0.2,1.5,2.3,15.8,3827160
Stanton Kidd,19-20,SF,27.0,UTA,4.0,0.0,3.8,0.0,0.8,0.0,0.0,0.3,0.0,0.0,0.5,0.0,0.0,0.0,0.0,,0.0,0.8,0.8,0.3,0.0,0.0,0.5,0.8,0.0,250000
Michael Kidd-Gilchrist,19-20,SF-PF,26.0,TOT,25.0,0.0,11.2,0.9,2.6,0.33299999999999996,0.2,0.8,0.25,0.7,1.8,0.37,0.371,0.4,0.6,0.7859999999999999,0.6,2.1,2.7,0.6,0.1,0.2,0.6,1.5,2.4,13000000
Maxi Kleber,19-20,C,28.0,DAL,74.0,21.0,25.5,3.2,6.9,0.461,1.6,4.3,0.373,1.6,2.6,0.605,0.5770000000000001,1.1,1.3,0.8490000000000001,1.5,3.7,5.2,1.2,0.3,1.1,0.8,2.4,9.1,8000000
Brandon Knight,19-20,PG,28.0,TOT,25.0,3.0,18.5,2.4,6.7,0.353,1.8,5.2,0.344,0.6,1.4,0.389,0.488,0.8,1.4,0.588,0.2,1.5,1.6,2.8,0.4,0.1,1.5,1.6,7.3,15643750
Kevin Knox,19-20,SF,20.0,NYK,65.0,4.0,17.9,2.2,6.2,0.359,1.0,3.1,0.327,1.2,3.1,0.391,0.44,1.0,1.6,0.653,0.4,2.4,2.8,0.9,0.4,0.4,0.7,1.6,6.4,4380120
Furkan Korkmaz,19-20,SG,22.0,PHI,72.0,12.0,21.7,3.4,7.8,0.43,2.0,4.9,0.402,1.4,2.9,0.478,0.557,1.1,1.4,0.755,0.3,2.1,2.3,1.1,0.6,0.2,0.8,1.4,9.8,1620564
Luke Kornet,19-20,C,24.0,CHI,36.0,14.0,15.5,2.3,5.2,0.439,0.9,3.0,0.287,1.4,2.2,0.6459999999999999,0.521,0.6,0.8,0.7140000000000001,0.6,1.7,2.3,0.9,0.3,0.7,0.4,1.5,6.0,2195122
Kyle Korver,19-20,SF,38.0,MIL,58.0,1.0,16.6,2.2,5.1,0.43,1.7,4.1,0.418,0.5,1.0,0.48200000000000004,0.599,0.6,0.7,0.8540000000000001,0.3,1.8,2.1,1.2,0.4,0.2,0.8,1.3,6.7,3440000
Rodions Kurucs,19-20,PF,21.0,BRK,47.0,9.0,14.6,1.7,3.8,0.446,0.7,1.9,0.36700000000000005,1.0,1.9,0.529,0.54,0.5,0.8,0.632,0.5,2.4,2.9,1.1,0.5,0.1,1.0,1.9,4.6,1699236
Kyle Kuzma,19-20,PF,24.0,LAL,61.0,9.0,25.0,4.8,11.0,0.436,1.4,4.5,0.316,3.4,6.5,0.518,0.5,1.9,2.5,0.735,0.9,3.6,4.5,1.3,0.5,0.4,1.5,2.1,12.8,1974600
Skal Labissière,19-20,C,23.0,POR,33.0,1.0,17.2,2.5,4.5,0.551,0.1,0.4,0.231,2.4,4.1,0.5820000000000001,0.561,0.8,1.0,0.758,2.0,3.2,5.1,1.3,0.2,0.9,0.9,2.7,5.8,2338847
Jeremy Lamb,19-20,SG,27.0,IND,46.0,42.0,28.1,4.7,10.4,0.451,1.2,3.4,0.335,3.5,7.0,0.508,0.506,2.0,2.4,0.836,0.5,3.8,4.3,2.1,1.2,0.5,1.1,2.3,12.5,10500000
Romeo Langford,19-20,SG,20.0,BOS,32.0,2.0,11.6,0.9,2.5,0.35,0.2,0.8,0.185,0.7,1.7,0.434,0.381,0.6,0.8,0.72,0.5,0.8,1.3,0.4,0.3,0.3,0.3,1.0,2.5,3458400
Zach LaVine,19-20,SG,24.0,CHI,60.0,60.0,34.8,9.0,20.0,0.45,3.1,8.1,0.38,5.9,11.9,0.49700000000000005,0.526,4.5,5.6,0.802,0.7,4.1,4.8,4.2,1.5,0.5,3.4,2.2,25.5,19500000
Jake Layman,19-20,PF,25.0,MIN,23.0,2.0,22.0,3.5,7.8,0.45299999999999996,1.0,3.1,0.33299999999999996,2.5,4.7,0.5329999999999999,0.52,1.0,1.4,0.75,0.7,1.7,2.5,0.7,0.7,0.4,1.0,2.0,9.1,3581986
T.J. Leaf,19-20,PF,22.0,IND,28.0,1.0,7.9,1.3,3.1,0.419,0.2,0.6,0.278,1.1,2.4,0.456,0.44799999999999995,0.3,0.6,0.43799999999999994,0.8,1.7,2.5,0.3,0.4,0.1,0.3,0.8,3.0,2813280
Jalen Lecque,19-20,PG,19.0,PHO,5.0,0.0,6.4,0.8,2.0,0.4,0.0,0.8,0.0,0.8,1.2,0.667,0.4,0.4,0.4,1.0,0.0,0.4,0.4,0.4,0.0,0.0,0.4,0.6,2.0,898310
Courtney Lee,19-20,SG,34.0,DAL,24.0,9.0,14.4,1.7,3.4,0.488,0.9,2.0,0.447,0.8,1.5,0.5429999999999999,0.616,0.3,0.3,0.857,0.3,1.0,1.3,0.5,0.8,0.3,0.5,1.4,4.5,12759670
Damion Lee,19-20,SG,27.0,GSW,49.0,36.0,29.0,4.3,10.4,0.41700000000000004,1.7,4.9,0.35600000000000004,2.6,5.6,0.47100000000000003,0.5,2.2,2.6,0.873,0.7,4.2,4.9,2.7,1.0,0.1,1.4,2.4,12.7,842327
Alex Len,19-20,C,26.0,TOT,55.0,12.0,17.6,3.2,5.8,0.555,0.3,1.1,0.271,2.9,4.7,0.619,0.58,1.2,1.9,0.648,1.8,4.0,5.8,0.9,0.4,0.9,1.0,2.3,8.0,4160000
Kawhi Leonard,19-20,SF,28.0,LAC,57.0,57.0,32.4,9.3,19.9,0.47,2.2,5.7,0.37799999999999995,7.2,14.2,0.506,0.524,6.2,7.1,0.8859999999999999,0.9,6.1,7.1,4.9,1.8,0.6,2.6,2.0,27.1,32742000
Meyers Leonard,19-20,C,27.0,MIA,51.0,49.0,20.3,2.3,4.6,0.509,1.0,2.5,0.414,1.3,2.1,0.623,0.622,0.4,0.5,0.643,0.6,4.5,5.1,1.1,0.3,0.3,0.8,2.1,6.1,11286515
Caris LeVert,19-20,SG,25.0,BRK,45.0,31.0,29.6,6.9,16.3,0.425,1.8,4.9,0.364,5.1,11.4,0.451,0.48,3.1,4.4,0.711,1.1,3.1,4.2,4.4,1.2,0.2,2.6,1.8,18.7,2625718
Damian Lillard,19-20,PG,29.0,POR,66.0,66.0,37.5,9.5,20.4,0.46299999999999997,4.1,10.2,0.401,5.4,10.2,0.524,0.563,7.0,7.8,0.888,0.5,3.8,4.3,8.0,1.1,0.3,2.9,1.7,30.0,29802321
Nassir Little,19-20,PF,19.0,POR,48.0,5.0,11.9,1.4,3.1,0.43,0.3,1.2,0.237,1.1,1.9,0.5539999999999999,0.47700000000000004,0.6,0.9,0.636,0.6,1.6,2.3,0.5,0.3,0.3,0.3,1.5,3.6,2105520
Kevon Looney,19-20,C,23.0,GSW,20.0,4.0,13.1,1.5,4.0,0.36700000000000005,0.1,0.7,0.071,1.4,3.3,0.431,0.373,0.5,0.6,0.75,1.4,1.9,3.3,1.0,0.6,0.3,0.6,1.7,3.4,4464286
Brook Lopez,19-20,C,31.0,MIL,68.0,67.0,26.7,4.3,9.9,0.435,1.5,4.8,0.314,2.8,5.1,0.5489999999999999,0.511,1.9,2.2,0.836,0.9,3.7,4.6,1.5,0.7,2.4,1.0,2.4,12.0,12093024
Robin Lopez,19-20,C,31.0,MIL,66.0,5.0,14.5,2.2,4.5,0.49200000000000005,0.5,1.6,0.33299999999999996,1.7,2.9,0.5770000000000001,0.55,0.4,0.8,0.528,0.8,1.6,2.4,0.7,0.2,0.7,1.0,1.5,5.4,4767000
Kevin Love,19-20,PF,31.0,CLE,56.0,56.0,31.8,5.8,13.0,0.45,2.6,7.0,0.374,3.2,6.0,0.537,0.55,3.3,3.9,0.8540000000000001,1.0,8.8,9.8,3.2,0.6,0.3,2.5,1.6,17.6,28900000
Kyle Lowry,19-20,PG,33.0,TOR,58.0,58.0,36.2,5.8,13.8,0.41600000000000004,2.8,8.0,0.35200000000000004,2.9,5.8,0.504,0.518,5.1,5.9,0.857,0.6,4.5,5.0,7.5,1.4,0.4,3.1,3.3,19.4,33296296
Timothé Luwawu-Cabarrot,19-20,SG,24.0,BRK,47.0,2.0,18.1,2.5,5.7,0.435,1.3,3.4,0.38799999999999996,1.2,2.3,0.505,0.55,1.5,1.7,0.852,0.6,2.1,2.7,0.6,0.4,0.1,0.8,2.3,7.8,654468
Trey Lyles,19-20,PF,24.0,SAS,63.0,53.0,20.2,2.4,5.4,0.446,1.0,2.7,0.387,1.4,2.8,0.503,0.541,0.5,0.7,0.733,1.1,4.6,5.7,1.1,0.4,0.4,0.6,1.6,6.4,5500000
J.P. Macura,19-20,SG,24.0,CLE,1.0,0.0,1.0,0.0,0.0,,0.0,0.0,,0.0,0.0,,,0.0,0.0,,0.0,0.0,0.0,0.0,0.0,0.0,0.0,0.0,0.0,81678
Josh Magette,19-20,PG,30.0,ORL,8.0,0.0,4.8,0.6,1.9,0.33299999999999996,0.1,0.5,0.25,0.5,1.4,0.364,0.36700000000000005,0.1,0.3,0.5,0.1,0.6,0.8,0.6,0.4,0.1,0.6,0.5,1.5,81678
Ian Mahinmi,19-20,C,33.0,WAS,38.0,35.0,21.3,2.7,5.5,0.495,0.1,0.7,0.192,2.6,4.8,0.5379999999999999,0.507,1.8,3.0,0.619,2.1,3.7,5.7,1.3,0.8,1.2,1.2,3.0,7.4,15450051
Thon Maker,19-20,C,22.0,DET,60.0,14.0,12.9,1.6,3.2,0.48200000000000004,0.4,1.1,0.344,1.2,2.2,0.55,0.539,1.2,1.8,0.664,0.9,1.9,2.8,0.7,0.4,0.7,0.8,1.7,4.7,3569643
Terance Mann,19-20,SG,23.0,LAC,41.0,6.0,8.8,0.9,1.9,0.46799999999999997,0.2,0.5,0.35,0.7,1.4,0.508,0.513,0.4,0.7,0.667,0.2,1.1,1.3,1.3,0.3,0.1,0.4,1.1,2.4,1000000
Boban Marjanović,19-20,C,31.0,DAL,44.0,5.0,9.6,2.8,4.8,0.573,0.1,0.4,0.235,2.7,4.4,0.603,0.583,1.0,1.3,0.754,1.5,3.0,4.5,0.5,0.2,0.2,0.7,1.3,6.6,3500000
Lauri Markkanen,19-20,PF,22.0,CHI,50.0,50.0,29.8,5.0,11.8,0.425,2.2,6.3,0.344,2.8,5.5,0.518,0.517,2.5,3.1,0.8240000000000001,1.2,5.1,6.3,1.5,0.8,0.5,1.6,1.9,14.7,5300400
Caleb Martin,19-20,SF,24.0,CHO,18.0,1.0,17.6,2.1,4.7,0.44,1.1,2.1,0.541,0.9,2.6,0.36200000000000004,0.56,0.9,1.2,0.81,0.6,1.6,2.1,1.3,0.7,0.4,0.8,1.8,6.2,898310
Cody Martin,19-20,SF,24.0,CHO,48.0,3.0,18.8,1.9,4.3,0.43,0.4,1.6,0.23399999999999999,1.5,2.7,0.546,0.473,0.9,1.4,0.6459999999999999,0.8,2.5,3.3,2.0,0.8,0.2,0.9,1.6,5.0,1173310
Wesley Matthews,19-20,SG,33.0,MIL,67.0,67.0,24.4,2.5,6.3,0.396,1.6,4.4,0.364,0.9,1.9,0.47200000000000003,0.524,0.8,1.0,0.765,0.3,2.1,2.5,1.4,0.6,0.1,0.6,1.5,7.4,2564753
Luc Mbah a Moute,19-20,PF,33.0,HOU,3.0,0.0,8.3,0.7,1.7,0.4,0.0,0.7,0.0,0.7,1.0,0.667,0.4,0.3,0.7,0.5,0.3,0.3,0.7,0.0,0.7,0.0,0.3,0.0,1.7,289803
Patrick McCaw,19-20,SF,24.0,TOR,37.0,12.0,24.5,1.8,4.4,0.414,0.6,1.9,0.324,1.2,2.5,0.484,0.485,0.4,0.5,0.722,0.5,1.8,2.3,2.1,1.1,0.1,0.8,1.6,4.6,4000000
CJ McCollum,19-20,SG,28.0,POR,70.0,70.0,36.5,8.7,19.4,0.451,2.8,7.3,0.379,6.0,12.1,0.494,0.522,2.0,2.6,0.757,0.7,3.6,4.2,4.4,0.8,0.6,1.8,2.6,22.2,27556959
T.J. McConnell,19-20,PG,27.0,IND,71.0,3.0,18.7,3.0,5.8,0.516,0.1,0.2,0.294,2.9,5.5,0.525,0.522,0.5,0.6,0.833,0.5,2.1,2.7,5.0,0.8,0.2,1.4,1.0,6.5,3500000
Jalen McDaniels,19-20,PF,22.0,CHO,16.0,0.0,18.3,2.1,4.4,0.47100000000000003,0.6,1.5,0.375,1.5,2.9,0.522,0.536,0.9,1.1,0.8240000000000001,0.9,3.1,4.1,0.8,0.5,0.2,0.7,2.3,5.6,898310
Doug McDermott,19-20,PF,28.0,IND,69.0,0.0,19.9,3.9,7.9,0.488,1.9,4.3,0.435,2.0,3.7,0.5489999999999999,0.605,0.7,0.8,0.828,0.4,2.1,2.5,1.1,0.2,0.1,0.6,1.7,10.3,7333334
JaVale McGee,19-20,C,32.0,LAL,68.0,68.0,16.6,2.9,4.5,0.637,0.0,0.1,0.5,2.8,4.4,0.64,0.642,0.8,1.2,0.6459999999999999,1.8,3.9,5.7,0.5,0.5,1.4,0.8,2.3,6.6,4000000
Rodney McGruder,19-20,SG,28.0,LAC,56.0,4.0,15.6,1.3,3.2,0.39799999999999996,0.4,1.6,0.27,0.9,1.6,0.522,0.46399999999999997,0.3,0.6,0.5589999999999999,0.5,2.2,2.7,0.6,0.5,0.1,0.4,1.3,3.3,4629630
Alfonzo McKinnie,19-20,SF,27.0,CLE,40.0,1.0,14.8,1.8,4.3,0.42700000000000005,0.4,1.6,0.215,1.5,2.7,0.557,0.46799999999999997,0.6,0.8,0.71,0.9,1.9,2.8,0.4,0.6,0.2,0.7,1.8,4.6,1361046
Ben McLemore,19-20,SG,26.0,HOU,71.0,23.0,22.8,3.4,7.7,0.444,2.5,6.4,0.4,0.9,1.3,0.6559999999999999,0.61,0.7,0.9,0.746,0.3,1.9,2.2,0.8,0.6,0.2,0.7,2.2,10.1,2028594
Jordan McRae,19-20,SG,28.0,TOT,37.0,4.0,21.2,4.0,9.9,0.40700000000000003,1.2,3.4,0.35700000000000004,2.8,6.5,0.433,0.469,2.2,2.9,0.7609999999999999,0.5,2.9,3.4,2.5,0.6,0.4,1.2,2.0,11.5,1645357
Nicolò Melli,19-20,C,29.0,NOP,60.0,8.0,17.4,2.3,5.4,0.42100000000000004,1.2,3.4,0.335,1.1,2.0,0.573,0.528,0.9,1.2,0.74,0.6,2.4,3.0,1.4,0.6,0.4,0.8,2.1,6.6,3902439
De'Anthony Melton,19-20,PG,21.0,MEM,60.0,8.0,19.5,2.7,6.7,0.401,0.7,2.3,0.28600000000000003,2.0,4.4,0.46399999999999997,0.451,1.6,2.0,0.769,0.7,3.0,3.7,2.9,1.3,0.3,1.4,1.8,7.6,1416852
Chimezie Metu,19-20,PF,22.0,SAS,18.0,0.0,5.8,1.3,2.3,0.5710000000000001,0.0,0.1,0.0,1.3,2.2,0.6,0.5710000000000001,0.6,0.7,0.769,0.7,1.2,1.8,0.6,0.2,0.3,0.6,0.4,3.2,1416852
Khris Middleton,19-20,SF,28.0,MIL,62.0,59.0,29.9,7.6,15.3,0.49700000000000005,2.4,5.7,0.415,5.2,9.6,0.546,0.575,3.4,3.7,0.9159999999999999,0.7,5.5,6.2,4.3,0.9,0.1,2.2,2.3,20.9,30603448
Eric Mika,19-20,PF,25.0,SAC,1.0,0.0,19.0,2.0,3.0,0.667,0.0,0.0,,2.0,3.0,0.667,0.667,2.0,2.0,1.0,2.0,5.0,7.0,0.0,0.0,0.0,0.0,5.0,6.0,50752
C.J. Miles,19-20,SG,32.0,WAS,10.0,0.0,16.1,1.9,5.9,0.322,1.1,3.5,0.314,0.8,2.4,0.33299999999999996,0.415,1.5,2.0,0.75,0.4,0.8,1.2,1.2,1.0,0.4,0.4,1.4,6.4,8730158
Malcolm Miller,19-20,SF,26.0,TOR,28.0,1.0,5.8,0.4,1.0,0.414,0.3,0.8,0.364,0.1,0.3,0.5710000000000001,0.552,0.1,0.3,0.375,0.1,0.5,0.6,0.4,0.2,0.1,0.1,0.6,1.3,1588231
Patty Mills,19-20,PG,31.0,SAS,66.0,1.0,22.5,3.9,9.1,0.431,2.3,6.1,0.382,1.6,3.0,0.5329999999999999,0.56,1.5,1.7,0.866,0.3,1.3,1.6,1.8,0.8,0.1,0.8,1.6,11.6,12428571
Paul Millsap,19-20,PF,34.0,DEN,51.0,48.0,24.3,4.1,8.6,0.48200000000000004,1.1,2.4,0.435,3.1,6.2,0.5,0.5429999999999999,2.3,2.8,0.816,1.9,3.8,5.7,1.6,0.9,0.6,1.4,2.9,11.6,30500000
Shake Milton,19-20,SG,23.0,PHI,40.0,24.0,20.1,3.4,6.9,0.484,1.5,3.4,0.43,1.9,3.6,0.535,0.588,1.3,1.6,0.785,0.4,1.8,2.2,2.6,0.5,0.2,1.2,2.3,9.4,1445697
Donovan Mitchell,19-20,SG,23.0,UTA,69.0,69.0,34.3,8.7,19.4,0.449,2.5,6.9,0.366,6.2,12.6,0.494,0.513,4.0,4.7,0.863,0.8,3.6,4.4,4.3,1.0,0.2,2.7,2.5,24.0,3635760
Malik Monk,19-20,SG,21.0,CHO,55.0,1.0,21.3,3.9,8.9,0.434,1.1,3.7,0.284,2.8,5.2,0.542,0.494,1.5,1.8,0.82,0.5,2.4,2.9,2.1,0.5,0.3,1.4,1.3,10.3,4028400
E'Twaun Moore,19-20,SG,30.0,NOP,56.0,6.0,18.2,3.3,7.8,0.426,1.1,3.0,0.377,2.2,4.8,0.456,0.498,0.6,0.8,0.6890000000000001,0.6,1.8,2.3,1.4,0.6,0.2,0.7,1.4,8.3,8664928
Ja Morant,19-20,PG,20.0,MEM,67.0,67.0,31.0,6.7,14.0,0.47700000000000004,0.9,2.7,0.335,5.8,11.3,0.511,0.509,3.6,4.6,0.7759999999999999,0.8,3.1,3.9,7.3,0.9,0.3,3.3,1.6,17.8,8730240
Juwan Morgan,19-20,PF,22.0,UTA,21.0,0.0,6.4,0.7,1.2,0.5770000000000001,0.1,0.4,0.375,0.6,0.9,0.667,0.635,0.1,0.2,0.75,0.5,0.9,1.4,0.3,0.0,0.1,0.3,0.9,1.7,746054
Marcus Morris,19-20,SF-PF,30.0,TOT,62.0,62.0,31.2,5.7,13.1,0.43799999999999994,2.3,5.6,0.408,3.4,7.5,0.461,0.526,2.9,3.5,0.823,1.0,4.1,5.0,1.4,0.8,0.5,1.6,2.9,16.7,15000000
Markieff Morris,19-20,PF,30.0,TOT,58.0,17.0,20.5,3.5,7.9,0.44299999999999995,1.5,3.9,0.386,2.0,4.0,0.5,0.539,1.1,1.5,0.7759999999999999,0.7,3.1,3.8,1.3,0.5,0.3,1.3,2.3,9.7,2241808
Monte Morris,19-20,PG,24.0,DEN,73.0,12.0,22.4,3.6,7.8,0.45899999999999996,0.9,2.4,0.37799999999999995,2.7,5.4,0.495,0.517,1.0,1.2,0.843,0.3,1.5,1.9,3.5,0.8,0.2,0.7,1.0,9.0,1588231
Emmanuel Mudiay,19-20,PG,23.0,UTA,54.0,2.0,15.7,2.8,6.1,0.462,0.6,1.6,0.345,2.2,4.4,0.504,0.508,1.2,1.5,0.759,0.3,2.0,2.3,2.1,0.4,0.2,1.4,1.3,7.3,1737145
Mychal Mulder,19-20,SG,25.0,GSW,7.0,3.0,29.1,3.7,9.6,0.38799999999999996,2.3,7.4,0.308,1.4,2.1,0.667,0.507,1.3,1.7,0.75,0.4,2.9,3.3,1.1,0.3,0.1,0.7,2.9,11.0,187782
Dejounte Murray,19-20,PG,23.0,SAS,66.0,58.0,25.6,4.5,9.7,0.462,0.6,1.7,0.369,3.8,8.0,0.48100000000000004,0.494,1.4,1.7,0.7979999999999999,1.0,4.8,5.8,4.1,1.7,0.3,1.9,2.2,10.9,2321735
Jamal Murray,19-20,PG,22.0,DEN,59.0,59.0,32.3,6.9,15.2,0.456,1.9,5.5,0.34600000000000003,5.0,9.7,0.519,0.519,2.8,3.1,0.8809999999999999,0.8,3.2,4.0,4.8,1.1,0.3,2.2,1.7,18.5,4444746
Džanan Musa,19-20,SF,20.0,BRK,40.0,0.0,12.2,1.6,4.3,0.37200000000000005,0.5,2.0,0.244,1.1,2.4,0.479,0.42700000000000005,1.1,1.5,0.75,0.5,1.6,2.2,1.1,0.4,0.0,0.9,0.8,4.8,1911600
Mike Muscala,19-20,C,28.0,OKC,47.0,2.0,12.2,1.6,4.0,0.40700000000000003,1.1,3.0,0.37799999999999995,0.5,1.0,0.5,0.55,0.4,0.5,0.818,0.3,2.0,2.3,0.9,0.2,0.3,0.4,1.2,4.8,2028594
Sviatoslav Mykhailiuk,19-20,SF,22.0,DET,56.0,27.0,22.6,3.0,7.2,0.41,2.1,5.1,0.40399999999999997,0.9,2.1,0.425,0.552,1.0,1.3,0.8140000000000001,0.3,1.6,1.9,1.9,0.7,0.1,1.1,1.6,9.0,1416852
Abdel Nader,19-20,SF,26.0,OKC,55.0,6.0,15.8,2.2,4.8,0.46799999999999997,0.9,2.3,0.375,1.4,2.5,0.556,0.5589999999999999,0.9,1.2,0.773,0.3,1.6,1.8,0.7,0.4,0.4,0.8,1.4,6.3,1618520
Shabazz Napier,19-20,PG,28.0,TOT,56.0,32.0,24.0,3.4,8.1,0.41200000000000003,1.4,4.3,0.317,2.0,3.9,0.519,0.496,2.3,2.7,0.8240000000000001,0.5,2.4,2.8,4.7,1.2,0.2,2.3,1.8,10.3,1882867
Raul Neto,19-20,PG,27.0,PHI,54.0,3.0,12.4,1.9,4.1,0.455,0.6,1.6,0.386,1.2,2.5,0.5,0.532,0.7,0.9,0.83,0.2,0.9,1.1,1.8,0.4,0.1,0.9,0.9,5.1,1737145
Malik Newman,19-20,SG,22.0,CLE,1.0,0.0,4.0,0.0,2.0,0.0,0.0,1.0,0.0,0.0,1.0,0.0,0.0,2.0,2.0,1.0,0.0,0.0,0.0,0.0,0.0,0.0,1.0,0.0,2.0,50752
Georges Niang,19-20,PF,26.0,UTA,66.0,1.0,14.0,2.1,4.9,0.43799999999999994,1.4,3.4,0.4,0.8,1.5,0.526,0.578,0.3,0.4,0.833,0.2,1.7,1.9,0.7,0.3,0.1,0.5,1.1,5.9,1678854
Joakim Noah,19-20,C,34.0,LAC,5.0,0.0,10.0,0.8,1.6,0.5,0.0,0.0,,0.8,1.6,0.5,0.5,1.2,1.6,0.75,1.0,2.2,3.2,1.4,0.2,0.2,1.2,1.8,2.8,6431666
Nerlens Noel,19-20,C,25.0,OKC,61.0,7.0,18.5,3.0,4.4,0.684,0.0,0.0,0.33299999999999996,3.0,4.4,0.688,0.6859999999999999,1.3,1.7,0.755,1.5,3.4,4.9,0.9,1.0,1.5,1.1,2.7,7.4,2028594
Zach Norvell,19-20,SG,22.0,TOT,5.0,0.0,8.2,0.6,2.4,0.25,0.6,1.6,0.375,0.0,0.8,0.0,0.375,0.2,0.2,1.0,0.0,1.2,1.2,0.6,0.4,0.0,0.6,0.8,2.0,50752
Jaylen Nowell,19-20,SG,20.0,MIN,15.0,0.0,10.1,1.3,3.5,0.358,0.2,1.7,0.115,1.1,1.8,0.593,0.387,1.1,1.1,0.941,0.2,0.7,0.9,1.3,0.2,0.1,0.2,0.7,3.8,1400000
Frank Ntilikina,19-20,PG,21.0,NYK,57.0,26.0,20.8,2.3,5.8,0.39299999999999996,0.8,2.4,0.321,1.5,3.4,0.444,0.45899999999999996,0.9,1.0,0.8640000000000001,0.4,1.7,2.1,3.0,0.9,0.3,1.2,2.5,6.3,4855800
Kendrick Nunn,19-20,SG,24.0,MIA,67.0,67.0,29.3,6.0,13.6,0.439,2.0,5.8,0.35,3.9,7.8,0.505,0.514,1.3,1.5,0.85,0.3,2.4,2.7,3.3,0.8,0.2,1.7,2.3,15.3,1416852
Jusuf Nurkić,19-20,C,25.0,POR,8.0,8.0,31.6,6.8,13.6,0.495,0.3,1.3,0.2,6.5,12.4,0.525,0.505,3.9,4.4,0.8859999999999999,2.9,7.4,10.3,4.0,1.4,2.0,2.4,4.9,17.6,12000000
David Nwaba,19-20,SF,27.0,BRK,20.0,0.0,13.4,1.9,3.6,0.521,0.6,1.4,0.429,1.3,2.2,0.581,0.606,0.9,1.4,0.667,0.4,1.9,2.3,0.4,0.6,0.6,0.4,1.6,5.2,1678854
Royce O'Neale,19-20,PF,26.0,UTA,71.0,62.0,28.9,2.2,5.1,0.433,1.3,3.4,0.377,0.9,1.7,0.545,0.5589999999999999,0.6,0.8,0.764,0.4,5.1,5.5,2.5,0.8,0.5,0.9,2.8,6.3,1618520
Kyle O'Quinn,19-20,C,29.0,PHI,29.0,2.0,10.8,1.4,2.9,0.494,0.2,0.9,0.259,1.2,2.0,0.603,0.535,0.4,0.7,0.55,1.2,2.8,4.0,1.8,0.2,0.8,0.7,1.3,3.5,2028594
Semi Ojeleye,19-20,PF,25.0,BOS,69.0,6.0,14.7,1.2,2.8,0.408,0.7,1.8,0.37799999999999995,0.5,1.0,0.46399999999999997,0.531,0.4,0.5,0.875,0.4,1.7,2.1,0.5,0.3,0.1,0.3,1.2,3.4,1618520
Jahlil Okafor,19-20,C,24.0,NOP,30.0,9.0,15.6,3.4,5.4,0.623,0.0,0.1,0.33299999999999996,3.3,5.3,0.629,0.627,1.3,2.1,0.645,1.6,2.6,4.2,1.2,0.2,0.7,1.3,2.2,8.1,1702486
Elie Okobo,19-20,PG,22.0,PHO,55.0,3.0,13.1,1.3,3.3,0.39799999999999996,0.5,1.3,0.35200000000000004,0.9,2.0,0.42700000000000005,0.467,0.9,1.3,0.7040000000000001,0.3,1.3,1.6,2.1,0.4,0.1,0.7,1.0,4.0,1416852
Josh Okogie,19-20,SG,21.0,MIN,62.0,28.0,25.0,2.7,6.4,0.42700000000000005,0.7,2.5,0.266,2.1,3.9,0.529,0.479,2.5,3.1,0.7959999999999999,1.4,2.9,4.3,1.6,1.1,0.4,1.4,2.2,8.6,2530680
KZ Okpala,19-20,SF,20.0,MIA,5.0,0.0,5.2,0.6,1.0,0.6,0.0,0.2,0.0,0.6,0.8,0.75,0.6,0.2,0.4,0.5,0.2,0.8,1.0,0.2,0.4,0.2,0.2,0.4,1.4,898310
Victor Oladipo,19-20,SG,27.0,IND,19.0,16.0,27.8,5.1,12.9,0.39399999999999996,1.7,5.5,0.317,3.4,7.5,0.451,0.461,2.5,3.1,0.8140000000000001,0.5,3.5,3.9,2.9,0.9,0.2,2.5,1.9,14.5,21000000
Kelly Olynyk,19-20,C,28.0,MIA,67.0,9.0,19.4,2.7,5.9,0.462,1.4,3.5,0.406,1.3,2.4,0.5429999999999999,0.5820000000000001,1.3,1.5,0.86,0.7,3.9,4.6,1.7,0.7,0.3,1.1,2.6,8.2,11667885
Miye Oni,19-20,SG,22.0,UTA,10.0,1.0,10.9,1.2,3.2,0.375,0.7,1.9,0.368,0.5,1.3,0.385,0.484,0.4,0.5,0.8,0.5,1.2,1.7,0.4,0.4,0.2,0.4,0.9,3.5,898310
Cedi Osman,19-20,SF,24.0,CLE,65.0,65.0,29.4,4.1,9.4,0.43700000000000006,1.9,4.9,0.38299999999999995,2.2,4.4,0.49700000000000005,0.5379999999999999,1.0,1.4,0.67,0.6,3.0,3.6,2.4,0.8,0.2,1.4,2.5,11.0,2907143
Jeremy Pargo,19-20,PG,33.0,GSW,3.0,0.0,14.7,3.7,7.3,0.5,1.0,2.3,0.429,2.7,5.0,0.5329999999999999,0.568,0.0,0.3,0.0,0.3,0.7,1.0,2.7,0.3,0.0,1.3,2.7,8.3,91557
Jabari Parker,19-20,PF,24.0,TOT,38.0,23.0,24.1,5.8,11.3,0.51,0.8,3.1,0.26899999999999996,4.9,8.2,0.603,0.5479999999999999,1.6,2.1,0.753,1.6,4.0,5.6,1.8,1.2,0.4,1.7,2.6,14.0,6500000
Chandler Parsons,19-20,SF,31.0,ATL,5.0,0.0,10.8,1.0,3.6,0.278,0.8,2.8,0.28600000000000003,0.2,0.8,0.25,0.389,0.0,0.0,,0.2,1.2,1.4,0.6,0.8,0.2,0.6,0.6,2.8,25102511
Eric Paschall,19-20,PF,23.0,GSW,60.0,26.0,27.6,5.3,10.7,0.49700000000000005,0.6,2.2,0.287,4.7,8.5,0.55,0.526,2.7,3.5,0.774,1.4,3.2,4.6,2.1,0.5,0.2,1.6,2.1,14.0,898310
Anžejs Pasečņiks,19-20,C,24.0,WAS,27.0,0.0,16.2,2.3,4.3,0.526,0.0,0.1,0.0,2.3,4.2,0.54,0.526,1.3,2.1,0.586,1.6,2.4,4.0,0.7,0.3,0.4,0.9,2.8,5.8,482144
Patrick Patterson,19-20,PF,30.0,LAC,59.0,18.0,13.2,1.6,3.9,0.408,1.1,2.9,0.39,0.5,1.0,0.45899999999999996,0.552,0.6,0.7,0.8140000000000001,0.6,2.0,2.6,0.7,0.1,0.1,0.4,0.9,4.9,2331593
Justin Patton,19-20,C,22.0,OKC,5.0,0.0,4.8,0.8,2.0,0.4,0.2,0.8,0.25,0.6,1.2,0.5,0.45,0.0,0.0,,0.2,0.8,1.0,0.4,0.0,0.0,0.4,0.8,1.8,1620564
Chris Paul,19-20,PG,34.0,OKC,70.0,70.0,31.5,6.2,12.7,0.489,1.6,4.3,0.365,4.6,8.3,0.5539999999999999,0.552,3.6,4.0,0.907,0.4,4.6,5.0,6.7,1.6,0.2,2.3,2.3,17.6,38506482
Cameron Payne,19-20,PG,25.0,PHO,8.0,0.0,22.9,4.1,8.5,0.485,1.9,3.6,0.517,2.3,4.9,0.462,0.596,0.8,0.9,0.857,0.5,3.4,3.9,3.0,1.0,0.3,1.4,2.5,10.9,196288
Elfrid Payton,19-20,PG,25.0,NYK,45.0,36.0,27.7,4.3,9.8,0.439,0.3,1.5,0.203,4.0,8.2,0.48200000000000004,0.455,1.1,1.9,0.57,1.2,3.6,4.7,7.2,1.6,0.4,2.1,2.0,10.0,8000000
Norvel Pelle,19-20,C,26.0,PHI,24.0,0.0,9.7,1.0,2.0,0.521,0.0,0.0,0.0,1.0,2.0,0.532,0.521,0.3,0.6,0.5,0.8,2.2,3.0,0.3,0.1,1.3,0.8,2.3,2.4,350189
Theo Pinson,19-20,SG,24.0,BRK,33.0,0.0,11.1,1.4,4.7,0.29,0.5,2.4,0.188,0.9,2.3,0.4,0.33899999999999997,0.5,0.5,0.938,0.3,1.3,1.6,1.7,0.5,0.1,1.0,1.1,3.6,1445697
Mason Plumlee,19-20,C,29.0,DEN,61.0,1.0,17.3,2.9,4.7,0.615,0.0,0.1,0.0,2.9,4.6,0.625,0.615,1.4,2.5,0.535,1.6,3.6,5.2,2.5,0.5,0.6,1.3,2.3,7.2,14041096
Jakob Poeltl,19-20,C,24.0,SAS,66.0,18.0,17.7,2.5,4.0,0.624,0.0,0.0,,2.5,4.0,0.624,0.624,0.6,1.3,0.465,2.0,3.7,5.7,1.8,0.6,1.4,0.8,1.9,5.6,3754886
Vincent Poirier,19-20,C,26.0,BOS,22.0,0.0,5.9,0.8,1.6,0.47200000000000003,0.0,0.1,0.5,0.7,1.5,0.47100000000000003,0.486,0.3,0.3,0.857,0.6,1.4,2.0,0.4,0.1,0.4,0.4,1.1,1.9,2505793
Jordan Poole,19-20,SG,20.0,GSW,57.0,14.0,22.4,2.9,8.8,0.33299999999999996,1.3,4.6,0.27899999999999997,1.6,4.2,0.392,0.406,1.7,2.1,0.7979999999999999,0.2,1.9,2.1,2.4,0.6,0.2,1.3,1.6,8.8,1964760
Otto Porter,19-20,SF,26.0,CHI,14.0,9.0,23.6,4.4,10.0,0.44299999999999995,1.7,4.4,0.387,2.7,5.6,0.48700000000000004,0.529,1.4,1.9,0.7040000000000001,0.9,2.5,3.4,1.8,1.1,0.4,0.8,2.2,11.9,27250576
Bobby Portis,19-20,C,24.0,NYK,66.0,5.0,21.1,4.0,8.9,0.45,1.0,2.8,0.358,3.0,6.1,0.493,0.507,1.1,1.4,0.763,1.2,3.9,5.1,1.5,0.5,0.3,1.1,1.7,10.1,15000000
Kristaps Porziņģis,19-20,PF,24.0,DAL,57.0,57.0,31.8,7.0,16.4,0.42700000000000005,2.5,7.1,0.35200000000000004,4.5,9.3,0.484,0.503,4.0,5.0,0.799,1.8,7.7,9.5,1.8,0.7,2.0,1.6,3.2,20.4,27285000
Dwight Powell,19-20,C,28.0,DAL,40.0,37.0,26.5,3.7,5.7,0.638,0.3,1.0,0.256,3.4,4.8,0.716,0.659,1.9,2.8,0.667,1.9,3.8,5.7,1.5,0.9,0.6,0.9,2.6,9.4,10259375
Norman Powell,19-20,SG,26.0,TOR,52.0,26.0,28.4,5.7,11.5,0.495,2.1,5.3,0.39899999999999997,3.6,6.3,0.575,0.586,2.5,2.9,0.843,0.5,3.2,3.7,1.8,1.2,0.4,1.5,2.1,16.0,10116576
Chasson Randle,19-20,PG,26.0,GSW,3.0,0.0,13.3,0.0,1.3,0.0,0.0,0.7,0.0,0.0,0.7,0.0,0.0,1.7,2.0,0.833,0.0,0.7,0.7,1.7,0.7,0.0,0.0,1.0,1.7,91557
Julius Randle,19-20,PF,25.0,NYK,64.0,64.0,32.5,7.2,15.7,0.46,1.0,3.6,0.27699999999999997,6.2,12.1,0.515,0.49200000000000005,4.0,5.5,0.733,2.4,7.4,9.7,3.1,0.8,0.3,3.0,2.8,19.5,18000000
Cam Reddish,19-20,SF,20.0,ATL,58.0,34.0,26.7,3.7,9.6,0.384,1.4,4.3,0.332,2.2,5.2,0.428,0.45899999999999996,1.7,2.2,0.802,0.6,3.1,3.7,1.5,1.1,0.5,1.7,2.3,10.5,4245720
J.J. Redick,19-20,SG,35.0,NOP,60.0,36.0,26.4,4.8,10.5,0.45299999999999996,3.0,6.6,0.45299999999999996,1.8,3.9,0.45299999999999996,0.596,2.8,3.1,0.892,0.2,2.4,2.5,2.0,0.3,0.2,1.3,1.6,15.3,13486300
Naz Reid,19-20,C,20.0,MIN,30.0,11.0,16.5,3.3,8.1,0.41200000000000003,1.1,3.2,0.33,2.3,4.9,0.466,0.47700000000000004,1.2,1.8,0.698,1.1,3.0,4.1,1.2,0.6,0.7,0.7,2.8,9.0,898310
Josh Richardson,19-20,SG,26.0,PHI,55.0,53.0,30.8,5.1,11.7,0.43,1.5,4.5,0.341,3.5,7.2,0.486,0.496,2.1,2.6,0.809,0.7,2.4,3.2,2.9,0.9,0.7,1.9,2.5,13.7,10100000
Austin Rivers,19-20,SG,27.0,HOU,68.0,4.0,23.4,3.1,7.4,0.42100000000000004,1.4,4.0,0.35600000000000004,1.7,3.4,0.498,0.517,1.1,1.6,0.703,0.4,2.2,2.6,1.7,0.7,0.1,0.7,1.9,8.8,2174318
Andre Roberson,19-20,SG,28.0,OKC,7.0,0.0,12.4,1.1,4.1,0.276,0.4,2.0,0.214,0.7,2.1,0.33299999999999996,0.32799999999999996,0.1,0.3,0.5,1.0,2.9,3.9,0.6,0.1,0.4,0.3,1.9,2.9,10740741
Duncan Robinson,19-20,SF,25.0,MIA,73.0,68.0,29.7,4.4,9.4,0.47,3.7,8.3,0.446,0.7,1.1,0.654,0.667,0.9,1.0,0.9309999999999999,0.1,3.0,3.2,1.4,0.5,0.3,1.0,2.6,13.5,1416852
Jerome Robinson,19-20,SG,22.0,TOT,63.0,6.0,15.5,1.8,4.9,0.371,0.8,2.4,0.32,1.0,2.5,0.42,0.45,0.6,0.9,0.7020000000000001,0.2,1.8,2.0,1.4,0.4,0.3,0.8,1.8,5.1,3567720
Justin Robinson,19-20,PG,22.0,WAS,9.0,0.0,5.4,0.6,1.3,0.41700000000000004,0.3,0.6,0.6,0.2,0.8,0.28600000000000003,0.542,0.0,0.0,,0.1,0.4,0.6,0.8,0.0,0.1,0.3,0.2,1.4,395866
Mitchell Robinson,19-20,C,21.0,NYK,61.0,7.0,23.1,4.1,5.6,0.742,0.0,0.0,,4.1,5.6,0.742,0.742,1.4,2.4,0.568,3.0,4.0,7.0,0.6,0.9,2.0,0.6,3.2,9.7,1559712
Isaiah Roby,19-20,SF,21.0,OKC,3.0,0.0,3.7,0.0,0.3,0.0,0.0,0.0,,0.0,0.3,0.0,0.0,0.0,0.0,,0.0,0.7,0.7,0.0,0.0,0.0,0.3,0.3,0.0,1500000
Rajon Rondo,19-20,PG,33.0,LAL,48.0,3.0,20.5,2.9,6.8,0.418,0.9,2.6,0.32799999999999996,2.0,4.2,0.473,0.48,0.6,0.9,0.659,0.5,2.5,3.0,5.0,0.8,0.0,1.9,1.2,7.1,2564753
Derrick Rose,19-20,PG,31.0,DET,50.0,15.0,26.0,7.4,15.1,0.49,0.9,2.9,0.306,6.5,12.1,0.535,0.52,2.4,2.8,0.871,0.5,1.9,2.4,5.6,0.8,0.3,2.5,1.0,18.1,7317073
Terrence Ross,19-20,SG,28.0,ORL,69.0,0.0,27.4,4.9,12.3,0.40299999999999997,2.6,7.3,0.35100000000000003,2.4,5.0,0.48,0.508,2.3,2.7,0.853,0.2,3.0,3.2,1.2,1.1,0.3,1.0,1.6,14.7,12500000
Terry Rozier,19-20,PG,25.0,CHO,63.0,63.0,34.3,6.3,14.9,0.423,2.7,6.7,0.40700000000000003,3.6,8.2,0.436,0.514,2.6,3.0,0.8740000000000001,0.8,3.6,4.4,4.1,1.0,0.2,2.2,2.0,18.0,19894737
Ricky Rubio,19-20,PG,29.0,PHO,65.0,65.0,31.0,4.4,10.6,0.415,1.2,3.3,0.361,3.2,7.3,0.439,0.47100000000000003,3.0,3.5,0.863,0.7,4.0,4.7,8.8,1.4,0.2,2.7,2.6,13.0,16190476
D'Angelo Russell,19-20,PG,23.0,TOT,45.0,45.0,32.3,8.0,18.8,0.426,3.5,9.6,0.36700000000000005,4.5,9.2,0.48700000000000004,0.519,3.6,4.4,0.809,0.4,3.6,3.9,6.3,1.1,0.3,3.3,1.9,23.1,27285000
Domantas Sabonis,19-20,C,23.0,IND,62.0,62.0,34.8,7.4,13.7,0.54,0.3,1.1,0.254,7.1,12.6,0.565,0.55,3.5,4.8,0.723,3.0,9.4,12.4,5.0,0.8,0.5,2.7,3.1,18.5,3529555
Luka Šamanić,19-20,PF,20.0,SAS,3.0,1.0,16.0,1.7,5.3,0.313,1.0,2.7,0.375,0.7,2.7,0.25,0.406,1.0,1.3,0.75,0.3,3.0,3.3,2.0,0.0,0.7,0.7,2.0,5.3,2689920
JaKarr Sampson,19-20,SF,26.0,IND,34.0,12.0,13.9,2.0,3.4,0.591,0.1,0.4,0.154,1.9,3.0,0.647,0.6,0.5,0.8,0.667,0.6,2.0,2.6,0.6,0.5,0.4,0.4,1.9,4.6,1737145
Dario Šarić,19-20,PF,25.0,PHO,66.0,51.0,24.7,3.9,8.2,0.47600000000000003,1.3,3.6,0.35700000000000004,2.6,4.6,0.568,0.5539999999999999,1.6,1.9,0.8440000000000001,1.5,4.6,6.2,1.9,0.6,0.2,1.3,2.4,10.7,3481986
Tomáš Satoranský,19-20,PG,28.0,CHI,65.0,64.0,28.9,3.6,8.5,0.43,1.0,3.1,0.322,2.7,5.4,0.491,0.488,1.6,1.9,0.8759999999999999,1.2,2.7,3.9,5.4,1.2,0.1,2.0,2.1,9.9,10000000
Admiral Schofield,19-20,SF,22.0,WAS,33.0,2.0,11.2,1.1,2.8,0.38,0.6,1.8,0.311,0.5,0.9,0.516,0.484,0.3,0.5,0.667,0.2,1.2,1.4,0.5,0.2,0.1,0.2,1.5,3.0,898310
Dennis Schröder,19-20,PG,26.0,OKC,65.0,2.0,30.8,7.0,14.8,0.469,1.9,5.0,0.385,5.0,9.8,0.513,0.534,3.0,3.6,0.8390000000000001,0.3,3.3,3.6,4.0,0.7,0.2,2.6,2.2,18.9,15500000
Mike Scott,19-20,PF,31.0,PHI,68.0,11.0,17.8,2.2,5.1,0.426,1.2,3.2,0.369,1.0,2.0,0.519,0.54,0.4,0.5,0.8109999999999999,1.0,2.7,3.6,0.8,0.3,0.1,0.4,1.4,6.0,4767000
Thabo Sefolosha,19-20,PF,35.0,HOU,41.0,0.0,10.6,0.9,2.2,0.40700000000000003,0.4,1.3,0.278,0.5,0.9,0.595,0.489,0.1,0.2,0.375,0.5,1.8,2.3,0.6,0.6,0.3,0.4,1.0,2.2,2564753
Collin Sexton,19-20,SG,21.0,CLE,65.0,65.0,33.0,7.9,16.7,0.47200000000000003,1.5,3.9,0.38,6.4,12.8,0.501,0.517,3.5,4.1,0.846,0.9,2.2,3.1,3.0,1.0,0.1,2.4,2.2,20.8,4764960
Landry Shamet,19-20,SG,22.0,LAC,53.0,30.0,27.4,3.0,7.4,0.40399999999999997,2.1,5.6,0.375,0.9,1.8,0.495,0.546,1.2,1.4,0.855,0.1,1.8,1.9,1.9,0.4,0.2,0.8,2.7,9.3,1995120
Iman Shumpert,19-20,SG,29.0,BRK,13.0,0.0,18.5,1.6,4.9,0.32799999999999996,0.6,2.5,0.242,1.0,2.4,0.419,0.391,0.3,0.5,0.5710000000000001,0.7,1.9,2.6,0.9,0.9,0.2,0.8,1.6,4.2,419443
Pascal Siakam,19-20,PF,25.0,TOR,60.0,60.0,35.2,8.3,18.4,0.45299999999999996,2.2,6.1,0.359,6.2,12.3,0.499,0.512,4.0,5.1,0.792,1.1,6.3,7.3,3.5,1.0,0.9,2.5,2.8,22.9,2351839
Chris Silva,19-20,PF,23.0,MIA,44.0,0.0,7.9,1.1,1.8,0.615,0.0,0.1,0.0,1.1,1.7,0.64,0.615,0.8,1.3,0.6729999999999999,1.4,1.5,2.9,0.5,0.2,0.5,0.7,1.9,3.0,466918
Ben Simmons,19-20,PG,23.0,PHI,57.0,57.0,35.4,6.6,11.4,0.58,0.0,0.1,0.28600000000000003,6.5,11.2,0.583,0.581,3.2,5.2,0.621,2.0,5.8,7.8,8.0,2.1,0.6,3.5,3.3,16.4,8113930
Anfernee Simons,19-20,SG,20.0,POR,70.0,4.0,20.7,3.1,7.7,0.39899999999999997,1.1,3.2,0.332,2.0,4.4,0.44799999999999995,0.469,1.1,1.3,0.826,0.4,1.8,2.2,1.4,0.4,0.1,0.9,1.9,8.3,2149560
Alen Smailagić,19-20,PF,19.0,GSW,14.0,0.0,9.9,1.4,2.9,0.5,0.2,0.9,0.231,1.2,1.9,0.63,0.5379999999999999,1.1,1.4,0.8420000000000001,0.7,1.2,1.9,0.9,0.2,0.3,0.8,1.0,4.2,898310
Marcus Smart,19-20,SG,25.0,BOS,60.0,40.0,32.0,4.3,11.4,0.375,2.3,6.6,0.34700000000000003,2.0,4.8,0.415,0.47600000000000003,2.1,2.5,0.836,0.7,3.1,3.8,4.9,1.7,0.5,1.7,2.7,12.9,12553471
Ish Smith,19-20,PG,31.0,WAS,68.0,23.0,26.3,4.5,10.1,0.447,0.9,2.5,0.36700000000000005,3.6,7.6,0.473,0.49200000000000005,0.9,1.3,0.721,0.4,2.8,3.2,4.9,0.9,0.4,1.4,1.6,10.9,5853659
J.R. Smith,19-20,SG,34.0,LAL,6.0,0.0,13.2,1.2,3.7,0.318,0.2,1.8,0.091,1.0,1.8,0.545,0.341,0.3,0.3,1.0,0.0,0.8,0.8,0.5,0.2,0.0,0.7,0.8,2.8,1456667
Zhaire Smith,19-20,SG,20.0,PHI,7.0,0.0,4.6,0.4,1.6,0.273,0.0,0.4,0.0,0.4,1.1,0.375,0.273,0.3,0.6,0.5,0.0,0.3,0.3,0.3,0.4,0.0,0.3,0.6,1.1,3058800
Tony Snell,19-20,SF,28.0,DET,59.0,57.0,27.8,2.9,6.5,0.445,1.7,4.3,0.402,1.2,2.2,0.531,0.579,0.5,0.5,1.0,0.2,1.7,1.9,2.2,0.5,0.3,0.5,1.7,8.0,11392857
Omari Spellman,19-20,PF,22.0,GSW,49.0,3.0,18.1,2.6,6.0,0.431,0.9,2.2,0.391,1.7,3.8,0.45399999999999996,0.503,1.5,1.9,0.7929999999999999,1.6,2.9,4.5,1.0,0.7,0.5,1.1,1.3,7.6,1897800
Max Strus,19-20,SG,23.0,CHI,2.0,0.0,3.0,1.0,1.5,0.667,0.0,0.5,0.0,1.0,1.0,1.0,0.667,0.5,0.5,1.0,0.5,0.0,0.5,0.0,0.0,0.0,0.0,0.5,2.5,415414
Edmond Sumner,19-20,PG,24.0,IND,31.0,3.0,14.4,2.0,4.6,0.43,0.5,1.7,0.264,1.5,2.9,0.528,0.479,0.5,0.9,0.552,0.4,1.1,1.5,1.8,0.5,0.3,0.7,1.4,4.9,2000000
Caleb Swanigan,19-20,PF,22.0,TOT,27.0,1.0,10.7,1.0,1.7,0.596,0.0,0.1,0.0,1.0,1.7,0.622,0.596,0.3,0.6,0.529,1.0,2.7,3.7,1.1,0.1,0.3,1.4,2.3,2.4,2033160
Jayson Tatum,19-20,PF,21.0,BOS,66.0,66.0,34.3,8.4,18.6,0.45,2.9,7.1,0.40299999999999997,5.5,11.5,0.48,0.527,3.8,4.7,0.812,1.0,6.0,7.0,3.0,1.4,0.9,2.3,2.1,23.4,7830000
Jeff Teague,19-20,PG,31.0,TOT,59.0,17.0,24.8,3.6,8.3,0.436,0.7,2.0,0.368,2.9,6.3,0.457,0.48,2.9,3.3,0.873,0.5,1.9,2.4,5.2,0.7,0.3,2.0,1.8,10.9,19000000
Garrett Temple,19-20,SG,33.0,BRK,62.0,35.0,27.9,3.6,9.5,0.37799999999999995,2.0,6.2,0.32899999999999996,1.5,3.2,0.473,0.486,1.1,1.4,0.805,0.5,3.0,3.5,2.5,0.8,0.5,1.0,1.7,10.3,4767000
Daniel Theis,19-20,C,27.0,BOS,65.0,64.0,24.1,3.7,6.6,0.5660000000000001,0.5,1.5,0.33299999999999996,3.2,5.1,0.633,0.603,1.3,1.8,0.763,2.2,4.4,6.6,1.7,0.6,1.3,0.8,3.4,9.2,5000000
Isaiah Thomas,19-20,PG,30.0,WAS,40.0,37.0,23.1,4.4,10.7,0.408,2.0,4.7,0.413,2.4,5.9,0.405,0.5,1.6,1.9,0.816,0.3,1.4,1.7,3.7,0.3,0.2,1.9,1.9,12.2,2320044
Khyri Thomas,19-20,SG,23.0,DET,8.0,0.0,7.6,0.6,2.1,0.294,0.6,1.8,0.35700000000000004,0.0,0.4,0.0,0.441,0.3,0.5,0.5,0.1,0.0,0.1,0.4,0.4,0.0,0.4,1.1,2.1,838464
Lance Thomas,19-20,SF,31.0,BRK,7.0,4.0,14.0,1.1,3.3,0.348,0.6,1.9,0.308,0.6,1.4,0.4,0.435,0.6,0.6,1.0,0.3,1.6,1.9,0.9,0.0,0.0,0.9,1.6,3.4,262152
Matt Thomas,19-20,SG,25.0,TOR,41.0,1.0,10.7,1.8,3.7,0.48700000000000004,1.1,2.4,0.475,0.6,1.2,0.51,0.643,0.2,0.3,0.75,0.2,1.3,1.5,0.5,0.2,0.0,0.4,0.9,4.9,898310
Tristan Thompson,19-20,C,28.0,CLE,57.0,51.0,30.2,5.1,9.9,0.512,0.2,0.4,0.391,4.9,9.5,0.518,0.52,1.7,2.8,0.615,4.0,6.2,10.1,2.1,0.6,0.9,1.8,2.2,12.0,18539130
Sindarius Thornwell,19-20,SG,25.0,NOP,2.0,0.0,17.5,3.0,5.5,0.545,1.0,2.0,0.5,2.0,3.5,0.5710000000000001,0.636,1.0,2.0,0.5,0.0,2.0,2.0,2.0,0.5,0.5,1.0,1.0,8.0,183115
Matisse Thybulle,19-20,SG,22.0,PHI,65.0,14.0,19.8,1.7,4.1,0.423,0.9,2.4,0.35700000000000004,0.9,1.7,0.519,0.528,0.4,0.6,0.61,0.7,1.0,1.6,1.2,1.4,0.7,0.8,2.2,4.7,2582160
Anthony Tolliver,19-20,PF,34.0,TOT,55.0,13.0,15.9,1.2,3.3,0.35700000000000004,0.9,2.6,0.33799999999999997,0.3,0.7,0.43200000000000005,0.49200000000000005,0.4,0.5,0.7240000000000001,0.6,2.2,2.8,0.8,0.3,0.2,0.6,1.3,3.6,2419852
Juan Toscano-Anderson,19-20,SF,26.0,GSW,13.0,6.0,20.9,2.2,4.8,0.46,0.6,1.8,0.348,1.6,3.1,0.525,0.524,0.2,0.4,0.6,0.7,3.3,4.0,2.0,1.0,0.4,1.2,2.3,5.3,350189
Karl-Anthony Towns,19-20,C,24.0,MIN,35.0,35.0,33.9,9.0,17.8,0.508,3.3,7.9,0.41200000000000003,5.8,9.9,0.586,0.6,5.1,6.5,0.7959999999999999,2.7,8.1,10.8,4.4,0.9,1.2,3.1,3.3,26.5,27250000
Allonzo Trier,19-20,PG,24.0,NYK,24.0,1.0,12.1,2.1,4.4,0.48100000000000004,0.8,2.2,0.358,1.3,2.2,0.604,0.5710000000000001,1.4,1.8,0.7909999999999999,0.3,1.0,1.2,1.2,0.1,0.2,0.9,1.2,6.5,3551100
P.J. Tucker,19-20,PF,34.0,HOU,72.0,72.0,34.3,2.5,5.9,0.415,1.5,4.2,0.358,1.0,1.8,0.551,0.541,0.5,0.7,0.813,1.6,5.1,6.6,1.6,1.1,0.5,1.0,3.2,6.9,8349039
Rayjon Tucker,19-20,SG,22.0,UTA,20.0,0.0,8.1,1.0,2.2,0.465,0.2,0.9,0.17600000000000002,0.9,1.3,0.654,0.5,1.0,1.2,0.826,0.2,0.9,1.0,0.3,0.1,0.1,0.4,0.5,3.1,578573
Evan Turner,19-20,PG,31.0,ATL,19.0,0.0,13.2,1.3,3.5,0.373,0.0,0.3,0.0,1.3,3.3,0.40299999999999997,0.373,0.6,0.7,0.857,0.4,1.6,2.0,2.0,0.5,0.4,1.4,1.1,3.3,18606557
Myles Turner,19-20,C,23.0,IND,62.0,62.0,29.5,4.3,9.5,0.457,1.4,4.0,0.344,2.9,5.4,0.54,0.53,2.0,2.7,0.7509999999999999,1.4,5.2,6.6,1.2,0.7,2.1,1.4,2.7,12.1,18000000
Jarrod Uthoff,19-20,SF,26.0,TOT,7.0,0.0,7.6,1.0,2.6,0.389,0.4,1.3,0.33299999999999996,0.6,1.3,0.444,0.47200000000000003,0.3,0.3,1.0,0.3,0.6,0.9,0.0,0.1,0.0,0.0,0.3,2.7,163356
Jonas Valančiūnas,19-20,C,27.0,MEM,70.0,70.0,26.4,6.2,10.6,0.585,0.5,1.3,0.35200000000000004,5.7,9.3,0.617,0.606,2.1,2.9,0.74,3.0,8.2,11.3,1.9,0.4,1.1,1.8,2.6,14.9,16000000
Denzel Valentine,19-20,SF,26.0,CHI,36.0,5.0,13.6,2.7,6.6,0.409,1.3,3.8,0.336,1.4,2.8,0.51,0.506,0.2,0.2,0.75,0.3,1.8,2.1,1.2,0.7,0.2,0.7,1.4,6.8,3377569
Jarred Vanderbilt,19-20,SF-PF,20.0,TOT,11.0,0.0,4.2,0.5,0.7,0.625,0.0,0.1,0.0,0.5,0.6,0.7140000000000001,0.625,0.2,0.2,1.0,0.3,0.5,0.8,0.2,0.3,0.1,0.6,0.5,1.1,1416852
Fred VanVleet,19-20,PG,25.0,TOR,54.0,54.0,35.7,5.9,14.3,0.413,2.7,6.9,0.39,3.2,7.4,0.434,0.507,3.1,3.7,0.848,0.3,3.4,3.8,6.6,1.9,0.3,2.2,2.4,17.6,9000000
Noah Vonleh,19-20,C-PF,24.0,TOT,36.0,1.0,10.5,1.4,2.6,0.565,0.1,0.4,0.2,1.4,2.1,0.636,0.5820000000000001,0.7,0.9,0.7809999999999999,1.0,2.4,3.4,0.8,0.3,0.2,0.6,1.1,3.7,2000000
Nikola Vučević,19-20,C,29.0,ORL,62.0,62.0,32.2,8.0,16.7,0.47700000000000004,1.6,4.7,0.33899999999999997,6.4,12.0,0.531,0.525,2.1,2.7,0.784,2.3,8.6,10.9,3.6,0.9,0.8,1.4,2.2,19.6,28000000
Dean Wade,19-20,PF,23.0,CLE,12.0,0.0,5.9,0.8,1.1,0.6920000000000001,0.2,0.3,0.5,0.6,0.8,0.778,0.769,0.0,0.1,0.0,0.3,1.3,1.6,0.2,0.2,0.3,0.3,0.7,1.7,375000
Moritz Wagner,19-20,C,22.0,WAS,45.0,5.0,18.6,3.2,5.9,0.545,0.6,1.8,0.313,2.7,4.1,0.645,0.5920000000000001,1.7,2.1,0.821,1.2,3.6,4.9,1.2,0.6,0.4,1.5,3.4,8.7,2063520
Dion Waiters,19-20,SG,28.0,TOT,10.0,0.0,20.7,4.1,9.9,0.414,1.5,4.7,0.319,2.6,5.2,0.5,0.49,1.4,1.7,0.8240000000000001,0.2,2.2,2.4,2.0,0.4,0.6,1.6,2.1,11.1,12100000
Kemba Walker,19-20,PG,29.0,BOS,56.0,56.0,31.1,6.8,15.9,0.425,3.2,8.4,0.381,3.5,7.4,0.47600000000000003,0.526,3.7,4.3,0.8640000000000001,0.6,3.2,3.9,4.8,0.9,0.5,2.1,1.6,20.4,32742000
Lonnie Walker,19-20,SG,21.0,SAS,61.0,12.0,16.2,2.5,5.9,0.426,0.7,1.7,0.406,1.8,4.2,0.434,0.483,0.7,1.0,0.721,0.4,1.9,2.3,1.1,0.5,0.2,0.7,1.3,6.4,2760480
Derrick Walton,19-20,PG,24.0,TOT,26.0,1.0,9.5,0.7,1.5,0.462,0.4,0.9,0.41700000000000004,0.3,0.6,0.5329999999999999,0.59,0.3,0.3,0.778,0.1,0.5,0.6,1.0,0.3,0.0,0.2,0.8,2.0,1445697
Brad Wanamaker,19-20,PG,30.0,BOS,71.0,1.0,19.3,2.3,5.1,0.44799999999999995,0.5,1.4,0.363,1.8,3.7,0.48100000000000004,0.499,1.8,1.9,0.9259999999999999,0.3,1.7,2.0,2.5,0.9,0.2,1.1,1.9,6.9,1445697
T.J. Warren,19-20,SF,26.0,IND,67.0,67.0,32.9,8.0,14.9,0.536,1.4,3.4,0.40299999999999997,6.6,11.5,0.575,0.581,2.5,3.0,0.8190000000000001,1.0,3.2,4.2,1.5,1.2,0.5,1.3,2.8,19.8,10810000
P.J. Washington,19-20,PF,21.0,CHO,58.0,57.0,30.3,4.6,10.2,0.455,1.5,4.0,0.374,3.1,6.2,0.507,0.528,1.5,2.3,0.647,1.0,4.4,5.4,2.1,0.9,0.8,1.6,2.7,12.2,3831840
Paul Watson,19-20,SF-SG,25.0,TOT,10.0,0.0,8.7,1.0,2.6,0.385,0.4,1.2,0.33299999999999996,0.6,1.4,0.429,0.462,0.7,0.9,0.778,0.2,1.5,1.7,0.8,0.4,0.1,0.3,0.5,3.1,50752
Russell Westbrook,19-20,PG,31.0,HOU,57.0,57.0,35.9,10.6,22.5,0.47200000000000003,1.0,3.7,0.258,9.6,18.7,0.514,0.493,5.1,6.7,0.763,1.8,6.2,7.9,7.0,1.6,0.4,4.5,3.5,27.2,38178000
Coby White,19-20,SG,19.0,CHI,65.0,1.0,25.8,4.8,12.2,0.39399999999999996,2.0,5.8,0.354,2.8,6.4,0.43,0.478,1.6,2.0,0.7909999999999999,0.4,3.1,3.5,2.7,0.8,0.1,1.7,1.8,13.2,5307120
Derrick White,19-20,SG,25.0,SAS,68.0,20.0,24.7,3.7,8.1,0.45799999999999996,1.2,3.2,0.366,2.6,4.9,0.518,0.53,2.6,3.1,0.853,0.5,2.8,3.3,3.5,0.6,0.9,1.3,2.2,11.3,1948080
Hassan Whiteside,19-20,C,30.0,POR,67.0,61.0,30.0,6.5,10.5,0.621,0.1,0.1,0.5710000000000001,6.4,10.4,0.622,0.624,2.4,3.6,0.6859999999999999,3.9,9.7,13.5,1.2,0.4,2.9,1.8,2.9,15.5,27093018
Andrew Wiggins,19-20,SF-SG,24.0,TOT,54.0,54.0,34.4,8.1,18.1,0.447,2.1,6.2,0.332,6.0,11.9,0.506,0.504,3.5,5.0,0.7090000000000001,1.2,3.9,5.1,3.7,0.8,1.0,2.4,2.4,21.8,27504630
Grant Williams,19-20,PF,21.0,BOS,69.0,5.0,15.1,1.3,3.1,0.41200000000000003,0.3,1.4,0.25,0.9,1.7,0.5479999999999999,0.469,0.6,0.8,0.722,0.9,1.7,2.6,1.0,0.4,0.5,0.7,2.4,3.4,2379840
Johnathan Williams,19-20,C,24.0,WAS,15.0,6.0,12.0,1.3,2.3,0.5589999999999999,0.0,0.1,0.0,1.3,2.1,0.594,0.5589999999999999,0.5,0.9,0.5379999999999999,1.6,2.7,4.3,0.5,0.1,0.5,0.3,1.1,3.0,106181
Kenrich Williams,19-20,PF,25.0,NOP,39.0,18.0,21.3,1.3,3.8,0.34700000000000003,0.6,2.5,0.258,0.7,1.3,0.52,0.43200000000000005,0.2,0.7,0.34600000000000003,1.3,3.5,4.8,1.5,0.7,0.5,0.6,2.3,3.5,1416852
Lou Williams,19-20,SG,33.0,LAC,65.0,8.0,28.7,6.0,14.4,0.418,1.7,4.8,0.35200000000000004,4.3,9.6,0.451,0.47700000000000004,4.5,5.2,0.861,0.5,2.6,3.1,5.6,0.7,0.2,2.8,1.2,18.2,8000000
Marvin Williams,19-20,PF,33.0,TOT,58.0,1.0,19.5,2.1,4.6,0.446,1.0,2.7,0.359,1.1,1.9,0.568,0.551,0.8,1.0,0.86,0.5,2.6,3.2,1.0,0.6,0.5,0.6,1.8,5.9,15006250
Robert Williams,19-20,C,22.0,BOS,29.0,1.0,13.4,2.2,3.0,0.727,0.0,0.0,,2.2,3.0,0.727,0.727,0.8,1.2,0.647,1.4,3.0,4.4,0.9,0.8,1.2,0.7,1.8,5.2,1937520
Nigel Williams-Goss,19-20,PG,25.0,UTA,10.0,0.0,5.0,0.5,1.6,0.313,0.2,0.7,0.28600000000000003,0.3,0.9,0.33299999999999996,0.375,0.2,0.2,1.0,0.2,0.4,0.6,0.6,0.3,0.1,0.3,0.6,1.4,1500000
Zion Williamson,19-20,PF,19.0,NOP,24.0,24.0,27.8,8.8,15.0,0.583,0.3,0.6,0.429,8.5,14.4,0.59,0.5920000000000001,4.8,7.4,0.64,2.7,3.6,6.3,2.1,0.7,0.4,2.5,1.8,22.5,9757440
D.J. Wilson,19-20,PF,23.0,MIL,37.0,1.0,9.8,1.4,3.6,0.39399999999999996,0.5,2.0,0.247,0.9,1.6,0.5760000000000001,0.462,0.3,0.5,0.611,0.3,2.2,2.5,0.7,0.1,0.1,0.5,0.9,3.6,2961120
Justise Winslow,19-20,SF,23.0,MIA,11.0,5.0,32.0,4.5,11.7,0.38799999999999996,0.5,2.5,0.222,4.0,9.3,0.431,0.41100000000000003,1.6,2.5,0.667,1.5,5.2,6.6,4.0,0.6,0.5,2.2,3.5,11.3,13000000
Christian Wood,19-20,PF,24.0,DET,62.0,12.0,21.4,4.6,8.2,0.5670000000000001,0.9,2.3,0.386,3.8,5.9,0.636,0.62,2.9,3.9,0.7440000000000001,1.7,4.6,6.3,1.0,0.5,0.9,1.4,1.6,13.1,1645357
Delon Wright,19-20,SG,27.0,DAL,73.0,5.0,21.5,2.6,5.6,0.462,0.6,1.7,0.37,2.0,3.9,0.504,0.519,1.1,1.4,0.77,1.0,2.9,3.8,3.3,1.2,0.3,1.0,1.3,6.9,9473684
Thaddeus Young,19-20,PF,31.0,CHI,64.0,16.0,24.9,4.2,9.4,0.44799999999999995,1.2,3.5,0.35600000000000004,3.0,5.9,0.501,0.513,0.7,1.1,0.583,1.5,3.5,4.9,1.8,1.4,0.4,1.6,2.1,10.3,12900000
Trae Young,19-20,PG,21.0,ATL,60.0,60.0,35.3,9.1,20.8,0.43700000000000006,3.4,9.5,0.361,5.7,11.4,0.501,0.519,8.0,9.3,0.86,0.5,3.7,4.3,9.3,1.1,0.1,4.8,1.7,29.6,6273000
Cody Zeller,19-20,C,27.0,CHO,58.0,39.0,23.1,4.3,8.3,0.524,0.3,1.3,0.24,4.0,7.0,0.5770000000000001,0.5429999999999999,2.1,3.1,0.682,2.8,4.3,7.1,1.5,0.7,0.4,1.3,2.4,11.1,14471910
Tyler Zeller,19-20,C,30.0,SAS,2.0,0.0,2.0,0.5,2.0,0.25,0.0,0.0,,0.5,2.0,0.25,0.25,0.0,0.0,,1.5,0.5,2.0,0.0,0.0,0.0,0.0,0.0,1.0,245686
Ante Žižić,19-20,C,23.0,CLE,22.0,0.0,10.0,1.9,3.3,0.569,0.0,0.0,,1.9,3.3,0.569,0.569,0.6,0.9,0.737,0.8,2.2,3.0,0.3,0.3,0.2,0.5,1.2,4.4,2281800
Ivica Zubac,19-20,C,22.0,LAC,72.0,70.0,18.4,3.3,5.3,0.613,0.0,0.0,0.0,3.3,5.3,0.616,0.613,1.7,2.3,0.747,2.7,4.8,7.5,1.1,0.2,0.9,0.8,2.3,8.3,6481482
